<rss version="0.92">
    <channel>
        <title>ASF JIRA</title>
        <link>https://issues.apache.org/jira/issues/?jql=project+%3D+MATH+and+type+%3D+bug+and+%28status+%3D+RESOLVED+or+status+%3D+closed%29+and+resolution+%3D+Fixed+and+fixVersion+%21%3D+None++and+affectedVersion+%21%3D+None++and+affectedVersion+%21%3D+%22Nightly+Build%22</link>
        <description>An XML representation of a search request</description>
                <language>en-uk</language>
                        <issue start="0" end="335" total="335" />
                <build-info>
            <version>8.20.1</version>
            <build-number>820001</build-number>
            <build-date>28-10-2021</build-date>
        </build-info>

<item>
            <title>[MATH-929] MultivariateNormalDistribution.density(double[]) returns wrong value when the dimension is odd</title>
                <link>https://issues.apache.org/jira/browse/MATH-929</link>
                <project id="12310485" key="MATH">Commons Math</project>
                    <description>&lt;p&gt;To reproduce:&lt;/p&gt;
&lt;div class="code panel" style="border-width: 1px;"&gt;&lt;div class="codeContent panelContent"&gt;
&lt;pre class="code-java"&gt;Assert.assertEquals(0.398942280401433, &lt;span class="code-keyword"&gt;new&lt;/span&gt; MultivariateNormalDistribution(&lt;span class="code-keyword"&gt;new&lt;/span&gt; &lt;span class="code-object"&gt;double&lt;/span&gt;[]{0}, &lt;span class="code-keyword"&gt;new&lt;/span&gt; &lt;span class="code-object"&gt;double&lt;/span&gt;[][]{{1}}).density(&lt;span class="code-keyword"&gt;new&lt;/span&gt; &lt;span class="code-object"&gt;double&lt;/span&gt;[]{0}), 1e-15);
&lt;/pre&gt;
&lt;/div&gt;&lt;/div&gt;</description>
                <environment />
        <key id="12627633">MATH-929</key>
            <summary>MultivariateNormalDistribution.density(double[]) returns wrong value when the dimension is odd</summary>
                <type id="1" iconUrl="https://issues.apache.org/jira/secure/viewavatar?size=xsmall&amp;avatarId=21133&amp;avatarType=issuetype">Bug</type>
                                            <priority id="2" iconUrl="https://issues.apache.org/jira/images/icons/priorities/critical.svg">Critical</priority>
                        <status id="6" iconUrl="https://issues.apache.org/jira/images/icons/statuses/closed.png" description="The issue is considered finished, the resolution is correct. Issues which are not closed can be reopened.">Closed</status>
                    <statusCategory id="3" key="done" colorName="green" />
                                    <resolution id="1">Fixed</resolution>
                                        <assignee username="-1">Unassigned</assignee>
                                    <reporter username="wydrych">Piotr Wydrych</reporter>
                        <labels>
                    </labels>
                <created>Tue, 15 Jan 2013 11:45:28 +0000</created>
                <updated>Sun, 7 Apr 2013 09:18:39 +0000</updated>
                            <resolved>Tue, 15 Jan 2013 12:20:21 +0000</resolved>
                                    <version>3.1.1</version>
                                    <fixVersion>3.2</fixVersion>
                                        <due />
                            <votes>0</votes>
                                    <watches>3</watches>
                                                                <comments>
                            <comment id="13553719" author="erans" created="Tue, 15 Jan 2013 12:20:21 +0000">&lt;p&gt;Corrected in revision 1433367.&lt;/p&gt;

&lt;p&gt;Thanks a lot for the report and fix!&lt;/p&gt;

&lt;p&gt;A few weeks, Thomas wondered why using "0.5 * x" instead of "x / 2". That's an excellent reason... Unfortunately that instance slipped through my scanner &lt;img class="emoticon" src="https://issues.apache.org/jira/images/icons/emoticons/sad.png" height="16" width="16" align="absmiddle" alt="" border="0"/&gt;.&lt;/p&gt;</comment>
                            <comment id="13624824" author="luc" created="Sun, 7 Apr 2013 09:18:39 +0000">&lt;p&gt;Closing issue as version 3.2 has been released on 2013-04-06.&lt;/p&gt;</comment>
                    </comments>
                    <attachments>
                            <attachment id="12564913" name="MultivariateNormalDistribution.java.patch" size="719" author="wydrych" created="Tue, 15 Jan 2013 11:46:15 +0000" />
                    </attachments>
                <subtasks>
                    </subtasks>
                <customfields>
                                                                                                                                                                                                                                                                                                                                                                                                                                                                                                                                                                                                                                                                                                                    <customfield id="customfield_12314020" key="com.atlassian.jira.plugins.jira-development-integration-plugin:devsummary">
                        <customfieldname>Development</customfieldname>
                        <customfieldvalues>
                            
                        </customfieldvalues>
                    </customfield>
                                                                                                                        <customfield id="customfield_12313422" key="com.atlassian.jirafisheyeplugin:jobcheckbox">
                        <customfieldname>Enable Automatic Patch Review</customfieldname>
                        <customfieldvalues>
                            <customfieldvalue>false</customfieldvalue>

                        </customfieldvalues>
                    </customfield>
                                                                                                                                                                                                                                                                                                                                                                                                                                                                                                                                                                                                                                                <customfield id="customfield_12310420" key="com.pyxis.greenhopper.jira:gh-global-rank">
                        <customfieldname>Global Rank</customfieldname>
                        <customfieldvalues>
                            <customfieldvalue>304417</customfieldvalue>
                        </customfieldvalues>
                    </customfield>
                                                                                                                                                                                                                                                                                                                                                                                                                                                                        <customfield id="customfield_12311820" key="com.pyxis.greenhopper.jira:gh-lexo-rank">
                        <customfieldname>Rank</customfieldname>
                        <customfieldvalues>
                            <customfieldvalue>0|i17mdj:</customfieldvalue>

                        </customfieldvalues>
                    </customfield>
                                                                <customfield id="customfield_12310920" key="com.pyxis.greenhopper.jira:gh-global-rank">
                        <customfieldname>Rank (Obsolete)</customfieldname>
                        <customfieldvalues>
                            <customfieldvalue>252594</customfieldvalue>
                        </customfieldvalues>
                    </customfield>
                                                                                                                                                                                                                                                                                                                                                                                                                                                                                                                                                                                                                                                                                                                                                                                                                                                                                                            </customfields>
    </item>


</channel>
</rss>