<rss version="0.92">
    <channel>
        <title>ASF JIRA</title>
        <link>https://issues.apache.org/jira/issues/?jql=project+%3D+MATH+and+type+%3D+bug+and+%28status+%3D+RESOLVED+or+status+%3D+closed%29+and+resolution+%3D+Fixed+and+fixVersion+%21%3D+None++and+affectedVersion+%21%3D+None++and+affectedVersion+%21%3D+%22Nightly+Build%22</link>
        <description>An XML representation of a search request</description>
                <language>en-uk</language>
                        <issue start="0" end="335" total="335" />
                <build-info>
            <version>8.20.1</version>
            <build-number>820001</build-number>
            <build-date>28-10-2021</build-date>
        </build-info>

<item>
            <title>[MATH-1447] PolygonsSet does not handle intersecting infinite lines</title>
                <link>https://issues.apache.org/jira/browse/MATH-1447</link>
                <project id="12310485" key="MATH">Commons Math</project>
                    <description>&lt;p&gt;When created from boundaries consisting of two intersecting infinite lines, PolygonsSet.getVertices() throws an IndexOutOfBoundsException.&lt;/p&gt;

&lt;p&gt;&lt;tt&gt;Ex:&lt;/tt&gt;&lt;br/&gt;
 &lt;tt&gt;Line line1 = new Line(new Cartesian2D(0, 0), new Cartesian2D(1, 1), 1e-10);&lt;/tt&gt;&lt;br/&gt;
 &lt;tt&gt;Line line2 = new Line(new Cartesian2D(1, -1), new Cartesian2D(0, 0), 1e-10);&lt;/tt&gt;&lt;/p&gt;

&lt;p&gt;&lt;tt&gt;List&amp;lt;SubHyperplane&amp;lt;Euclidean2D&amp;gt;&amp;gt; boundaries = new ArrayList&amp;lt;&amp;gt;();&lt;/tt&gt;&lt;br/&gt;
 &lt;tt&gt;boundaries.add(line1.wholeHyperplane());&lt;/tt&gt;&lt;br/&gt;
 &lt;tt&gt;boundaries.add(line2.wholeHyperplane());&lt;/tt&gt;&lt;/p&gt;

&lt;p&gt;&lt;tt&gt;PolygonsSet poly = new PolygonsSet(boundaries, 1e-10);&lt;/tt&gt;&lt;/p&gt;

&lt;p&gt;&lt;tt&gt;poly.getVertices(); // throws exception&lt;/tt&gt;&lt;/p&gt;

&lt;p&gt;&#160;&lt;/p&gt;

&lt;p&gt;Pull request: &lt;a href="https://github.com/apache/commons-math/pull/78" class="external-link" target="_blank" rel="nofollow noopener"&gt;https://github.com/apache/commons-math/pull/78&lt;/a&gt;&lt;/p&gt;</description>
                <environment />
        <key id="13135675">MATH-1447</key>
            <summary>PolygonsSet does not handle intersecting infinite lines</summary>
                <type id="1" iconUrl="https://issues.apache.org/jira/secure/viewavatar?size=xsmall&amp;avatarId=21133&amp;avatarType=issuetype">Bug</type>
                                            <priority id="3" iconUrl="https://issues.apache.org/jira/images/icons/priorities/major.svg">Major</priority>
                        <status id="5" iconUrl="https://issues.apache.org/jira/images/icons/statuses/resolved.png" description="A resolution has been taken, and it is awaiting verification by reporter. From here issues are either reopened, or are closed.">Resolved</status>
                    <statusCategory id="3" key="done" colorName="green" />
                                    <resolution id="1">Fixed</resolution>
                                        <assignee username="-1">Unassigned</assignee>
                                    <reporter username="mattjuntunen">Matt Juntunen</reporter>
                        <labels>
                    </labels>
                <created>Fri, 2 Feb 2018 03:55:21 +0000</created>
                <updated>Fri, 2 Feb 2018 16:54:36 +0000</updated>
                            <resolved>Fri, 2 Feb 2018 16:54:36 +0000</resolved>
                                    <version>4.0</version>
                    <version>3.5</version>
                    <version>3.6</version>
                                    <fixVersion>4.0</fixVersion>
                                        <due />
                            <votes>0</votes>
                                    <watches>1</watches>
                                                                <comments>
                            <comment id="16350644" author="erans" created="Fri, 2 Feb 2018 16:54:36 +0000">&lt;p&gt;commit a37dcb93bed20ee302526473a9653f6cb5ae51a1&lt;/p&gt;</comment>
                    </comments>
                    <attachments>
                    </attachments>
                <subtasks>
                    </subtasks>
                <customfields>
                                                                                                                                                                                                                                                                                                                                                                                                                                                                                                                                                                                                                                                                                                                    <customfield id="customfield_12314020" key="com.atlassian.jira.plugins.jira-development-integration-plugin:devsummary">
                        <customfieldname>Development</customfieldname>
                        <customfieldvalues>
                            
                        </customfieldvalues>
                    </customfield>
                                                                                                                        <customfield id="customfield_12313422" key="com.atlassian.jirafisheyeplugin:jobcheckbox">
                        <customfieldname>Enable Automatic Patch Review</customfieldname>
                        <customfieldvalues>
                            <customfieldvalue>false</customfieldvalue>

                        </customfieldvalues>
                    </customfield>
                                                                                                                                                                                                                                                                                                                                                                                                                                                                                                                                                                                                                                                <customfield id="customfield_12310420" key="com.pyxis.greenhopper.jira:gh-global-rank">
                        <customfieldname>Global Rank</customfieldname>
                        <customfieldvalues>
                            <customfieldvalue>9223372036854775807</customfieldvalue>
                        </customfieldvalues>
                    </customfield>
                                                                                                                                                                                                                                                                                                                                                                                                                                                                        <customfield id="customfield_12311820" key="com.pyxis.greenhopper.jira:gh-lexo-rank">
                        <customfieldname>Rank</customfieldname>
                        <customfieldvalues>
                            <customfieldvalue>0|i3pp3j:</customfieldvalue>

                        </customfieldvalues>
                    </customfield>
                                                                <customfield id="customfield_12310920" key="com.pyxis.greenhopper.jira:gh-global-rank">
                        <customfieldname>Rank (Obsolete)</customfieldname>
                        <customfieldvalues>
                            <customfieldvalue>9223372036854775807</customfieldvalue>
                        </customfieldvalues>
                    </customfield>
                                                                                                                                                                                                                                                                                                                                                                                                                                                                                                                                                                                                                                                                                                                                                                                                                                                                                                            </customfields>
    </item>


</channel>
</rss>