<rss version="0.92">
    <channel>
        <title>ASF JIRA</title>
        <link>https://issues.apache.org/jira/issues/?jql=project+%3D+MATH+and+type+%3D+bug+and+%28status+%3D+RESOLVED+or+status+%3D+closed%29+and+resolution+%3D+Fixed+and+fixVersion+%21%3D+None++and+affectedVersion+%21%3D+None++and+affectedVersion+%21%3D+%22Nightly+Build%22</link>
        <description>An XML representation of a search request</description>
                <language>en-uk</language>
                        <issue start="0" end="335" total="335" />
                <build-info>
            <version>8.20.1</version>
            <build-number>820001</build-number>
            <build-date>28-10-2021</build-date>
        </build-info>

<item>
            <title>[MATH-1149] unsafe initialization in DummyStepInterpolator</title>
                <link>https://issues.apache.org/jira/browse/MATH-1149</link>
                <project id="12310485" key="MATH">Commons Math</project>
                    <description>&lt;div class="code panel" style="border-style: solid;border-width: 1px;"&gt;&lt;div class="codeHeader panelHeader" style="border-bottom-width: 1px;border-bottom-style: solid;"&gt;&lt;b&gt;DummyStepInterpolator.java&lt;/b&gt;&lt;/div&gt;&lt;div class="codeContent panelContent"&gt;
&lt;pre class="code-java"&gt;  &lt;span class="code-keyword"&gt;public&lt;/span&gt; DummyStepInterpolator(&lt;span class="code-keyword"&gt;final&lt;/span&gt; DummyStepInterpolator interpolator) {
    &lt;span class="code-keyword"&gt;super&lt;/span&gt;(interpolator);
    currentDerivative = interpolator.currentDerivative.clone();
  }
   @Override
  &lt;span class="code-keyword"&gt;protected&lt;/span&gt; StepInterpolator doCopy() {
    &lt;span class="code-keyword"&gt;return&lt;/span&gt; &lt;span class="code-keyword"&gt;new&lt;/span&gt; DummyStepInterpolator(&lt;span class="code-keyword"&gt;this&lt;/span&gt;);
  }
&lt;/pre&gt;
&lt;/div&gt;&lt;/div&gt;

&lt;p&gt;A constructor in DummyStepInterpolator dereferences a field of the parameter, but a NullPointerException can occur during a call to doCopy().&lt;/p&gt;

&lt;div class="code panel" style="border-style: solid;border-width: 1px;"&gt;&lt;div class="codeHeader panelHeader" style="border-bottom-width: 1px;border-bottom-style: solid;"&gt;&lt;b&gt;Test.java&lt;/b&gt;&lt;/div&gt;&lt;div class="codeContent panelContent"&gt;
&lt;pre class="code-java"&gt;&lt;span class="code-keyword"&gt;public&lt;/span&gt; void test1() &lt;span class="code-keyword"&gt;throws&lt;/span&gt; Throwable {
  DummyStepInterpolator var0 = &lt;span class="code-keyword"&gt;new&lt;/span&gt; DummyStepInterpolator();
  var0.copy();
}
&lt;/pre&gt;
&lt;/div&gt;&lt;/div&gt;

&lt;p&gt;Here in Test.java, a NPE occurs because copy() calls doCopy() which calls  DummyStepInterpolator(final DummyStepInterpolator) that passes var0 as an argument.&lt;/p&gt;

&lt;p&gt;I think this constructor should have a null check for  interpolator.currentDerivative like NordsieckStepInterpolator does.&lt;/p&gt;

&lt;div class="code panel" style="border-style: solid;border-width: 1px;"&gt;&lt;div class="codeHeader panelHeader" style="border-bottom-width: 1px;border-bottom-style: solid;"&gt;&lt;b&gt;NordsieckStepInterpolator.java&lt;/b&gt;&lt;/div&gt;&lt;div class="codeContent panelContent"&gt;
&lt;pre class="code-java"&gt;    &lt;span class="code-keyword"&gt;public&lt;/span&gt; NordsieckStepInterpolator(&lt;span class="code-keyword"&gt;final&lt;/span&gt; NordsieckStepInterpolator interpolator) {
        &lt;span class="code-keyword"&gt;super&lt;/span&gt;(interpolator);
        scalingH      = interpolator.scalingH;
        referenceTime = interpolator.referenceTime;
        &lt;span class="code-keyword"&gt;if&lt;/span&gt; (interpolator.scaled != &lt;span class="code-keyword"&gt;null&lt;/span&gt;) {
            scaled = interpolator.scaled.clone();
        }
        &lt;span class="code-keyword"&gt;if&lt;/span&gt; (interpolator.nordsieck != &lt;span class="code-keyword"&gt;null&lt;/span&gt;) {
            nordsieck = &lt;span class="code-keyword"&gt;new&lt;/span&gt; Array2DRowRealMatrix(interpolator.nordsieck.getDataRef(), &lt;span class="code-keyword"&gt;true&lt;/span&gt;);
        }
        &lt;span class="code-keyword"&gt;if&lt;/span&gt; (interpolator.stateVariation != &lt;span class="code-keyword"&gt;null&lt;/span&gt;) {
            stateVariation = interpolator.stateVariation.clone();
        }
    }

    @Override
    &lt;span class="code-keyword"&gt;protected&lt;/span&gt; StepInterpolator doCopy() {
        &lt;span class="code-keyword"&gt;return&lt;/span&gt; &lt;span class="code-keyword"&gt;new&lt;/span&gt; NordsieckStepInterpolator(&lt;span class="code-keyword"&gt;this&lt;/span&gt;);
    }
&lt;/pre&gt;
&lt;/div&gt;&lt;/div&gt;</description>
                <environment />
        <key id="12736040">MATH-1149</key>
            <summary>unsafe initialization in DummyStepInterpolator</summary>
                <type id="1" iconUrl="https://issues.apache.org/jira/secure/viewavatar?size=xsmall&amp;avatarId=21133&amp;avatarType=issuetype">Bug</type>
                                            <priority id="3" iconUrl="https://issues.apache.org/jira/images/icons/priorities/major.svg">Major</priority>
                        <status id="6" iconUrl="https://issues.apache.org/jira/images/icons/statuses/closed.png" description="The issue is considered finished, the resolution is correct. Issues which are not closed can be reopened.">Closed</status>
                    <statusCategory id="3" key="done" colorName="green" />
                                    <resolution id="1">Fixed</resolution>
                                        <assignee username="-1">Unassigned</assignee>
                                    <reporter username="mjkim0324">M Kim</reporter>
                        <labels>
                    </labels>
                <created>Fri, 22 Aug 2014 11:35:51 +0000</created>
                <updated>Fri, 26 Dec 2014 19:50:50 +0000</updated>
                            <resolved>Sat, 13 Sep 2014 15:37:02 +0000</resolved>
                                    <version>3.3</version>
                                    <fixVersion>3.4</fixVersion>
                                        <due />
                            <votes>0</votes>
                                    <watches>1</watches>
                                                                <comments>
                            <comment id="14132794" author="tn" created="Sat, 13 Sep 2014 15:37:03 +0000">&lt;p&gt;Fixed in r1624752.&lt;/p&gt;

&lt;p&gt;Thanks for the report!&lt;/p&gt;</comment>
                    </comments>
                    <attachments>
                    </attachments>
                <subtasks>
                    </subtasks>
                <customfields>
                                                                                                                                                                                                                                                                                                                                                                                                                                                                                                                                                                                                                                                                                                                    <customfield id="customfield_12314020" key="com.atlassian.jira.plugins.jira-development-integration-plugin:devsummary">
                        <customfieldname>Development</customfieldname>
                        <customfieldvalues>
                            
                        </customfieldvalues>
                    </customfield>
                                                                                                                        <customfield id="customfield_12313422" key="com.atlassian.jirafisheyeplugin:jobcheckbox">
                        <customfieldname>Enable Automatic Patch Review</customfieldname>
                        <customfieldvalues>
                            <customfieldvalue>false</customfieldvalue>

                        </customfieldvalues>
                    </customfield>
                                                                                                                                                                                                                                                                                                                                                                                                                                                                                                                                                                                                                                                <customfield id="customfield_12310420" key="com.pyxis.greenhopper.jira:gh-global-rank">
                        <customfieldname>Global Rank</customfieldname>
                        <customfieldvalues>
                            <customfieldvalue>9223372036854775807</customfieldvalue>
                        </customfieldvalues>
                    </customfield>
                                                                                                                                                                                                                                                                                                                                                                                                                                                                        <customfield id="customfield_12311820" key="com.pyxis.greenhopper.jira:gh-lexo-rank">
                        <customfieldname>Rank</customfieldname>
                        <customfieldvalues>
                            <customfieldvalue>0|i1z86f:</customfieldvalue>

                        </customfieldvalues>
                    </customfield>
                                                                <customfield id="customfield_12310920" key="com.pyxis.greenhopper.jira:gh-global-rank">
                        <customfieldname>Rank (Obsolete)</customfieldname>
                        <customfieldvalues>
                            <customfieldvalue>9223372036854775807</customfieldvalue>
                        </customfieldvalues>
                    </customfield>
                                                                                                                                                                                                                                                                                                                                                                                                                                                                                                                                                                                                                                                                                                                                                                                                                                                                                                            </customfields>
    </item>


</channel>
</rss>