<rss version="0.92">
    <channel>
        <title>ASF JIRA</title>
        <link>https://issues.apache.org/jira/issues/?jql=project+%3D+MATH+and+type+%3D+bug+and+%28status+%3D+RESOLVED+or+status+%3D+closed%29+and+resolution+%3D+Fixed+and+fixVersion+%21%3D+None++and+affectedVersion+%21%3D+None++and+affectedVersion+%21%3D+%22Nightly+Build%22</link>
        <description>An XML representation of a search request</description>
                <language>en-uk</language>
                        <issue start="0" end="335" total="335" />
                <build-info>
            <version>8.20.1</version>
            <build-number>820001</build-number>
            <build-date>28-10-2021</build-date>
        </build-info>

<item>
            <title>[MATH-1033] Kalman filter does not work if covarance matrix is not of dimension 1</title>
                <link>https://issues.apache.org/jira/browse/MATH-1033</link>
                <project id="12310485" key="MATH">Commons Math</project>
                    <description>&lt;p&gt;In org.apache.commons.math3.filter.KalmanFilter,&lt;/p&gt;

&lt;p&gt;The check below doesn't look right, it reques measNoise's column dimension to be 1 at all time.&lt;/p&gt;

&lt;p&gt;// row dimension of R must be equal to row dimension of H&lt;br/&gt;
        if (measNoise.getRowDimension() != measurementMatrix.getRowDimension() ||&lt;br/&gt;
            measNoise.getColumnDimension() != 1) &lt;/p&gt;
{
            throw new MatrixDimensionMismatchException(measNoise.getRowDimension(),
                                                       measNoise.getColumnDimension(),
                                                       measurementMatrix.getRowDimension(), 1);
        }</description>
                <environment />
        <key id="12667131">MATH-1033</key>
            <summary>Kalman filter does not work if covarance matrix is not of dimension 1</summary>
                <type id="1" iconUrl="https://issues.apache.org/jira/secure/viewavatar?size=xsmall&amp;avatarId=21133&amp;avatarType=issuetype">Bug</type>
                                            <priority id="3" iconUrl="https://issues.apache.org/jira/images/icons/priorities/major.svg">Major</priority>
                        <status id="6" iconUrl="https://issues.apache.org/jira/images/icons/statuses/closed.png" description="The issue is considered finished, the resolution is correct. Issues which are not closed can be reopened.">Closed</status>
                    <statusCategory id="3" key="done" colorName="green" />
                                    <resolution id="1">Fixed</resolution>
                                        <assignee username="-1">Unassigned</assignee>
                                    <reporter username="abyssqu">Yuan Qu</reporter>
                        <labels>
                    </labels>
                <created>Thu, 5 Sep 2013 16:15:43 +0000</created>
                <updated>Mon, 19 May 2014 15:13:27 +0000</updated>
                            <resolved>Fri, 11 Oct 2013 21:39:29 +0000</resolved>
                                    <version>3.2</version>
                                    <fixVersion>3.3</fixVersion>
                                        <due />
                            <votes>0</votes>
                                    <watches>2</watches>
                                                                <comments>
                            <comment id="13760024" author="tn" created="Fri, 6 Sep 2013 07:44:21 +0000">&lt;p&gt;Hmm, this looks indeed wrong as the measurement noise is supposed to be a matrix. I can not remember again why this check has been put there but will investigate.&lt;/p&gt;</comment>
                            <comment id="13793065" author="tn" created="Fri, 11 Oct 2013 21:39:29 +0000">&lt;p&gt;Fixed in r1531430.&lt;/p&gt;

&lt;p&gt;Thanks for the report.&lt;/p&gt;</comment>
                            <comment id="14001820" author="luc" created="Mon, 19 May 2014 15:13:27 +0000">&lt;p&gt;Closing all resolved issue now available in released 3.3 version.&lt;/p&gt;</comment>
                    </comments>
                    <attachments>
                    </attachments>
                <subtasks>
                    </subtasks>
                <customfields>
                                                                                                                                                                                                                                                                                                                                                                                                                                                                                                                                                                                                                                                                                                                    <customfield id="customfield_12314020" key="com.atlassian.jira.plugins.jira-development-integration-plugin:devsummary">
                        <customfieldname>Development</customfieldname>
                        <customfieldvalues>
                            
                        </customfieldvalues>
                    </customfield>
                                                                                                                        <customfield id="customfield_12313422" key="com.atlassian.jirafisheyeplugin:jobcheckbox">
                        <customfieldname>Enable Automatic Patch Review</customfieldname>
                        <customfieldvalues>
                            <customfieldvalue>false</customfieldvalue>

                        </customfieldvalues>
                    </customfield>
                                                                                                                                                                                                                                                                                                                                                                                                                                                                                                                                                                                                                                                <customfield id="customfield_12310420" key="com.pyxis.greenhopper.jira:gh-global-rank">
                        <customfieldname>Global Rank</customfieldname>
                        <customfieldvalues>
                            <customfieldvalue>347068</customfieldvalue>
                        </customfieldvalues>
                    </customfield>
                                                                                                                                                                                                                                                                                                                                                                                                                                                                        <customfield id="customfield_12311820" key="com.pyxis.greenhopper.jira:gh-lexo-rank">
                        <customfieldname>Rank</customfieldname>
                        <customfieldvalues>
                            <customfieldvalue>0|i1nuiv:</customfieldvalue>

                        </customfieldvalues>
                    </customfield>
                                                                <customfield id="customfield_12310920" key="com.pyxis.greenhopper.jira:gh-global-rank">
                        <customfieldname>Rank (Obsolete)</customfieldname>
                        <customfieldvalues>
                            <customfieldvalue>347367</customfieldvalue>
                        </customfieldvalues>
                    </customfield>
                                                                                                                                                                                                                                                                                                                                                                                                                                                                                                                                                                                                                                                                                                                                                                                                                                                                                                            </customfields>
    </item>


</channel>
</rss>