<rss version="0.92">
    <channel>
        <title>ASF JIRA</title>
        <link>https://issues.apache.org/jira/issues/?jql=project+%3D+MATH+and+type+%3D+bug+and+%28status+%3D+RESOLVED+or+status+%3D+closed%29+and+resolution+%3D+Fixed+and+fixVersion+%21%3D+None++and+affectedVersion+%21%3D+None++and+affectedVersion+%21%3D+%22Nightly+Build%22</link>
        <description>An XML representation of a search request</description>
                <language>en-uk</language>
                        <issue start="0" end="335" total="335" />
                <build-info>
            <version>8.20.1</version>
            <build-number>820001</build-number>
            <build-date>28-10-2021</build-date>
        </build-info>

<item>
            <title>[MATH-584] KMeansPlusPlusClusterer incorrectly selects initial cluster centers and is unnecessarily slow</title>
                <link>https://issues.apache.org/jira/browse/MATH-584</link>
                <project id="12310485" key="MATH">Commons Math</project>
                    <description>&lt;p&gt;The chooseInitialClusters() method declares sum as an int, when it should be double.  It also is quite slow because it contains a lot of unnecessary computation.  I'll attached a patch which corrects the problems.&lt;/p&gt;

&lt;p&gt;I found the problems while comparing an optimized implementation of KMeans++ I've been working on with the one in commons math. &lt;/p&gt;
</description>
                <environment>&lt;p&gt;All environments&lt;/p&gt;</environment>
        <key id="12508995">MATH-584</key>
            <summary>KMeansPlusPlusClusterer incorrectly selects initial cluster centers and is unnecessarily slow</summary>
                <type id="1" iconUrl="https://issues.apache.org/jira/secure/viewavatar?size=xsmall&amp;avatarId=21133&amp;avatarType=issuetype">Bug</type>
                                            <priority id="3" iconUrl="https://issues.apache.org/jira/images/icons/priorities/major.svg">Major</priority>
                        <status id="6" iconUrl="https://issues.apache.org/jira/images/icons/statuses/closed.png" description="The issue is considered finished, the resolution is correct. Issues which are not closed can be reopened.">Closed</status>
                    <statusCategory id="3" key="done" colorName="green" />
                                    <resolution id="1">Fixed</resolution>
                                        <assignee username="-1">Unassigned</assignee>
                                    <reporter username="drrandys">Randall Scarberry</reporter>
                        <labels>
                            <label>cluster</label>
                            <label>clustering</label>
                    </labels>
                <created>Wed, 1 Jun 2011 16:50:27 +0000</created>
                <updated>Sat, 24 Mar 2012 16:16:53 +0000</updated>
                            <resolved>Sun, 5 Jun 2011 16:28:48 +0000</resolved>
                                    <version>2.2</version>
                                    <fixVersion>3.0</fixVersion>
                                        <due />
                            <votes>0</votes>
                                    <watches>0</watches>
                                                                <comments>
                            <comment id="13042283" author="drrandys" created="Wed, 1 Jun 2011 16:53:15 +0000">&lt;p&gt;Patch file for correcting KMeansPlusPlusClusterer&lt;/p&gt;</comment>
                            <comment id="13042333" author="drrandys" created="Wed, 1 Jun 2011 18:09:49 +0000">&lt;p&gt;Noticed that one of the KMeanPlusPlusClusterer tests got caught in an infinite loop with my patched version, because of extremely small distances.  &lt;/p&gt;

&lt;p&gt;Apply this patch instead &amp;#8211; it ensures an exit from the while loop.&lt;/p&gt;</comment>
                            <comment id="13044570" author="luc" created="Sun, 5 Jun 2011 16:28:48 +0000">&lt;p&gt;Fixed in subversion repository as of r1132448.&lt;/p&gt;

&lt;p&gt;Thanks for the report and for the patch.&lt;/p&gt;</comment>
                    </comments>
                    <attachments>
                            <attachment id="12481120" name="kmeans_plus_plus.patch" size="6475" author="drrandys" created="Wed, 1 Jun 2011 18:09:49 +0000" />
                            <attachment id="12481109" name="kmeans_plus_plus.patch" size="5646" author="drrandys" created="Wed, 1 Jun 2011 16:53:15 +0000" />
                    </attachments>
                <subtasks>
                    </subtasks>
                <customfields>
                                                                                                                                                                                                                                                                                                                                                                                                                                                                                                                                                                                                                                                                                                                    <customfield id="customfield_12314020" key="com.atlassian.jira.plugins.jira-development-integration-plugin:devsummary">
                        <customfieldname>Development</customfieldname>
                        <customfieldvalues>
                            
                        </customfieldvalues>
                    </customfield>
                                                                                                                        <customfield id="customfield_12313422" key="com.atlassian.jirafisheyeplugin:jobcheckbox">
                        <customfieldname>Enable Automatic Patch Review</customfieldname>
                        <customfieldvalues>
                            <customfieldvalue>false</customfieldvalue>

                        </customfieldvalues>
                    </customfield>
                                                                                                                                                                                                                                                                                                                                                                                                                                                                                                                                                                                                                                                <customfield id="customfield_12310420" key="com.pyxis.greenhopper.jira:gh-global-rank">
                        <customfieldname>Global Rank</customfieldname>
                        <customfieldvalues>
                            <customfieldvalue>71902</customfieldvalue>
                        </customfieldvalues>
                    </customfield>
                                                                                                                                                                                                                                                                                                                                                                                                                                                                        <customfield id="customfield_12311820" key="com.pyxis.greenhopper.jira:gh-lexo-rank">
                        <customfieldname>Rank</customfieldname>
                        <customfieldvalues>
                            <customfieldvalue>0|i0rtmf:</customfieldvalue>

                        </customfieldvalues>
                    </customfield>
                                                                <customfield id="customfield_12310920" key="com.pyxis.greenhopper.jira:gh-global-rank">
                        <customfieldname>Rank (Obsolete)</customfieldname>
                        <customfieldvalues>
                            <customfieldvalue>160443</customfieldvalue>
                        </customfieldvalues>
                    </customfield>
                                                                                                                                                                                                                                                                                                                                                                                                                                                                                                                                                                                                                                                                                                                                                                                                                                                                                                            </customfields>
    </item>


</channel>
</rss>