<rss version="0.92">
    <channel>
        <title>ASF JIRA</title>
        <link>https://issues.apache.org/jira/issues/?jql=project+%3D+MATH+and+type+%3D+bug+and+%28status+%3D+RESOLVED+or+status+%3D+closed%29+and+resolution+%3D+Fixed+and+fixVersion+%21%3D+None++and+affectedVersion+%21%3D+None++and+affectedVersion+%21%3D+%22Nightly+Build%22</link>
        <description>An XML representation of a search request</description>
                <language>en-uk</language>
                        <issue start="0" end="335" total="335" />
                <build-info>
            <version>8.20.1</version>
            <build-number>820001</build-number>
            <build-date>28-10-2021</build-date>
        </build-info>

<item>
            <title>[MATH-306] Method 'divide' in class 'Complex' uses a false formula for a special case resulting in erroneous division by zero.</title>
                <link>https://issues.apache.org/jira/browse/MATH-306</link>
                <project id="12310485" key="MATH">Commons Math</project>
                    <description>&lt;p&gt;The formula that 'divide' wants to implement is&lt;/p&gt;

&lt;p&gt;( a + bi )  /  ( c + di )  =  ( ac + bd + ( bc - ad ) i )  /  ( c^2 + d^2 )&lt;/p&gt;

&lt;p&gt;as correctly written in the description.&lt;/p&gt;

&lt;p&gt;When c == 0.0 this leads to the special case&lt;/p&gt;

&lt;p&gt;( a + bi )  /  di  = ( b / d ) - ( a / d ) i&lt;/p&gt;

&lt;p&gt;But the corresponding code is:&lt;/p&gt;

&lt;p&gt;if (c == 0.0) {&lt;br/&gt;
    return createComplex(imaginary/d, -real/c);&lt;br/&gt;
}&lt;/p&gt;

&lt;p&gt;The bug is the last division -real/c, which should obviously be -real/d.&lt;/p&gt;</description>
                <environment>&lt;p&gt;all&lt;/p&gt;</environment>
        <key id="12438998">MATH-306</key>
            <summary>Method 'divide' in class 'Complex' uses a false formula for a special case resulting in erroneous division by zero.</summary>
                <type id="1" iconUrl="https://issues.apache.org/jira/secure/viewavatar?size=xsmall&amp;avatarId=21133&amp;avatarType=issuetype">Bug</type>
                                            <priority id="3" iconUrl="https://issues.apache.org/jira/images/icons/priorities/major.svg">Major</priority>
                        <status id="6" iconUrl="https://issues.apache.org/jira/images/icons/statuses/closed.png" description="The issue is considered finished, the resolution is correct. Issues which are not closed can be reopened.">Closed</status>
                    <statusCategory id="3" key="done" colorName="green" />
                                    <resolution id="1">Fixed</resolution>
                                        <assignee username="-1">Unassigned</assignee>
                                    <reporter username="bowman2001">Joerg Huber</reporter>
                        <labels>
                    </labels>
                <created>Sat, 24 Oct 2009 14:23:13 +0000</created>
                <updated>Wed, 14 Apr 2010 00:05:17 +0000</updated>
                            <resolved>Tue, 27 Oct 2009 01:33:42 +0000</resolved>
                                    <version>1.1</version>
                    <version>1.2</version>
                    <version>2.0</version>
                                    <fixVersion>2.1</fixVersion>
                                        <due />
                            <votes>0</votes>
                                    <watches>0</watches>
                                                                <comments>
                            <comment id="12769657" author="bowman2001" created="Sat, 24 Oct 2009 14:31:19 +0000">&lt;p&gt;Other layout and an additional formula conversion for better readability&lt;/p&gt;</comment>
                            <comment id="12769670" author="psteitz" created="Sat, 24 Oct 2009 15:39:35 +0000">&lt;p&gt;Thanks for reviewing the code.&lt;/p&gt;

&lt;p&gt;The code is misleading, but should not lead to incorrect results.  The line you refer to above is actually in a block that will never get executed - so should be deleted.&lt;/p&gt;
 &lt;div class="code panel" style="border-width: 1px;"&gt;&lt;div class="codeContent panelContent"&gt;
&lt;pre class="code-java"&gt;        &lt;span class="code-keyword"&gt;if&lt;/span&gt; (&lt;span class="code-object"&gt;Math&lt;/span&gt;.abs(c) &amp;lt; &lt;span class="code-object"&gt;Math&lt;/span&gt;.abs(d)) {
            &lt;span class="code-keyword"&gt;if&lt;/span&gt; (d == 0.0) {  &amp;lt;---- impossible to have abs(c) &amp;lt; 0
                &lt;span class="code-keyword"&gt;return&lt;/span&gt; createComplex(real/c, imaginary/c);
            }
            &lt;span class="code-object"&gt;double&lt;/span&gt; q = c / d;
            &lt;span class="code-object"&gt;double&lt;/span&gt; denominator = c * q + d;
            &lt;span class="code-keyword"&gt;return&lt;/span&gt; createComplex((real * q + imaginary) / denominator,
                (imaginary * q - real) / denominator);
        } &lt;span class="code-keyword"&gt;else&lt;/span&gt; {
            &lt;span class="code-keyword"&gt;if&lt;/span&gt; (c == 0.0) {  &amp;lt;-- to get here, we need c = d = 0,  but &lt;span class="code-keyword"&gt;this&lt;/span&gt; is handled above.
                &lt;span class="code-keyword"&gt;return&lt;/span&gt; createComplex(imaginary/d, -real/c);  &amp;lt;-- incorrect fmla is harmless because never executed.
            }
&lt;/pre&gt;
&lt;/div&gt;&lt;/div&gt;


&lt;p&gt;Interesting that static analyzers did not catch this as dead code.  Unless I am missing something, both of the if(* == 0) tests in the block above can be removed (with no effect on results).&lt;/p&gt;

&lt;p&gt;Appreciate comments on this, but leaning toward code cleanup and closing as invalid.&lt;/p&gt;</comment>
                            <comment id="12769675" author="bowman2001" created="Sat, 24 Oct 2009 16:15:18 +0000">&lt;p&gt;Yes, it looks like a twofold check for an already solved problem. By splitting the code up for the two cases&lt;br/&gt;
1. Math.abs(c) &amp;lt; Math.abs(d) &lt;br/&gt;
2. the other way around&lt;br/&gt;
the denominator of q is always non-zero, which would habe been a problem and may have been the reason to apply those extra checks.&lt;/p&gt;

&lt;p&gt;The special cases c = 0 and d = 0 lead always to q = 0, in the respective code parts. &lt;br/&gt;
Which is no problem, because there is no division by q. &lt;br/&gt;
Effective code, if the extra checks are omitted.&lt;/p&gt;

&lt;p&gt;Thank you Phil, I encourage the code cleanup you proposed.&lt;/p&gt;</comment>
                            <comment id="12769679" author="psteitz" created="Sat, 24 Oct 2009 17:10:21 +0000">&lt;p&gt;Thanks, and thanks again for reviewing the code.   We really appreciate that.&lt;/p&gt;</comment>
                            <comment id="12770352" author="psteitz" created="Tue, 27 Oct 2009 01:33:42 +0000">&lt;p&gt;Removed dead code in r830044.&lt;/p&gt;</comment>
                    </comments>
                    <attachments>
                    </attachments>
                <subtasks>
                    </subtasks>
                <customfields>
                                                                                                                                                                                                                                                                                                                                                                                                                                                                                                                                                                                                                                                                                                                    <customfield id="customfield_12314020" key="com.atlassian.jira.plugins.jira-development-integration-plugin:devsummary">
                        <customfieldname>Development</customfieldname>
                        <customfieldvalues>
                            
                        </customfieldvalues>
                    </customfield>
                                                                                                                        <customfield id="customfield_12313422" key="com.atlassian.jirafisheyeplugin:jobcheckbox">
                        <customfieldname>Enable Automatic Patch Review</customfieldname>
                        <customfieldvalues>
                            <customfieldvalue>false</customfieldvalue>

                        </customfieldvalues>
                    </customfield>
                                                                                                                                                                                                                                                                                                                                                                                                                                                                                                                                                                                                                                                <customfield id="customfield_12310420" key="com.pyxis.greenhopper.jira:gh-global-rank">
                        <customfieldname>Global Rank</customfieldname>
                        <customfieldvalues>
                            <customfieldvalue>150489</customfieldvalue>
                        </customfieldvalues>
                    </customfield>
                                                                                                                                                                                                                                                                                                                                                                                                                                                                        <customfield id="customfield_12311820" key="com.pyxis.greenhopper.jira:gh-lexo-rank">
                        <customfieldname>Rank</customfieldname>
                        <customfieldvalues>
                            <customfieldvalue>0|i0rv9r:</customfieldvalue>

                        </customfieldvalues>
                    </customfield>
                                                                <customfield id="customfield_12310920" key="com.pyxis.greenhopper.jira:gh-global-rank">
                        <customfieldname>Rank (Obsolete)</customfieldname>
                        <customfieldvalues>
                            <customfieldvalue>160710</customfieldvalue>
                        </customfieldvalues>
                    </customfield>
                                                                                                                                                                                                                                                                                                                                                                                                                                                                                                                                                                                                                                                                                                                                                                                                                                                                                                            </customfields>
    </item>


</channel>
</rss>