<rss version="0.92">
    <channel>
        <title>ASF JIRA</title>
        <link>https://issues.apache.org/jira/issues/?jql=project+%3D+MATH+and+type+%3D+bug+and+%28status+%3D+RESOLVED+or+status+%3D+closed%29+and+resolution+%3D+Fixed+and+fixVersion+%21%3D+None++and+affectedVersion+%21%3D+None++and+affectedVersion+%21%3D+%22Nightly+Build%22</link>
        <description>An XML representation of a search request</description>
                <language>en-uk</language>
                        <issue start="0" end="335" total="335" />
                <build-info>
            <version>8.20.1</version>
            <build-number>820001</build-number>
            <build-date>28-10-2021</build-date>
        </build-info>

<item>
            <title>[MATH-554] Vector3D.crossProduct is sensitive to numerical cancellation</title>
                <link>https://issues.apache.org/jira/browse/MATH-554</link>
                <project id="12310485" key="MATH">Commons Math</project>
                    <description>&lt;p&gt;Cross product implementation uses the naive formulas (y1 z2 - y2 z1, ...). These formulas fail when vectors are almost colinear, like in the following example:&lt;/p&gt;
&lt;div class="code panel" style="border-width: 1px;"&gt;&lt;div class="codeContent panelContent"&gt;
&lt;pre class="code-java"&gt;Vector3D v1 = &lt;span class="code-keyword"&gt;new&lt;/span&gt; Vector3D(9070467121.0, 4535233560.0, 1);
Vector3D v2 = &lt;span class="code-keyword"&gt;new&lt;/span&gt; Vector3D(9070467123.0, 4535233561.0, 1);
&lt;span class="code-object"&gt;System&lt;/span&gt;.out.println(Vector3D.crossProduct(v1, v2));
&lt;/pre&gt;
&lt;/div&gt;&lt;/div&gt;

&lt;p&gt;The previous code displays &lt;/p&gt;
{ -1, 2, 0 }
&lt;p&gt; instead of the correct answer &lt;/p&gt;
{ -1, 2, 1 }</description>
                <environment>&lt;p&gt;Linux, Sun JDK 1.5.0.22&lt;/p&gt;</environment>
        <key id="12503224">MATH-554</key>
            <summary>Vector3D.crossProduct is sensitive to numerical cancellation</summary>
                <type id="1" iconUrl="https://issues.apache.org/jira/secure/viewavatar?size=xsmall&amp;avatarId=21133&amp;avatarType=issuetype">Bug</type>
                                            <priority id="3" iconUrl="https://issues.apache.org/jira/images/icons/priorities/major.svg">Major</priority>
                        <status id="6" iconUrl="https://issues.apache.org/jira/images/icons/statuses/closed.png" description="The issue is considered finished, the resolution is correct. Issues which are not closed can be reopened.">Closed</status>
                    <statusCategory id="3" key="done" colorName="green" />
                                    <resolution id="1">Fixed</resolution>
                                        <assignee username="luc">Luc Maisonobe</assignee>
                                    <reporter username="luc">Luc Maisonobe</reporter>
                        <labels>
                    </labels>
                <created>Sun, 3 Apr 2011 14:14:38 +0000</created>
                <updated>Sat, 24 Mar 2012 16:16:42 +0000</updated>
                            <resolved>Sun, 3 Apr 2011 14:33:56 +0000</resolved>
                                    <version>2.2</version>
                                    <fixVersion>3.0</fixVersion>
                                        <due />
                            <votes>0</votes>
                                    <watches>0</watches>
                                                                <comments>
                            <comment id="13015153" author="luc" created="Sun, 3 Apr 2011 14:33:56 +0000">&lt;p&gt;fixed in subversion repository as of r1088316&lt;/p&gt;</comment>
                    </comments>
                    <attachments>
                    </attachments>
                <subtasks>
                    </subtasks>
                <customfields>
                                                                                                                                                                                                                                                                                                                                                                                                                                                                                                                                                                                                                                                                                                                    <customfield id="customfield_12314020" key="com.atlassian.jira.plugins.jira-development-integration-plugin:devsummary">
                        <customfieldname>Development</customfieldname>
                        <customfieldvalues>
                            
                        </customfieldvalues>
                    </customfield>
                                                                                                                        <customfield id="customfield_12313422" key="com.atlassian.jirafisheyeplugin:jobcheckbox">
                        <customfieldname>Enable Automatic Patch Review</customfieldname>
                        <customfieldvalues>
                            <customfieldvalue>false</customfieldvalue>

                        </customfieldvalues>
                    </customfield>
                                                                                                                                                                                                                                                                                                                                                                                                                                                                                                                                                                                                                                                <customfield id="customfield_12310420" key="com.pyxis.greenhopper.jira:gh-global-rank">
                        <customfieldname>Global Rank</customfieldname>
                        <customfieldvalues>
                            <customfieldvalue>34151</customfieldvalue>
                        </customfieldvalues>
                    </customfield>
                                                                                                                                                                                                                                                                                                                                                                                                                                                                        <customfield id="customfield_12311820" key="com.pyxis.greenhopper.jira:gh-lexo-rank">
                        <customfieldname>Rank</customfieldname>
                        <customfieldvalues>
                            <customfieldvalue>0|i0rtsn:</customfieldvalue>

                        </customfieldvalues>
                    </customfield>
                                                                <customfield id="customfield_12310920" key="com.pyxis.greenhopper.jira:gh-global-rank">
                        <customfieldname>Rank (Obsolete)</customfieldname>
                        <customfieldvalues>
                            <customfieldvalue>160471</customfieldvalue>
                        </customfieldvalues>
                    </customfield>
                                                                                                                                                                                                                                                                                                                                                                                                                                                                                                                                                                                                                                                                                                                                                                                                                                                                                                            </customfields>
    </item>


</channel>
</rss>