<rss version="0.92">
    <channel>
        <title>ASF JIRA</title>
        <link>https://issues.apache.org/jira/issues/?jql=project+%3D+MATH+and+type+%3D+bug+and+%28status+%3D+RESOLVED+or+status+%3D+closed%29+and+resolution+%3D+Fixed+and+fixVersion+%21%3D+None++and+affectedVersion+%21%3D+None++and+affectedVersion+%21%3D+%22Nightly+Build%22</link>
        <description>An XML representation of a search request</description>
                <language>en-uk</language>
                        <issue start="0" end="335" total="335" />
                <build-info>
            <version>8.20.1</version>
            <build-number>820001</build-number>
            <build-date>28-10-2021</build-date>
        </build-info>

<item>
            <title>[MATH-174] Mean.evaluate() should use a two-pass algorithm</title>
                <link>https://issues.apache.org/jira/browse/MATH-174</link>
                <project id="12310485" key="MATH">Commons Math</project>
                    <description>&lt;p&gt;Since it has access to the full array of stored data, Mean.evaluate(double[]) can improve its accuracy by executing a two-pass algorithm, first computing an initial estimate using the definitional forumla and then correcting that value by the mean deviation against that value.  The attached patch makes the correction and includes an algorithm reference.  It also re-activates and increases sensitivity in some of the certified data tests.  The Michelson data test fails with the current implementation, showing a difference in the 13th significant digit.&lt;/p&gt;

&lt;p&gt;This change will improve accuracy in DescriptiveStatistics.getMean and also in Variance.evaluate() and DescriptiveStatistics.getVariance().  There is a cost associated with the change - as it roughly doubles the arithmetic operations required to compute the mean.  Since it only applies to the "stored array" implementation and the implementation will be pluggable in 1.2,  my preference is to move ahead with this change.&lt;/p&gt;</description>
                <environment />
        <key id="12383747">MATH-174</key>
            <summary>Mean.evaluate() should use a two-pass algorithm</summary>
                <type id="1" iconUrl="https://issues.apache.org/jira/secure/viewavatar?size=xsmall&amp;avatarId=21133&amp;avatarType=issuetype">Bug</type>
                                            <priority id="4" iconUrl="https://issues.apache.org/jira/images/icons/priorities/minor.svg">Minor</priority>
                        <status id="6" iconUrl="https://issues.apache.org/jira/images/icons/statuses/closed.png" description="The issue is considered finished, the resolution is correct. Issues which are not closed can be reopened.">Closed</status>
                    <statusCategory id="3" key="done" colorName="green" />
                                    <resolution id="1">Fixed</resolution>
                                        <assignee username="-1">Unassigned</assignee>
                                    <reporter username="psteitz">Phil Steitz</reporter>
                        <labels>
                    </labels>
                <created>Sun, 2 Dec 2007 19:15:09 +0000</created>
                <updated>Thu, 23 Apr 2009 02:26:16 +0000</updated>
                            <resolved>Sat, 8 Dec 2007 03:02:34 +0000</resolved>
                                    <version>1.0</version>
                    <version>1.1</version>
                                    <fixVersion>1.2</fixVersion>
                                        <due />
                            <votes>0</votes>
                                    <watches>0</watches>
                                                                <comments>
                            <comment id="12547660" author="luc" created="Sun, 2 Dec 2007 19:47:40 +0000">&lt;p&gt;I agree with you, go ahead with this change.&lt;/p&gt;</comment>
                            <comment id="12549642" author="psteitz" created="Sat, 8 Dec 2007 03:02:34 +0000">&lt;p&gt;Fixed in r602306.&lt;/p&gt;</comment>
                    </comments>
                    <attachments>
                            <attachment id="12370797" name="mean.patch" size="7941" author="psteitz" created="Sun, 2 Dec 2007 19:17:19 +0000" />
                    </attachments>
                <subtasks>
                    </subtasks>
                <customfields>
                                                                                                                                                                                                                                                                                                                                                                                                                                                                                                                                                                                                                                                                                                                    <customfield id="customfield_12314020" key="com.atlassian.jira.plugins.jira-development-integration-plugin:devsummary">
                        <customfieldname>Development</customfieldname>
                        <customfieldvalues>
                            
                        </customfieldvalues>
                    </customfield>
                                                                                                                        <customfield id="customfield_12313422" key="com.atlassian.jirafisheyeplugin:jobcheckbox">
                        <customfieldname>Enable Automatic Patch Review</customfieldname>
                        <customfieldvalues>
                            <customfieldvalue>false</customfieldvalue>

                        </customfieldvalues>
                    </customfield>
                                                                                                                                                                                                                                                                                                                                                                                                                                                                                                                                                                                                                                                <customfield id="customfield_12310420" key="com.pyxis.greenhopper.jira:gh-global-rank">
                        <customfieldname>Global Rank</customfieldname>
                        <customfieldvalues>
                            <customfieldvalue>150401</customfieldvalue>
                        </customfieldvalues>
                    </customfield>
                                                                                                                                                                                                                                                                                                                                                                                                                                                                        <customfield id="customfield_12311820" key="com.pyxis.greenhopper.jira:gh-lexo-rank">
                        <customfieldname>Rank</customfieldname>
                        <customfieldvalues>
                            <customfieldvalue>0|i0rw2n:</customfieldvalue>

                        </customfieldvalues>
                    </customfield>
                                                                <customfield id="customfield_12310920" key="com.pyxis.greenhopper.jira:gh-global-rank">
                        <customfieldname>Rank (Obsolete)</customfieldname>
                        <customfieldvalues>
                            <customfieldvalue>160840</customfieldvalue>
                        </customfieldvalues>
                    </customfield>
                                                                                                                                                                                                                                                                                                                                                                                                                                                                                                                                                                                                                                                                                                                                                                                                                                                                                                            </customfields>
    </item>


</channel>
</rss>