<rss version="0.92">
    <channel>
        <title>ASF JIRA</title>
        <link>https://issues.apache.org/jira/issues/?jql=project+%3D+MATH+and+type+%3D+bug+and+%28status+%3D+RESOLVED+or+status+%3D+closed%29+and+resolution+%3D+Fixed+and+fixVersion+%21%3D+None++and+affectedVersion+%21%3D+None++and+affectedVersion+%21%3D+%22Nightly+Build%22</link>
        <description>An XML representation of a search request</description>
                <language>en-uk</language>
                        <issue start="0" end="335" total="335" />
                <build-info>
            <version>8.20.1</version>
            <build-number>820001</build-number>
            <build-date>28-10-2021</build-date>
        </build-info>

<item>
            <title>[MATH-318] wrong result in eigen decomposition</title>
                <link>https://issues.apache.org/jira/browse/MATH-318</link>
                <project id="12310485" key="MATH">Commons Math</project>
                    <description>&lt;p&gt;Some results computed by EigenDecompositionImpl are wrong. The following case computed by Fortran Lapack fails with version 2.0&lt;/p&gt;
&lt;div class="code panel" style="border-width: 1px;"&gt;&lt;div class="codeContent panelContent"&gt;
&lt;pre class="code-java"&gt;    &lt;span class="code-keyword"&gt;public&lt;/span&gt; void testMathpbx02() {

        &lt;span class="code-object"&gt;double&lt;/span&gt;[] mainTridiagonal = {
        	  7484.860960227216, 18405.28129035345, 13855.225609560746,
        	 10016.708722343366, 559.8117399576674, 6750.190788301587, 
        	    71.21428769782159
        };
        &lt;span class="code-object"&gt;double&lt;/span&gt;[] secondaryTridiagonal = {
        	 -4175.088570476366,1975.7955858241994,5193.178422374075, 
        	  1995.286659169179,75.34535882933804,-234.0808002076056
        };

        &lt;span class="code-comment"&gt;// the reference values have been computed using routine DSTEMR
&lt;/span&gt;        &lt;span class="code-comment"&gt;// from the fortran library LAPACK version 3.2.1
&lt;/span&gt;        &lt;span class="code-object"&gt;double&lt;/span&gt;[] refEigenValues = {
        		20654.744890306974412,16828.208208485466457,
        		6893.155912634994820,6757.083016675340332,
        		5887.799885688558788,64.309089923240379,
        		57.992628792736340
        };
        RealVector[] refEigenVectors = {
        		&lt;span class="code-keyword"&gt;new&lt;/span&gt; ArrayRealVector(&lt;span class="code-keyword"&gt;new&lt;/span&gt; &lt;span class="code-object"&gt;double&lt;/span&gt;[] {-0.270356342026904, 0.852811091326997, 0.399639490702077, 0.198794657813990, 0.019739323307666, 0.000106983022327, -0.000001216636321}),
        		&lt;span class="code-keyword"&gt;new&lt;/span&gt; ArrayRealVector(&lt;span class="code-keyword"&gt;new&lt;/span&gt; &lt;span class="code-object"&gt;double&lt;/span&gt;[] {0.179995273578326,-0.402807848153042,0.701870993525734,0.555058211014888,0.068079148898236,0.000509139115227,-0.000007112235617}),
        		&lt;span class="code-keyword"&gt;new&lt;/span&gt; ArrayRealVector(&lt;span class="code-keyword"&gt;new&lt;/span&gt; &lt;span class="code-object"&gt;double&lt;/span&gt;[] {-0.399582721284727,-0.056629954519333,-0.514406488522827,0.711168164518580,0.225548081276367,0.125943999652923,-0.004321507456014}),
        		&lt;span class="code-keyword"&gt;new&lt;/span&gt; ArrayRealVector(&lt;span class="code-keyword"&gt;new&lt;/span&gt; &lt;span class="code-object"&gt;double&lt;/span&gt;[] {0.058515721572821,0.010200130057739,0.063516274916536,-0.090696087449378,-0.017148420432597,0.991318870265707,-0.034707338554096}),
        		&lt;span class="code-keyword"&gt;new&lt;/span&gt; ArrayRealVector(&lt;span class="code-keyword"&gt;new&lt;/span&gt; &lt;span class="code-object"&gt;double&lt;/span&gt;[] {0.855205995537564,0.327134656629775,-0.265382397060548,0.282690729026706,0.105736068025572,-0.009138126622039,0.000367751821196}),
        		&lt;span class="code-keyword"&gt;new&lt;/span&gt; ArrayRealVector(&lt;span class="code-keyword"&gt;new&lt;/span&gt; &lt;span class="code-object"&gt;double&lt;/span&gt;[] {-0.002913069901144,-0.005177515777101,0.041906334478672,-0.109315918416258,0.436192305456741,0.026307315639535,0.891797507436344}),
        		&lt;span class="code-keyword"&gt;new&lt;/span&gt; ArrayRealVector(&lt;span class="code-keyword"&gt;new&lt;/span&gt; &lt;span class="code-object"&gt;double&lt;/span&gt;[] {-0.005738311176435,-0.010207611670378,0.082662420517928,-0.215733886094368,0.861606487840411,-0.025478530652759,-0.451080697503958})
        };

        &lt;span class="code-comment"&gt;// the following line triggers the exception
&lt;/span&gt;        EigenDecomposition decomposition =
            &lt;span class="code-keyword"&gt;new&lt;/span&gt; EigenDecompositionImpl(mainTridiagonal, secondaryTridiagonal, MathUtils.SAFE_MIN);

        &lt;span class="code-object"&gt;double&lt;/span&gt;[] eigenValues = decomposition.getRealEigenvalues();
        &lt;span class="code-keyword"&gt;for&lt;/span&gt; (&lt;span class="code-object"&gt;int&lt;/span&gt; i = 0; i &amp;lt; refEigenValues.length; ++i) {
            assertEquals(refEigenValues[i], eigenValues[i], 1.0e-3);
            &lt;span class="code-keyword"&gt;if&lt;/span&gt; (refEigenVectors[i].dotProduct(decomposition.getEigenvector(i)) &amp;lt; 0) {
                assertEquals(0, refEigenVectors[i].add(decomposition.getEigenvector(i)).getNorm(), 1.0e-5);
            } &lt;span class="code-keyword"&gt;else&lt;/span&gt; {
                assertEquals(0, refEigenVectors[i].subtract(decomposition.getEigenvector(i)).getNorm(), 1.0e-5);
            }
        }

    }
&lt;/pre&gt;
&lt;/div&gt;&lt;/div&gt;</description>
                <environment />
        <key id="12440038">MATH-318</key>
            <summary>wrong result in eigen decomposition</summary>
                <type id="1" iconUrl="https://issues.apache.org/jira/secure/viewavatar?size=xsmall&amp;avatarId=21133&amp;avatarType=issuetype">Bug</type>
                                            <priority id="3" iconUrl="https://issues.apache.org/jira/images/icons/priorities/major.svg">Major</priority>
                        <status id="6" iconUrl="https://issues.apache.org/jira/images/icons/statuses/closed.png" description="The issue is considered finished, the resolution is correct. Issues which are not closed can be reopened.">Closed</status>
                    <statusCategory id="3" key="done" colorName="green" />
                                    <resolution id="1">Fixed</resolution>
                                        <assignee username="-1">Unassigned</assignee>
                                    <reporter username="luc">Luc Maisonobe</reporter>
                        <labels>
                    </labels>
                <created>Fri, 6 Nov 2009 15:09:36 +0000</created>
                <updated>Sat, 3 Apr 2010 20:49:07 +0000</updated>
                            <resolved>Fri, 6 Nov 2009 15:12:47 +0000</resolved>
                                    <version>2.0</version>
                                    <fixVersion>2.1</fixVersion>
                                        <due />
                            <votes>0</votes>
                                    <watches>0</watches>
                                                                <comments>
                            <comment id="12774307" author="luc" created="Fri, 6 Nov 2009 15:12:47 +0000">&lt;p&gt;fixed in subversion repository as of r833433.&lt;br/&gt;
Thanks again to Dimitri would found and fixed this bug.&lt;/p&gt;</comment>
                    </comments>
                    <attachments>
                    </attachments>
                <subtasks>
                    </subtasks>
                <customfields>
                                                                                                                                                                                                                                                                                                                                                                                                                                                                                                                                                                                                                                                                                                                    <customfield id="customfield_12314020" key="com.atlassian.jira.plugins.jira-development-integration-plugin:devsummary">
                        <customfieldname>Development</customfieldname>
                        <customfieldvalues>
                            
                        </customfieldvalues>
                    </customfield>
                                                                                                                        <customfield id="customfield_12313422" key="com.atlassian.jirafisheyeplugin:jobcheckbox">
                        <customfieldname>Enable Automatic Patch Review</customfieldname>
                        <customfieldvalues>
                            <customfieldvalue>false</customfieldvalue>

                        </customfieldvalues>
                    </customfield>
                                                                                                                                                                                                                                                                                                                                                                                                                                                                                                                                                                                                                                                <customfield id="customfield_12310420" key="com.pyxis.greenhopper.jira:gh-global-rank">
                        <customfieldname>Global Rank</customfieldname>
                        <customfieldvalues>
                            <customfieldvalue>34177</customfieldvalue>
                        </customfieldvalues>
                    </customfield>
                                                                                                                                                                                                                                                                                                                                                                                                                                                                        <customfield id="customfield_12311820" key="com.pyxis.greenhopper.jira:gh-lexo-rank">
                        <customfieldname>Rank</customfieldname>
                        <customfieldvalues>
                            <customfieldvalue>0|i0rv73:</customfieldvalue>

                        </customfieldvalues>
                    </customfield>
                                                                <customfield id="customfield_12310920" key="com.pyxis.greenhopper.jira:gh-global-rank">
                        <customfieldname>Rank (Obsolete)</customfieldname>
                        <customfieldvalues>
                            <customfieldvalue>160698</customfieldvalue>
                        </customfieldvalues>
                    </customfield>
                                                                                                                                                                                                                                                                                                                                                                                                                                                                                                                                                                                                                                                                                                                                                                                                                                                                                                            </customfields>
    </item>


</channel>
</rss>