<rss version="0.92">
    <channel>
        <title>ASF JIRA</title>
        <link>https://issues.apache.org/jira/issues/?jql=project+%3D+MATH+and+type+%3D+bug+and+%28status+%3D+RESOLVED+or+status+%3D+closed%29+and+resolution+%3D+Fixed+and+fixVersion+%21%3D+None++and+affectedVersion+%21%3D+None++and+affectedVersion+%21%3D+%22Nightly+Build%22</link>
        <description>An XML representation of a search request</description>
                <language>en-uk</language>
                        <issue start="0" end="335" total="335" />
                <build-info>
            <version>8.20.1</version>
            <build-number>820001</build-number>
            <build-date>28-10-2021</build-date>
        </build-info>

<item>
            <title>[MATH-567] class Dfp toDouble method return -inf whan Dfp value is 0 "zero"</title>
                <link>https://issues.apache.org/jira/browse/MATH-567</link>
                <project id="12310485" key="MATH">Commons Math</project>
                    <description>&lt;p&gt;I found a bug in the toDouble() method of the Dfp class.&lt;br/&gt;
If the Dfp's value is 0 "zero", the toDouble() method returns a  negative infini.&lt;/p&gt;

&lt;p&gt;This is because the double value returned has an exposant equal to 0xFFF &lt;br/&gt;
and a significand is equal to 0.&lt;br/&gt;
In the IEEE754 this is a -inf.&lt;/p&gt;

&lt;p&gt;To be equal to zero, the exposant and the significand must be equal to zero.&lt;/p&gt;

&lt;p&gt;A simple test case is :&lt;br/&gt;
----------------------------------------------&lt;br/&gt;
import org.apache.commons.math.dfp.DfpField;&lt;/p&gt;


&lt;p&gt;public class test {&lt;/p&gt;

&lt;p&gt;	/**&lt;/p&gt;
&lt;ul&gt;
	&lt;li&gt;@param args&lt;br/&gt;
	 */&lt;br/&gt;
	public static void main(String[] args) 
{
		DfpField field = new DfpField(100);
		System.out.println("toDouble value of getZero() ="+field.getZero().toDouble()+
				"\ntoDouble value of newDfp(0.0) ="+
				field.newDfp(0.0).toDouble());
	}
&lt;p&gt;}&lt;/p&gt;&lt;/li&gt;
&lt;/ul&gt;


&lt;p&gt;May be the simplest way to fix it is to test the zero equality at the begin of the toDouble() method, to be able to return the correctly signed zero ?&lt;/p&gt;</description>
                <environment />
        <key id="12506317">MATH-567</key>
            <summary>class Dfp toDouble method return -inf whan Dfp value is 0 "zero"</summary>
                <type id="1" iconUrl="https://issues.apache.org/jira/secure/viewavatar?size=xsmall&amp;avatarId=21133&amp;avatarType=issuetype">Bug</type>
                                            <priority id="4" iconUrl="https://issues.apache.org/jira/images/icons/priorities/minor.svg">Minor</priority>
                        <status id="6" iconUrl="https://issues.apache.org/jira/images/icons/statuses/closed.png" description="The issue is considered finished, the resolution is correct. Issues which are not closed can be reopened.">Closed</status>
                    <statusCategory id="3" key="done" colorName="green" />
                                    <resolution id="1">Fixed</resolution>
                                        <assignee username="-1">Unassigned</assignee>
                                    <reporter username="michubuntu">michel</reporter>
                        <labels>
                    </labels>
                <created>Thu, 5 May 2011 17:49:00 +0000</created>
                <updated>Sat, 24 Mar 2012 16:16:31 +0000</updated>
                            <resolved>Thu, 5 May 2011 19:44:09 +0000</resolved>
                                    <version>2.2</version>
                                    <fixVersion>3.0</fixVersion>
                                        <due />
                            <votes>0</votes>
                                    <watches>0</watches>
                                                                <comments>
                            <comment id="13029535" author="luc" created="Thu, 5 May 2011 19:44:09 +0000">&lt;p&gt;Fixed in subversion repository as of r1099938.&lt;/p&gt;

&lt;p&gt;There were conversions problems in both directions! As you noticed, converting from Dfp to double generated infinities, but creating new Dfp(-0.0) did not preserve the sign.&lt;/p&gt;

&lt;p&gt;Thanks for the report and the hint for fixing the bug.&lt;/p&gt;</comment>
                    </comments>
                    <attachments>
                    </attachments>
                <subtasks>
                    </subtasks>
                <customfields>
                                                                                                                                                                                                                                                                                                                                                                                                                                                                                                                                                                                                                                                                                                                    <customfield id="customfield_12314020" key="com.atlassian.jira.plugins.jira-development-integration-plugin:devsummary">
                        <customfieldname>Development</customfieldname>
                        <customfieldvalues>
                            
                        </customfieldvalues>
                    </customfield>
                                                                                                                        <customfield id="customfield_12313422" key="com.atlassian.jirafisheyeplugin:jobcheckbox">
                        <customfieldname>Enable Automatic Patch Review</customfieldname>
                        <customfieldvalues>
                            <customfieldvalue>false</customfieldvalue>

                        </customfieldvalues>
                    </customfield>
                                                                                                                                                                                                                                                                                                                                                                                                                                                                                                                                                                                                                                                <customfield id="customfield_12310420" key="com.pyxis.greenhopper.jira:gh-global-rank">
                        <customfieldname>Global Rank</customfieldname>
                        <customfieldvalues>
                            <customfieldvalue>150670</customfieldvalue>
                        </customfieldvalues>
                    </customfield>
                                                                                                                                                                                                                                                                                                                                                                                                                                                                        <customfield id="customfield_12311820" key="com.pyxis.greenhopper.jira:gh-lexo-rank">
                        <customfieldname>Rank</customfieldname>
                        <customfieldvalues>
                            <customfieldvalue>0|i0rtpr:</customfieldvalue>

                        </customfieldvalues>
                    </customfield>
                                                                <customfield id="customfield_12310920" key="com.pyxis.greenhopper.jira:gh-global-rank">
                        <customfieldname>Rank (Obsolete)</customfieldname>
                        <customfieldvalues>
                            <customfieldvalue>160458</customfieldvalue>
                        </customfieldvalues>
                    </customfield>
                                                                                                                                                                                                                                                                                                                                                                                                                                                                                                                                                                                                                                                                                                                                                                                                                                                                                                            </customfields>
    </item>


</channel>
</rss>