<rss version="0.92">
    <channel>
        <title>ASF JIRA</title>
        <link>https://issues.apache.org/jira/issues/?jql=project+%3D+MATH+and+type+%3D+bug+and+%28status+%3D+RESOLVED+or+status+%3D+closed%29+and+resolution+%3D+Fixed+and+fixVersion+%21%3D+None++and+affectedVersion+%21%3D+None++and+affectedVersion+%21%3D+%22Nightly+Build%22</link>
        <description>An XML representation of a search request</description>
                <language>en-uk</language>
                        <issue start="0" end="335" total="335" />
                <build-info>
            <version>8.20.1</version>
            <build-number>820001</build-number>
            <build-date>28-10-2021</build-date>
        </build-info>

<item>
            <title>[MATH-504] LOESS interpolation &amp; tricube fonction</title>
                <link>https://issues.apache.org/jira/browse/MATH-504</link>
                <project id="12310485" key="MATH">Commons Math</project>
                    <description>&lt;p&gt;the doc for tricube fonction used in LOESS smooth() says :&lt;/p&gt;

&lt;ul&gt;
	&lt;li&gt;@return &amp;lt;code&amp;gt;(1 - |x|&amp;lt;sup&amp;gt;3&amp;lt;/sup&amp;gt;)&amp;lt;sup&amp;gt;3&amp;lt;/sup&amp;gt;&amp;lt;/code&amp;gt;.&lt;br/&gt;
But I'dont see the absolute value for x.&lt;/li&gt;
&lt;/ul&gt;


&lt;p&gt;Also, the "classical" tricube fonction (see &lt;a href="http://www.itl.nist.gov/div898/handbook/pmd/section1/pmd144.htm" class="external-link" target="_blank" rel="nofollow noopener"&gt;http://www.itl.nist.gov/div898/handbook/pmd/section1/pmd144.htm&lt;/a&gt;)&lt;br/&gt;
seems to return 0 if abs( x )&amp;gt;1. &lt;br/&gt;
In the code of the tricube method, It is apparently not the case...&lt;/p&gt;


&lt;p&gt;    private static double tricube(final double x) &lt;/p&gt;
{
        final double tmp = 1 - x * x * x;
        return tmp * tmp * tmp;
    }</description>
                <environment>&lt;p&gt;Win XP&lt;/p&gt;</environment>
        <key id="12497210">MATH-504</key>
            <summary>LOESS interpolation &amp; tricube fonction</summary>
                <type id="1" iconUrl="https://issues.apache.org/jira/secure/viewavatar?size=xsmall&amp;avatarId=21133&amp;avatarType=issuetype">Bug</type>
                                            <priority id="5" iconUrl="https://issues.apache.org/jira/images/icons/priorities/trivial.svg">Trivial</priority>
                        <status id="6" iconUrl="https://issues.apache.org/jira/images/icons/statuses/closed.png" description="The issue is considered finished, the resolution is correct. Issues which are not closed can be reopened.">Closed</status>
                    <statusCategory id="3" key="done" colorName="green" />
                                    <resolution id="1">Fixed</resolution>
                                        <assignee username="-1">Unassigned</assignee>
                                    <reporter username="colsalt">X. B.</reporter>
                        <labels>
                            <label>loess</label>
                    </labels>
                <created>Mon, 31 Jan 2011 15:02:49 +0000</created>
                <updated>Sat, 24 Mar 2012 16:16:29 +0000</updated>
                            <resolved>Sun, 5 Jun 2011 16:00:09 +0000</resolved>
                                    <version>2.1</version>
                                    <fixVersion>3.0</fixVersion>
                                        <due />
                            <votes>0</votes>
                                    <watches>0</watches>
                                    <timeoriginalestimate seconds="3600">1h</timeoriginalestimate>
                            <timeestimate seconds="3600">1h</timeestimate>
                                        <comments>
                            <comment id="13044559" author="luc" created="Sun, 5 Jun 2011 16:00:09 +0000">&lt;p&gt;Fixed in subversion repository as of r1132439.&lt;/p&gt;

&lt;p&gt;Thanks for the report&lt;/p&gt;</comment>
                    </comments>
                    <attachments>
                    </attachments>
                <subtasks>
                    </subtasks>
                <customfields>
                                                                                                                                                                                                                                                                                                                                                                                                                                                                                                                                                                                                                                                                                                                    <customfield id="customfield_12314020" key="com.atlassian.jira.plugins.jira-development-integration-plugin:devsummary">
                        <customfieldname>Development</customfieldname>
                        <customfieldvalues>
                            
                        </customfieldvalues>
                    </customfield>
                                                                                                                        <customfield id="customfield_12313422" key="com.atlassian.jirafisheyeplugin:jobcheckbox">
                        <customfieldname>Enable Automatic Patch Review</customfieldname>
                        <customfieldvalues>
                            <customfieldvalue>false</customfieldvalue>

                        </customfieldvalues>
                    </customfield>
                                                                                                                                                                                                                                                                                                                                                                                                                                                                                                                                                                                                                                                <customfield id="customfield_12310420" key="com.pyxis.greenhopper.jira:gh-global-rank">
                        <customfieldname>Global Rank</customfieldname>
                        <customfieldvalues>
                            <customfieldvalue>71906</customfieldvalue>
                        </customfieldvalues>
                    </customfield>
                                                                                                                                                                                                                                                                                                                                                                                                                                                                        <customfield id="customfield_12311820" key="com.pyxis.greenhopper.jira:gh-lexo-rank">
                        <customfieldname>Rank</customfieldname>
                        <customfieldvalues>
                            <customfieldvalue>0|i0ru3r:</customfieldvalue>

                        </customfieldvalues>
                    </customfield>
                                                                <customfield id="customfield_12310920" key="com.pyxis.greenhopper.jira:gh-global-rank">
                        <customfieldname>Rank (Obsolete)</customfieldname>
                        <customfieldvalues>
                            <customfieldvalue>160521</customfieldvalue>
                        </customfieldvalues>
                    </customfield>
                                                                                                                                                                                                                                                                                                                                                                                                                                                                                                                                                                                                                                                                                                                                                                                                                                                                                                            </customfields>
    </item>


</channel>
</rss>