<rss version="0.92">
    <channel>
        <title>ASF JIRA</title>
        <link>https://issues.apache.org/jira/issues/?jql=project+%3D+MATH+and+type+%3D+bug+and+%28status+%3D+RESOLVED+or+status+%3D+closed%29+and+resolution+%3D+Fixed+and+fixVersion+%21%3D+None++and+affectedVersion+%21%3D+None++and+affectedVersion+%21%3D+%22Nightly+Build%22</link>
        <description>An XML representation of a search request</description>
                <language>en-uk</language>
                        <issue start="0" end="335" total="335" />
                <build-info>
            <version>8.20.1</version>
            <build-number>820001</build-number>
            <build-date>28-10-2021</build-date>
        </build-info>

<item>
            <title>[MATH-1303] Rotation.getAngles produces wrong angles for Cardan RotationOrders</title>
                <link>https://issues.apache.org/jira/browse/MATH-1303</link>
                <project id="12310485" key="MATH">Commons Math</project>
                    <description>&lt;p&gt;See &lt;a href="https://issues.apache.org/jira/browse/MATH-1302" title="Rotation constructor with RotationOrder and angles produces wrong rotation" class="issue-link" data-issue-key="MATH-1302"&gt;&lt;del&gt;MATH-1302&lt;/del&gt;&lt;/a&gt; first. &lt;/p&gt;

&lt;p&gt;Because unit tests for getAngles relies upon the Rotation constructor described in &lt;a href="https://issues.apache.org/jira/browse/MATH-1302" title="Rotation constructor with RotationOrder and angles produces wrong rotation" class="issue-link" data-issue-key="MATH-1302"&gt;&lt;del&gt;MATH-1302&lt;/del&gt;&lt;/a&gt; to work and the constructor does not actually work, getAngles is passing tests when it actually shouldn't.&lt;/p&gt;</description>
                <environment />
        <key id="12923304">MATH-1303</key>
            <summary>Rotation.getAngles produces wrong angles for Cardan RotationOrders</summary>
                <type id="1" iconUrl="https://issues.apache.org/jira/secure/viewavatar?size=xsmall&amp;avatarId=21133&amp;avatarType=issuetype">Bug</type>
                                            <priority id="3" iconUrl="https://issues.apache.org/jira/images/icons/priorities/major.svg">Major</priority>
                        <status id="6" iconUrl="https://issues.apache.org/jira/images/icons/statuses/closed.png" description="The issue is considered finished, the resolution is correct. Issues which are not closed can be reopened.">Closed</status>
                    <statusCategory id="3" key="done" colorName="green" />
                                    <resolution id="1">Fixed</resolution>
                                        <assignee username="-1">Unassigned</assignee>
                                    <reporter username="jboyerIST">James Boyer</reporter>
                        <labels>
                    </labels>
                <created>Sun, 20 Dec 2015 20:15:33 +0000</created>
                <updated>Mon, 25 Jan 2016 20:27:47 +0000</updated>
                            <resolved>Sat, 26 Dec 2015 20:35:11 +0000</resolved>
                                    <version>3.5</version>
                                    <fixVersion>3.6</fixVersion>
                                        <due />
                            <votes>0</votes>
                                    <watches>2</watches>
                                                                <comments>
                            <comment id="15071964" author="luc" created="Sat, 26 Dec 2015 20:35:11 +0000">&lt;p&gt;The issue has been fixed in git repository (both MATH_3_X branch and master branch).&lt;/p&gt;

&lt;p&gt;The getAngles method know accepts both vector operator or frame transform convention. The first convention was the one used op to 3.5, and&lt;br/&gt;
explains the order of the angles. The second convention is new in 3.6 and&lt;br/&gt;
corresponds to the order you requested.&lt;/p&gt;</comment>
                            <comment id="15115914" author="luc" created="Mon, 25 Jan 2016 20:27:47 +0000">&lt;p&gt;Closing all resolved issues that were included in 3.6 release.&lt;/p&gt;</comment>
                    </comments>
                    <attachments>
                    </attachments>
                <subtasks>
                    </subtasks>
                <customfields>
                                                                                                                                                                                                                                                                                                                                                                                                                                                                                                                                                                                                                                                                                                                    <customfield id="customfield_12314020" key="com.atlassian.jira.plugins.jira-development-integration-plugin:devsummary">
                        <customfieldname>Development</customfieldname>
                        <customfieldvalues>
                            
                        </customfieldvalues>
                    </customfield>
                                                                                                                        <customfield id="customfield_12313422" key="com.atlassian.jirafisheyeplugin:jobcheckbox">
                        <customfieldname>Enable Automatic Patch Review</customfieldname>
                        <customfieldvalues>
                            <customfieldvalue>false</customfieldvalue>

                        </customfieldvalues>
                    </customfield>
                                                                                                                                                                                                                                                                                                                                                                                                                                                                                                                                                                                                                                                <customfield id="customfield_12310420" key="com.pyxis.greenhopper.jira:gh-global-rank">
                        <customfieldname>Global Rank</customfieldname>
                        <customfieldvalues>
                            <customfieldvalue>9223372036854775807</customfieldvalue>
                        </customfieldvalues>
                    </customfield>
                                                                                                                                                                                                                                                                                                                                                                                                                                                                        <customfield id="customfield_12311820" key="com.pyxis.greenhopper.jira:gh-lexo-rank">
                        <customfieldname>Rank</customfieldname>
                        <customfieldvalues>
                            <customfieldvalue>0|i2q4zj:</customfieldvalue>

                        </customfieldvalues>
                    </customfield>
                                                                <customfield id="customfield_12310920" key="com.pyxis.greenhopper.jira:gh-global-rank">
                        <customfieldname>Rank (Obsolete)</customfieldname>
                        <customfieldvalues>
                            <customfieldvalue>9223372036854775807</customfieldvalue>
                        </customfieldvalues>
                    </customfield>
                                                                                                                                                                                                                                                                                                                                                                                                                                                                                                                                                                                                                                                                                                                                                                                                                                                                                                            </customfields>
    </item>


</channel>
</rss>