<rss version="0.92">
    <channel>
        <title>ASF JIRA</title>
        <link>https://issues.apache.org/jira/issues/?jql=project+%3D+MATH+and+type+%3D+bug+and+%28status+%3D+RESOLVED+or+status+%3D+closed%29+and+resolution+%3D+Fixed+and+fixVersion+%21%3D+None++and+affectedVersion+%21%3D+None++and+affectedVersion+%21%3D+%22Nightly+Build%22</link>
        <description>An XML representation of a search request</description>
                <language>en-uk</language>
                        <issue start="0" end="335" total="335" />
                <build-info>
            <version>8.20.1</version>
            <build-number>820001</build-number>
            <build-date>28-10-2021</build-date>
        </build-info>

<item>
            <title>[MATH-1022] Confused by the API docs for org.apache.commons.math3.analysis.function</title>
                <link>https://issues.apache.org/jira/browse/MATH-1022</link>
                <project id="12310485" key="MATH">Commons Math</project>
                    <description>&lt;p&gt;Something is wrong or unclear...&lt;/p&gt;

&lt;p&gt;We read:&lt;/p&gt;

&lt;p&gt;&lt;a href="http://commons.apache.org/proper/commons-math/apidocs/org/apache/commons/math3/analysis/function/Logistic.Parametric.html" class="external-link" target="_blank" rel="nofollow noopener"&gt;http://commons.apache.org/proper/commons-math/apidocs/org/apache/commons/math3/analysis/function/Logistic.Parametric.html&lt;/a&gt;&lt;/p&gt;

&lt;p&gt;   "Parametric function where the input array contains the parameters&lt;br/&gt;
    of the logit function, ordered as follows: "&lt;/p&gt;

&lt;p&gt; --&amp;gt; But the "logit" function is not the "logistic" function.&lt;/p&gt;

&lt;p&gt;&lt;a href="http://commons.apache.org/proper/commons-math/apidocs/org/apache/commons/math3/analysis/function/Sigmoid.Parametric.html" class="external-link" target="_blank" rel="nofollow noopener"&gt;http://commons.apache.org/proper/commons-math/apidocs/org/apache/commons/math3/analysis/function/Sigmoid.Parametric.html&lt;/a&gt;&lt;/p&gt;

&lt;p&gt;   "Parametric function where the input array contains the parameters of&lt;br/&gt;
   the logit function, ordered as follows: "&lt;/p&gt;

&lt;p&gt; --&amp;gt; But the "logit" function is not the "sigmoid" function, and what is&lt;br/&gt;
     the difference between the Logistic Function snd the Sigmoid function?&lt;/p&gt;

&lt;p&gt;&lt;a href="http://commons.apache.org/proper/commons-math/apidocs/org/apache/commons/math3/analysis/function/Logit.Parametric.html" class="external-link" target="_blank" rel="nofollow noopener"&gt;http://commons.apache.org/proper/commons-math/apidocs/org/apache/commons/math3/analysis/function/Logit.Parametric.html&lt;/a&gt;&lt;/p&gt;

&lt;p&gt;   "Parametric function where the input array contains the parameters of&lt;br/&gt;
    the logit function, ordered as follows: "&lt;/p&gt;

&lt;p&gt; --&amp;gt; That sounds correct.&lt;/p&gt;


&lt;p&gt;References:&lt;/p&gt;

&lt;p&gt;&lt;a href="http://en.wikipedia.org/wiki/Logistic_function" class="external-link" target="_blank" rel="nofollow noopener"&gt;http://en.wikipedia.org/wiki/Logistic_function&lt;/a&gt;&lt;br/&gt;
&lt;a href="http://en.wikipedia.org/wiki/Logit" class="external-link" target="_blank" rel="nofollow noopener"&gt;http://en.wikipedia.org/wiki/Logit&lt;/a&gt;&lt;br/&gt;
&lt;a href="http://en.wikipedia.org/wiki/Sigmoid_function" class="external-link" target="_blank" rel="nofollow noopener"&gt;http://en.wikipedia.org/wiki/Sigmoid_function&lt;/a&gt;&lt;/p&gt;
</description>
                <environment />
        <key id="12663388">MATH-1022</key>
            <summary>Confused by the API docs for org.apache.commons.math3.analysis.function</summary>
                <type id="1" iconUrl="https://issues.apache.org/jira/secure/viewavatar?size=xsmall&amp;avatarId=21133&amp;avatarType=issuetype">Bug</type>
                                            <priority id="3" iconUrl="https://issues.apache.org/jira/images/icons/priorities/major.svg">Major</priority>
                        <status id="6" iconUrl="https://issues.apache.org/jira/images/icons/statuses/closed.png" description="The issue is considered finished, the resolution is correct. Issues which are not closed can be reopened.">Closed</status>
                    <statusCategory id="3" key="done" colorName="green" />
                                    <resolution id="1">Fixed</resolution>
                                        <assignee username="-1">Unassigned</assignee>
                                    <reporter username="dtonhofer">David Tonhofer</reporter>
                        <labels>
                    </labels>
                <created>Tue, 13 Aug 2013 09:57:24 +0000</created>
                <updated>Mon, 19 May 2014 15:13:24 +0000</updated>
                            <resolved>Tue, 13 Aug 2013 16:48:22 +0000</resolved>
                                    <version>3.2</version>
                                    <fixVersion>3.3</fixVersion>
                                        <due />
                            <votes>0</votes>
                                    <watches>3</watches>
                                                                <comments>
                            <comment id="13738060" author="dtonhofer" created="Tue, 13 Aug 2013 10:15:59 +0000">&lt;p&gt;Must be a copy-paste issue, at least in large parts.&lt;/p&gt;

&lt;p&gt;See also the description of Logistic.Parametric in &lt;/p&gt;

&lt;p&gt;&lt;a href="http://commons.apache.org/proper/commons-math/apidocs/org/apache/commons/math3/analysis/function/Logistic.html" class="external-link" target="_blank" rel="nofollow noopener"&gt;http://commons.apache.org/proper/commons-math/apidocs/org/apache/commons/math3/analysis/function/Logistic.html&lt;/a&gt;&lt;/p&gt;

&lt;p&gt;which doesn't match the constructor of "Logistic" at all.&lt;/p&gt;
</comment>
                            <comment id="13738078" author="erans" created="Tue, 13 Aug 2013 10:52:17 +0000">&lt;p&gt;Thanks for the report. The Javadoc is fixed in revision 1513430.&lt;/p&gt;

&lt;blockquote&gt;&lt;p&gt;Must be a copy-paste issue, at least in large parts.&lt;/p&gt;&lt;/blockquote&gt;

&lt;p&gt;A pure copy/paste bug, indeed.&lt;/p&gt;

&lt;blockquote&gt;&lt;p&gt;&lt;span class="error"&gt;&amp;#91;...&amp;#93;&lt;/span&gt; and what is the difference between the Logistic Function snd the Sigmoid function?&lt;/p&gt;&lt;/blockquote&gt;

&lt;p&gt;Extracted from &lt;a href="http://en.wikipedia.org/wiki/Sigmoid_function" class="external-link" target="_blank" rel="nofollow noopener"&gt;Wikipedia&lt;/a&gt;:&lt;br/&gt;
"Often, sigmoid function refers to the special case of the logistic function &lt;span class="error"&gt;&amp;#91;...&amp;#93;&lt;/span&gt;"&lt;/p&gt;</comment>
                            <comment id="13738403" author="dtonhofer" created="Tue, 13 Aug 2013 15:59:29 +0000">&lt;p&gt;In furtherance of which: &lt;/p&gt;

&lt;p&gt;References to articles are alternately to Wikipedia or Wolfram's Mathworld. Might there be a need to standardize?&lt;/p&gt;</comment>
                            <comment id="13738416" author="erans" created="Tue, 13 Aug 2013 16:15:51 +0000">&lt;blockquote&gt;&lt;p&gt;Might there be a need to standardize?&lt;/p&gt;&lt;/blockquote&gt;

&lt;p&gt;If you wish so.&lt;br/&gt;
You could start a discussion about this on the "dev" ML.&lt;/p&gt;

&lt;p&gt;If you agree, I'll set this issue to "Resolved".&lt;/p&gt;</comment>
                            <comment id="13738419" author="dtonhofer" created="Tue, 13 Aug 2013 16:17:11 +0000">&lt;p&gt;Go for Resolved, then.&lt;/p&gt;</comment>
                            <comment id="14001797" author="luc" created="Mon, 19 May 2014 15:13:24 +0000">&lt;p&gt;Closing all resolved issue now available in released 3.3 version.&lt;/p&gt;</comment>
                    </comments>
                    <attachments>
                    </attachments>
                <subtasks>
                    </subtasks>
                <customfields>
                                                                                                                                                                                                                                                                                                                                                                                                                                                                                                                                                                                                                                                                                                                    <customfield id="customfield_12314020" key="com.atlassian.jira.plugins.jira-development-integration-plugin:devsummary">
                        <customfieldname>Development</customfieldname>
                        <customfieldvalues>
                            
                        </customfieldvalues>
                    </customfield>
                                                                                                                        <customfield id="customfield_12313422" key="com.atlassian.jirafisheyeplugin:jobcheckbox">
                        <customfieldname>Enable Automatic Patch Review</customfieldname>
                        <customfieldvalues>
                            <customfieldvalue>false</customfieldvalue>

                        </customfieldvalues>
                    </customfield>
                                                                                                                                                                                                                                                                                                                                                                                                                                                                                                                                                                                                                                                <customfield id="customfield_12310420" key="com.pyxis.greenhopper.jira:gh-global-rank">
                        <customfieldname>Global Rank</customfieldname>
                        <customfieldvalues>
                            <customfieldvalue>343389</customfieldvalue>
                        </customfieldvalues>
                    </customfield>
                                                                                                                                                                                                                                                                                                                                                                                                                                                                        <customfield id="customfield_12311820" key="com.pyxis.greenhopper.jira:gh-lexo-rank">
                        <customfieldname>Rank</customfieldname>
                        <customfieldvalues>
                            <customfieldvalue>0|i1n7wf:</customfieldvalue>

                        </customfieldvalues>
                    </customfield>
                                                                <customfield id="customfield_12310920" key="com.pyxis.greenhopper.jira:gh-global-rank">
                        <customfieldname>Rank (Obsolete)</customfieldname>
                        <customfieldvalues>
                            <customfieldvalue>343693</customfieldvalue>
                        </customfieldvalues>
                    </customfield>
                                                                                                                                                                                                                                                                                                                                                                                                                                                                                                                                                                                                                                                                                                                                                                                                                                                                                                            </customfields>
    </item>


</channel>
</rss>