<rss version="0.92">
    <channel>
        <title>ASF JIRA</title>
        <link>https://issues.apache.org/jira/issues/?jql=project+%3D+MATH+and+type+%3D+bug+and+%28status+%3D+RESOLVED+or+status+%3D+closed%29+and+resolution+%3D+Fixed+and+fixVersion+%21%3D+None++and+affectedVersion+%21%3D+None++and+affectedVersion+%21%3D+%22Nightly+Build%22</link>
        <description>An XML representation of a search request</description>
                <language>en-uk</language>
                        <issue start="0" end="335" total="335" />
                <build-info>
            <version>8.20.1</version>
            <build-number>820001</build-number>
            <build-date>28-10-2021</build-date>
        </build-info>

<item>
            <title>[MATH-391] Inconsistent behaviour of constructors in ArrayRealVector class</title>
                <link>https://issues.apache.org/jira/browse/MATH-391</link>
                <project id="12310485" key="MATH">Commons Math</project>
                    <description>&lt;p&gt;ArrayRealVector(double[] d) allows to construct a zero-length vector, but ArrayRealVector(double[] d, boolean copyArray) doesn't. Both should allow this as zero-length vectors are mathematically well-defined objects and they are useful boundary cases in many algorithms.&lt;/p&gt;

&lt;p&gt;This breaks some arithmetic operators (addition) on zero-length real vectors which worked in 2.0 but don't work in 2.1&lt;/p&gt;</description>
                <environment />
        <key id="12469795">MATH-391</key>
            <summary>Inconsistent behaviour of constructors in ArrayRealVector class</summary>
                <type id="1" iconUrl="https://issues.apache.org/jira/secure/viewavatar?size=xsmall&amp;avatarId=21133&amp;avatarType=issuetype">Bug</type>
                                            <priority id="3" iconUrl="https://issues.apache.org/jira/images/icons/priorities/major.svg">Major</priority>
                        <status id="6" iconUrl="https://issues.apache.org/jira/images/icons/statuses/closed.png" description="The issue is considered finished, the resolution is correct. Issues which are not closed can be reopened.">Closed</status>
                    <statusCategory id="3" key="done" colorName="green" />
                                    <resolution id="1">Fixed</resolution>
                                        <assignee username="-1">Unassigned</assignee>
                                    <reporter username="rwerp">Roman Werpachowski</reporter>
                        <labels>
                    </labels>
                <created>Wed, 21 Jul 2010 08:57:46 +0000</created>
                <updated>Wed, 23 Mar 2011 20:13:27 +0000</updated>
                            <resolved>Sun, 3 Oct 2010 16:43:11 +0000</resolved>
                                    <version>2.1</version>
                                    <fixVersion>2.2</fixVersion>
                                        <due />
                            <votes>0</votes>
                                    <watches>1</watches>
                                                                <comments>
                            <comment id="12917274" author="psteitz" created="Sun, 3 Oct 2010 01:55:26 +0000">&lt;p&gt;I agree that the code should be consistent.  I agree as well that a zero-dimensional vector is legit.   Can anyone explain why ArrayRealVector(double[] d, boolean copyArray) requires positive length?&lt;/p&gt;</comment>
                            <comment id="12917295" author="luc" created="Sun, 3 Oct 2010 08:47:43 +0000">&lt;p&gt;Most probably my bad ...&lt;/p&gt;</comment>
                            <comment id="12917361" author="luc" created="Sun, 3 Oct 2010 16:43:11 +0000">&lt;p&gt;Fixed in subversion repository as of r1003993 for barnch 2.X and r1003994 for trunk.&lt;br/&gt;
Note that the same problem occurred also in ArrayFieldVector but the fix is different. For Field-based vectors, we need to get the field, so either we use a non-empty array and retrieve the field from the first array element or we add a parameter for the field and allow the array to be empty. The two choices are now possible, as new constructors have been added and the javadoc updated to explain this behavior.&lt;br/&gt;
Thanks for reporting the issue.&lt;/p&gt;</comment>
                            <comment id="13010357" author="luc" created="Wed, 23 Mar 2011 20:13:27 +0000">&lt;p&gt;Closing issue as it was included in version 2.2, which has been released&lt;/p&gt;</comment>
                    </comments>
                    <attachments>
                    </attachments>
                <subtasks>
                    </subtasks>
                <customfields>
                                                                                                                                                                                                                                                                                                                                                                                                                                                                                                                                                                                                                                                                                                                    <customfield id="customfield_12314020" key="com.atlassian.jira.plugins.jira-development-integration-plugin:devsummary">
                        <customfieldname>Development</customfieldname>
                        <customfieldvalues>
                            
                        </customfieldvalues>
                    </customfield>
                                                                                                                        <customfield id="customfield_12313422" key="com.atlassian.jirafisheyeplugin:jobcheckbox">
                        <customfieldname>Enable Automatic Patch Review</customfieldname>
                        <customfieldvalues>
                            <customfieldvalue>false</customfieldvalue>

                        </customfieldvalues>
                    </customfield>
                                                                                                                                                                                                                                                                                                                                                                                                                                                                                                                                                                                                                                                <customfield id="customfield_12310420" key="com.pyxis.greenhopper.jira:gh-global-rank">
                        <customfieldname>Global Rank</customfieldname>
                        <customfieldvalues>
                            <customfieldvalue>150544</customfieldvalue>
                        </customfieldvalues>
                    </customfield>
                                                                                                                                                                                                                                                                                                                                                                                                                                                                        <customfield id="customfield_12311820" key="com.pyxis.greenhopper.jira:gh-lexo-rank">
                        <customfieldname>Rank</customfieldname>
                        <customfieldvalues>
                            <customfieldvalue>0|i0rurb:</customfieldvalue>

                        </customfieldvalues>
                    </customfield>
                                                                <customfield id="customfield_12310920" key="com.pyxis.greenhopper.jira:gh-global-rank">
                        <customfieldname>Rank (Obsolete)</customfieldname>
                        <customfieldvalues>
                            <customfieldvalue>160627</customfieldvalue>
                        </customfieldvalues>
                    </customfield>
                                                                                                                                                                                                                                                                                                                                                                                                                                                                                                                                                                                                                                                                                                                                                                                                                                                                                                            </customfields>
    </item>


</channel>
</rss>