<rss version="0.92">
    <channel>
        <title>ASF JIRA</title>
        <link>https://issues.apache.org/jira/issues/?jql=project+%3D+MATH+and+type+%3D+bug+and+%28status+%3D+RESOLVED+or+status+%3D+closed%29+and+resolution+%3D+Fixed+and+fixVersion+%21%3D+None++and+affectedVersion+%21%3D+None++and+affectedVersion+%21%3D+%22Nightly+Build%22</link>
        <description>An XML representation of a search request</description>
                <language>en-uk</language>
                        <issue start="0" end="335" total="335" />
                <build-info>
            <version>8.20.1</version>
            <build-number>820001</build-number>
            <build-date>28-10-2021</build-date>
        </build-info>

<item>
            <title>[MATH-537] [Math] org.apache.commnons.math.linear.MatrixVisitorException constructor should be deprecated</title>
                <link>https://issues.apache.org/jira/browse/MATH-537</link>
                <project id="12310485" key="MATH">Commons Math</project>
                    <description>&lt;p&gt;In the class org.apache.commons.math.linear.MatrixVisitorException the method "public MatrixVisitorException(final String pattern, final Object[] arguments)" should be deprecated, since method "public MatrixVisitorException(final Localizable pattern, final Object[] arguments)" already exists from version 2.2...&lt;/p&gt;</description>
                <environment>&lt;p&gt;Linux Ubuntu 10.04 (lucid)&lt;/p&gt;</environment>
        <key id="12500014">MATH-537</key>
            <summary>[Math] org.apache.commnons.math.linear.MatrixVisitorException constructor should be deprecated</summary>
                <type id="1" iconUrl="https://issues.apache.org/jira/secure/viewavatar?size=xsmall&amp;avatarId=21133&amp;avatarType=issuetype">Bug</type>
                                            <priority id="4" iconUrl="https://issues.apache.org/jira/images/icons/priorities/minor.svg">Minor</priority>
                        <status id="6" iconUrl="https://issues.apache.org/jira/images/icons/statuses/closed.png" description="The issue is considered finished, the resolution is correct. Issues which are not closed can be reopened.">Closed</status>
                    <statusCategory id="3" key="done" colorName="green" />
                                    <resolution id="1">Fixed</resolution>
                                        <assignee username="-1">Unassigned</assignee>
                                    <reporter username="miccagiann">Michail Giannakopoulos</reporter>
                        <labels>
                            <label>cleanup</label>
                            <label>patch</label>
                    </labels>
                <created>Tue, 1 Mar 2011 06:48:20 +0000</created>
                <updated>Sat, 24 Mar 2012 16:16:34 +0000</updated>
                            <resolved>Sun, 5 Jun 2011 11:17:56 +0000</resolved>
                                    <version>2.2</version>
                                    <fixVersion>3.0</fixVersion>
                                        <due />
                            <votes>0</votes>
                                    <watches>1</watches>
                                                                <comments>
                            <comment id="13000745" author="miccagiann" created="Tue, 1 Mar 2011 06:50:48 +0000">&lt;p&gt;Here is the patch...&lt;/p&gt;</comment>
                            <comment id="13000801" author="luc" created="Tue, 1 Mar 2011 09:42:03 +0000">&lt;p&gt;Thanks Michael.&lt;br/&gt;
I'm not sure this one will be fixed as a 6th release candidate for 2.2 as already been frozen and the vote is ongoing.&lt;br/&gt;
If the 6th release candidate fails, we will certainly include the fix for the next release candidate.&lt;br/&gt;
If the 6th release candidate succeds, the issue will be closed as "won't fix" since the MatrixVisitorException has been removed in 3.0 and is unlikely to reappear.&lt;br/&gt;
By the way, instead of providing a full class for short fixes, you can provide just a patch (you can create them with the unix diff command, or with svn diff, or with Eclipse team-&amp;gt;create path menu entry).&lt;/p&gt;</comment>
                            <comment id="13044500" author="luc" created="Sun, 5 Jun 2011 11:17:56 +0000">&lt;p&gt;The MatrixVisitorException class has been removed in 3.0&lt;/p&gt;</comment>
                    </comments>
                    <attachments>
                            <attachment id="12472287" name="MatrixVisitorException.java" size="2056" author="miccagiann" created="Tue, 1 Mar 2011 06:50:48 +0000" />
                    </attachments>
                <subtasks>
                    </subtasks>
                <customfields>
                                                                                                                                                                                                                                                                                                                                                                                                                                                                                                                                                                                                                                                                                                                    <customfield id="customfield_12314020" key="com.atlassian.jira.plugins.jira-development-integration-plugin:devsummary">
                        <customfieldname>Development</customfieldname>
                        <customfieldvalues>
                            
                        </customfieldvalues>
                    </customfield>
                                                                                                                        <customfield id="customfield_12313422" key="com.atlassian.jirafisheyeplugin:jobcheckbox">
                        <customfieldname>Enable Automatic Patch Review</customfieldname>
                        <customfieldvalues>
                            <customfieldvalue>false</customfieldvalue>

                        </customfieldvalues>
                    </customfield>
                                                                                                                                                                                                                                                                                                                                                                                                                                                                                                                                                                                                                                                <customfield id="customfield_12310420" key="com.pyxis.greenhopper.jira:gh-global-rank">
                        <customfieldname>Global Rank</customfieldname>
                        <customfieldvalues>
                            <customfieldvalue>71921</customfieldvalue>
                        </customfieldvalues>
                    </customfield>
                                                                                                                                                                                                                                                                                                                                                                                                                                                                        <customfield id="customfield_12311820" key="com.pyxis.greenhopper.jira:gh-lexo-rank">
                        <customfieldname>Rank</customfieldname>
                        <customfieldvalues>
                            <customfieldvalue>0|i0rtwf:</customfieldvalue>

                        </customfieldvalues>
                    </customfield>
                                                                <customfield id="customfield_12310920" key="com.pyxis.greenhopper.jira:gh-global-rank">
                        <customfieldname>Rank (Obsolete)</customfieldname>
                        <customfieldvalues>
                            <customfieldvalue>160488</customfieldvalue>
                        </customfieldvalues>
                    </customfield>
                                                                                                                                                                                                                                                                                                                                                                                                                                                                                                                                                                                                                                                                                                                                                                                                                                                                                                            </customfields>
    </item>


</channel>
</rss>