<rss version="0.92">
    <channel>
        <title>ASF JIRA</title>
        <link>https://issues.apache.org/jira/issues/?jql=project+%3D+MATH+and+type+%3D+bug+and+%28status+%3D+RESOLVED+or+status+%3D+closed%29+and+resolution+%3D+Fixed+and+fixVersion+%21%3D+None++and+affectedVersion+%21%3D+None++and+affectedVersion+%21%3D+%22Nightly+Build%22</link>
        <description>An XML representation of a search request</description>
                <language>en-uk</language>
                        <issue start="0" end="335" total="335" />
                <build-info>
            <version>8.20.1</version>
            <build-number>820001</build-number>
            <build-date>28-10-2021</build-date>
        </build-info>

<item>
            <title>[MATH-411] Multiple Regression newSampleData methods inconsistently create / omit intercepts</title>
                <link>https://issues.apache.org/jira/browse/MATH-411</link>
                <project id="12310485" key="MATH">Commons Math</project>
                    <description>&lt;p&gt;The newSampleData(double[], nrows, ncols) method used in the unit tests adds a unitary column to the design matrix, resulting in an intercept term being estimated among the regression parameters.  The other newSampleData methods do not do this, forcing users to add the column of "1"s to estimate models with intercept.  Behavior should be consistent and users should not have to add the column.&lt;/p&gt;</description>
                <environment />
        <key id="12472796">MATH-411</key>
            <summary>Multiple Regression newSampleData methods inconsistently create / omit intercepts</summary>
                <type id="1" iconUrl="https://issues.apache.org/jira/secure/viewavatar?size=xsmall&amp;avatarId=21133&amp;avatarType=issuetype">Bug</type>
                                            <priority id="3" iconUrl="https://issues.apache.org/jira/images/icons/priorities/major.svg">Major</priority>
                        <status id="6" iconUrl="https://issues.apache.org/jira/images/icons/statuses/closed.png" description="The issue is considered finished, the resolution is correct. Issues which are not closed can be reopened.">Closed</status>
                    <statusCategory id="3" key="done" colorName="green" />
                                    <resolution id="1">Fixed</resolution>
                                        <assignee username="-1">Unassigned</assignee>
                                    <reporter username="psteitz">Phil Steitz</reporter>
                        <labels>
                    </labels>
                <created>Sat, 28 Aug 2010 22:14:32 +0000</created>
                <updated>Wed, 23 Mar 2011 20:20:06 +0000</updated>
                            <resolved>Mon, 13 Sep 2010 02:04:01 +0000</resolved>
                                    <version>2.0</version>
                    <version>2.1</version>
                                    <fixVersion>2.2</fixVersion>
                                        <due />
                            <votes>0</votes>
                                    <watches>0</watches>
                                                                <comments>
                            <comment id="12907051" author="psteitz" created="Wed, 8 Sep 2010 01:30:51 +0000">&lt;p&gt;Fixed in r993574.  Modified multiple regression newSample methods to ensure that by default in all cases, regression models are estimated with intercept terms.  Prior to the fix for this issue,  newXSampleData(double[][]), newSampleData(double[], double[][]) and newSampleData(double[], double[][], double[][]) all required columns of "1's  to be inserted into the x[][] arrays to create a model with an intercept term;while newSampleData(double[], int, int) created a model including an intercept term without requiring the unitary column.  All methods have  been changed to eliminate the need for users to add unitary columns to specify regression models.&lt;/p&gt;

&lt;p&gt;Leaving open until &lt;a href="https://issues.apache.org/jira/browse/MATH-409" title="Multiple Regression API should allow specification of whether or not to estimate intercept term" class="issue-link" data-issue-key="MATH-409"&gt;&lt;del&gt;MATH-409&lt;/del&gt;&lt;/a&gt; is resolved. &lt;/p&gt;</comment>
                            <comment id="13010372" author="luc" created="Wed, 23 Mar 2011 20:20:06 +0000">&lt;p&gt;Closing issue as it was included in version 2.2, which has been released&lt;/p&gt;</comment>
                    </comments>
                <issuelinks>
                            <issuelinktype id="10032">
                    <name>Blocker</name>
                                                                <inwardlinks description="is blocked by">
                                        <issuelink>
            <issuekey id="12472346">MATH-409</issuekey>
        </issuelink>
                            </inwardlinks>
                                    </issuelinktype>
                    </issuelinks>
                <attachments>
                    </attachments>
                <subtasks>
                    </subtasks>
                <customfields>
                                                                                                                                                                                                                                                                                                                                                                                                                                                                                                                                                                                                                                                                                                                    <customfield id="customfield_12314020" key="com.atlassian.jira.plugins.jira-development-integration-plugin:devsummary">
                        <customfieldname>Development</customfieldname>
                        <customfieldvalues>
                            
                        </customfieldvalues>
                    </customfield>
                                                                                                                        <customfield id="customfield_12313422" key="com.atlassian.jirafisheyeplugin:jobcheckbox">
                        <customfieldname>Enable Automatic Patch Review</customfieldname>
                        <customfieldvalues>
                            <customfieldvalue>false</customfieldvalue>

                        </customfieldvalues>
                    </customfield>
                                                                                                                                                                                                                                                                                                                                                                                                                                                                                                                                                                                                                                                <customfield id="customfield_12310420" key="com.pyxis.greenhopper.jira:gh-global-rank">
                        <customfieldname>Global Rank</customfieldname>
                        <customfieldvalues>
                            <customfieldvalue>150558</customfieldvalue>
                        </customfieldvalues>
                    </customfield>
                                                                                                                                                                                                                                                                                                                                                                                                                                                                        <customfield id="customfield_12311820" key="com.pyxis.greenhopper.jira:gh-lexo-rank">
                        <customfieldname>Rank</customfieldname>
                        <customfieldvalues>
                            <customfieldvalue>0|i0rumv:</customfieldvalue>

                        </customfieldvalues>
                    </customfield>
                                                                <customfield id="customfield_12310920" key="com.pyxis.greenhopper.jira:gh-global-rank">
                        <customfieldname>Rank (Obsolete)</customfieldname>
                        <customfieldvalues>
                            <customfieldvalue>160607</customfieldvalue>
                        </customfieldvalues>
                    </customfield>
                                                                                                                                                                                                                                                                                                                                                                                                                                                                                                                                                                                                                                                                                                                                                                                                                                                                                                            </customfields>
    </item>


</channel>
</rss>