<rss version="0.92">
    <channel>
        <title>ASF JIRA</title>
        <link>https://issues.apache.org/jira/issues/?jql=project+%3D+MATH+and+type+%3D+bug+and+%28status+%3D+RESOLVED+or+status+%3D+closed%29+and+resolution+%3D+Fixed+and+fixVersion+%21%3D+None++and+affectedVersion+%21%3D+None++and+affectedVersion+%21%3D+%22Nightly+Build%22</link>
        <description>An XML representation of a search request</description>
                <language>en-uk</language>
                        <issue start="0" end="335" total="335" />
                <build-info>
            <version>8.20.1</version>
            <build-number>820001</build-number>
            <build-date>28-10-2021</build-date>
        </build-info>

<item>
            <title>[MATH-679] Integer overflow in OpenMapRealMatrix</title>
                <link>https://issues.apache.org/jira/browse/MATH-679</link>
                <project id="12310485" key="MATH">Commons Math</project>
                    <description>&lt;p&gt;computeKey() has an integer overflow. Since it is a sparse matrix, this is quite easily encountered long before heap space is exhausted. The attached code demonstrates the problem, which could potentially be a security vulnerability (for example, if one was to use this matrix to store access control information).&lt;/p&gt;

&lt;p&gt;Workaround: never create an OpenMapRealMatrix with more cells than are addressable with an int.&lt;/p&gt;</description>
                <environment />
        <key id="12525510">MATH-679</key>
            <summary>Integer overflow in OpenMapRealMatrix</summary>
                <type id="1" iconUrl="https://issues.apache.org/jira/secure/viewavatar?size=xsmall&amp;avatarId=21133&amp;avatarType=issuetype">Bug</type>
                                            <priority id="4" iconUrl="https://issues.apache.org/jira/images/icons/priorities/minor.svg">Minor</priority>
                        <status id="6" iconUrl="https://issues.apache.org/jira/images/icons/statuses/closed.png" description="The issue is considered finished, the resolution is correct. Issues which are not closed can be reopened.">Closed</status>
                    <statusCategory id="3" key="done" colorName="green" />
                                    <resolution id="1">Fixed</resolution>
                                        <assignee username="-1">Unassigned</assignee>
                                    <reporter username="cberner">Christopher Berner</reporter>
                        <labels>
                    </labels>
                <created>Mon, 3 Oct 2011 05:36:20 +0000</created>
                <updated>Sat, 24 Mar 2012 16:16:57 +0000</updated>
                            <resolved>Mon, 10 Oct 2011 19:57:12 +0000</resolved>
                                    <version>2.2</version>
                                    <fixVersion>3.0</fixVersion>
                                        <due />
                            <votes>0</votes>
                                    <watches>0</watches>
                                                                <comments>
                            <comment id="13119140" author="cberner" created="Mon, 3 Oct 2011 05:37:44 +0000">&lt;p&gt;Move code to an attachment&lt;/p&gt;</comment>
                            <comment id="13124434" author="luc" created="Mon, 10 Oct 2011 19:57:12 +0000">&lt;p&gt;Fixed in subversion repository as of r1181181.&lt;/p&gt;

&lt;p&gt;Thanks for the report and the workaround.&lt;/p&gt;</comment>
                    </comments>
                    <attachments>
                            <attachment id="12497426" name="Flaw.java" size="332" author="cberner" created="Mon, 3 Oct 2011 05:37:12 +0000" />
                    </attachments>
                <subtasks>
                    </subtasks>
                <customfields>
                                                                                                                                                                                                                                                                                                                                                                                                                                                                                                                                                                                                                                                                                                                    <customfield id="customfield_12314020" key="com.atlassian.jira.plugins.jira-development-integration-plugin:devsummary">
                        <customfieldname>Development</customfieldname>
                        <customfieldvalues>
                            
                        </customfieldvalues>
                    </customfield>
                                                                                                                        <customfield id="customfield_12313422" key="com.atlassian.jirafisheyeplugin:jobcheckbox">
                        <customfieldname>Enable Automatic Patch Review</customfieldname>
                        <customfieldvalues>
                            <customfieldvalue>false</customfieldvalue>

                        </customfieldvalues>
                    </customfield>
                                                                                                                                                                                                                                                                                                                                                                                                                                                                                                                                                                                                                                                <customfield id="customfield_12310420" key="com.pyxis.greenhopper.jira:gh-global-rank">
                        <customfieldname>Global Rank</customfieldname>
                        <customfieldvalues>
                            <customfieldvalue>43524</customfieldvalue>
                        </customfieldvalues>
                    </customfield>
                                                                                                                                                                                                                                                                                                                                                                                                                                                                        <customfield id="customfield_12311820" key="com.pyxis.greenhopper.jira:gh-lexo-rank">
                        <customfieldname>Rank</customfieldname>
                        <customfieldvalues>
                            <customfieldvalue>0|i0aoxb:</customfieldvalue>

                        </customfieldvalues>
                    </customfield>
                                                                <customfield id="customfield_12310920" key="com.pyxis.greenhopper.jira:gh-global-rank">
                        <customfieldname>Rank (Obsolete)</customfieldname>
                        <customfieldvalues>
                            <customfieldvalue>60311</customfieldvalue>
                        </customfieldvalues>
                    </customfield>
                                                                                                                                                                                                                                                                                                                                                                                                                                                                                                                                                                                                                                                                                                                                                                                                                                                                                                            </customfields>
    </item>


</channel>
</rss>