<rss version="0.92">
    <channel>
        <title>ASF JIRA</title>
        <link>https://issues.apache.org/jira/issues/?jql=project+%3D+MATH+and+type+%3D+bug+and+%28status+%3D+RESOLVED+or+status+%3D+closed%29+and+resolution+%3D+Fixed+and+fixVersion+%21%3D+None++and+affectedVersion+%21%3D+None++and+affectedVersion+%21%3D+%22Nightly+Build%22</link>
        <description>An XML representation of a search request</description>
                <language>en-uk</language>
                        <issue start="0" end="335" total="335" />
                <build-info>
            <version>8.20.1</version>
            <build-number>820001</build-number>
            <build-date>28-10-2021</build-date>
        </build-info>

<item>
            <title>[MATH-1223] Wrong splitting of huge double numbers</title>
                <link>https://issues.apache.org/jira/browse/MATH-1223</link>
                <project id="12310485" key="MATH">Commons Math</project>
                    <description>&lt;p&gt;In both MathArrays and FastMath, some computations on double are performed by firt splitting double numbers in two numbers with about 26 bits.&lt;/p&gt;

&lt;p&gt;This splitting fails when the numbers are huge, even if they are still representable and not infinite (the limit is about 1.0e300, eight orders of magnitude below infinity).&lt;/p&gt;

&lt;p&gt;This can be seen by computing for example&lt;/p&gt;
&lt;div class="code panel" style="border-width: 1px;"&gt;&lt;div class="codeContent panelContent"&gt;
&lt;pre class="code-java"&gt;FastMath.pow(FastMath.scalb(1.0, 500), 4);
&lt;/pre&gt;
&lt;/div&gt;&lt;/div&gt;

&lt;p&gt;The result is NaN whereas it should be +infinity.&lt;/p&gt;

&lt;p&gt;or by modifying test MathArraysTest.testLinearCombination1 and scaling down first array elements by FastMath.scalb(a&lt;span class="error"&gt;&amp;#91;i&amp;#93;&lt;/span&gt;, -971) and scaling up the second array elements by FastMath.scalb(b&lt;span class="error"&gt;&amp;#91;i&amp;#93;&lt;/span&gt;, +971), which should not change the results. Here the result is a loss of precision because a safety check in MathArrays.linearCombination falls back to naive implementation if the high accuracy algorithm fails.&lt;/p&gt;

&lt;p&gt;The reason for the wrong splitting is an overflow when computing&lt;/p&gt;
&lt;div class="code panel" style="border-width: 1px;"&gt;&lt;div class="codeContent panelContent"&gt;
&lt;pre class="code-java"&gt;        &lt;span class="code-keyword"&gt;final&lt;/span&gt; &lt;span class="code-object"&gt;int&lt;/span&gt; splitFactor = 0x8000001;
        &lt;span class="code-keyword"&gt;final&lt;/span&gt; &lt;span class="code-object"&gt;double&lt;/span&gt; cd       = splitFactor * d; &lt;span class="code-comment"&gt;// &amp;lt;--- overflow&lt;/span&gt;
&lt;/pre&gt;
&lt;/div&gt;&lt;/div&gt;
&lt;div class="code panel" style="border-width: 1px;"&gt;&lt;div class="codeContent panelContent"&gt;
&lt;pre class="code-java"&gt;&lt;/pre&gt;
&lt;/div&gt;&lt;/div&gt;</description>
                <environment />
        <key id="12828013">MATH-1223</key>
            <summary>Wrong splitting of huge double numbers</summary>
                <type id="1" iconUrl="https://issues.apache.org/jira/secure/viewavatar?size=xsmall&amp;avatarId=21133&amp;avatarType=issuetype">Bug</type>
                                            <priority id="4" iconUrl="https://issues.apache.org/jira/images/icons/priorities/minor.svg">Minor</priority>
                        <status id="6" iconUrl="https://issues.apache.org/jira/images/icons/statuses/closed.png" description="The issue is considered finished, the resolution is correct. Issues which are not closed can be reopened.">Closed</status>
                    <statusCategory id="3" key="done" colorName="green" />
                                    <resolution id="1">Fixed</resolution>
                                        <assignee username="-1">Unassigned</assignee>
                                    <reporter username="luc">Luc Maisonobe</reporter>
                        <labels>
                    </labels>
                <created>Thu, 7 May 2015 13:20:48 +0000</created>
                <updated>Mon, 25 Jan 2016 20:27:47 +0000</updated>
                            <resolved>Thu, 7 May 2015 13:42:31 +0000</resolved>
                                    <version>3.5</version>
                                    <fixVersion>4.0</fixVersion>
                    <fixVersion>3.6</fixVersion>
                                        <due />
                            <votes>0</votes>
                                    <watches>1</watches>
                                                                <comments>
                            <comment id="14532633" author="luc" created="Thu, 7 May 2015 13:42:32 +0000">&lt;p&gt;Fixed in git repository, with commit e4b3ac8 in the master branch (4.X) and with commit 9e1b0ac in the MATH_3_X branch.&lt;/p&gt;</comment>
                            <comment id="15115912" author="luc" created="Mon, 25 Jan 2016 20:27:47 +0000">&lt;p&gt;Closing all resolved issues that were included in 3.6 release.&lt;/p&gt;</comment>
                    </comments>
                    <attachments>
                    </attachments>
                <subtasks>
                    </subtasks>
                <customfields>
                                                                                                                                                                                                                                                                                                                                                                                                                                                                                                                                                                                                                                                                                                                    <customfield id="customfield_12314020" key="com.atlassian.jira.plugins.jira-development-integration-plugin:devsummary">
                        <customfieldname>Development</customfieldname>
                        <customfieldvalues>
                            
                        </customfieldvalues>
                    </customfield>
                                                                                                                        <customfield id="customfield_12313422" key="com.atlassian.jirafisheyeplugin:jobcheckbox">
                        <customfieldname>Enable Automatic Patch Review</customfieldname>
                        <customfieldvalues>
                            <customfieldvalue>false</customfieldvalue>

                        </customfieldvalues>
                    </customfield>
                                                                                                                                                                                                                                                                                                                                                                                                                                                                                                                                                                                                                                                <customfield id="customfield_12310420" key="com.pyxis.greenhopper.jira:gh-global-rank">
                        <customfieldname>Global Rank</customfieldname>
                        <customfieldvalues>
                            <customfieldvalue>9223372036854775807</customfieldvalue>
                        </customfieldvalues>
                    </customfield>
                                                                                                                                                                                                                                                                                                                                                                                                                                                                        <customfield id="customfield_12311820" key="com.pyxis.greenhopper.jira:gh-lexo-rank">
                        <customfieldname>Rank</customfieldname>
                        <customfieldvalues>
                            <customfieldvalue>0|i2ef7b:</customfieldvalue>

                        </customfieldvalues>
                    </customfield>
                                                                <customfield id="customfield_12310920" key="com.pyxis.greenhopper.jira:gh-global-rank">
                        <customfieldname>Rank (Obsolete)</customfieldname>
                        <customfieldvalues>
                            <customfieldvalue>9223372036854775807</customfieldvalue>
                        </customfieldvalues>
                    </customfield>
                                                                                                                                                                                                                                                                                                                                                                                                                                                                                                                                                                                                                                                                                                                                                                                                                                                                                                            </customfields>
    </item>


</channel>
</rss>