<rss version="0.92">
    <channel>
        <title>ASF JIRA</title>
        <link>https://issues.apache.org/jira/issues/?jql=project+%3D+MATH+and+type+%3D+bug+and+%28status+%3D+RESOLVED+or+status+%3D+closed%29+and+resolution+%3D+Fixed+and+fixVersion+%21%3D+None++and+affectedVersion+%21%3D+None++and+affectedVersion+%21%3D+%22Nightly+Build%22</link>
        <description>An XML representation of a search request</description>
                <language>en-uk</language>
                        <issue start="0" end="335" total="335" />
                <build-info>
            <version>8.20.1</version>
            <build-number>820001</build-number>
            <build-date>28-10-2021</build-date>
        </build-info>

<item>
            <title>[MATH-1505] Precision.equals says that 4 equals -1</title>
                <link>https://issues.apache.org/jira/browse/MATH-1505</link>
                <project id="12310485" key="MATH">Commons Math</project>
                    <description>&lt;p&gt;The method&#160;&lt;br/&gt;
boolean org.apache.commons.math3.util.Precision.equals(double x, double y, double eps)&lt;br/&gt;
 is returning true when I call it with the parameters: 4.0, -1.0, 10E-14.&lt;br/&gt;
 Same result for compareTo(...)&lt;br/&gt;
 Below the code:&lt;/p&gt;

&lt;p&gt;&lt;a href="https://pastebin.com/XQ3RTuTq" class="external-link" target="_blank" rel="nofollow noopener"&gt;https://pastebin.com/XQ3RTuTq&lt;/a&gt;&lt;/p&gt;</description>
                <environment>&lt;p&gt;Java 1.8, Eclipse, version 3-3.3&lt;/p&gt;</environment>
        <key id="13273314">MATH-1505</key>
            <summary>Precision.equals says that 4 equals -1</summary>
                <type id="1" iconUrl="https://issues.apache.org/jira/secure/viewavatar?size=xsmall&amp;avatarId=21133&amp;avatarType=issuetype">Bug</type>
                                            <priority id="3" iconUrl="https://issues.apache.org/jira/images/icons/priorities/major.svg">Major</priority>
                        <status id="6" iconUrl="https://issues.apache.org/jira/images/icons/statuses/closed.png" description="The issue is considered finished, the resolution is correct. Issues which are not closed can be reopened.">Closed</status>
                    <statusCategory id="3" key="done" colorName="green" />
                                    <resolution id="1">Fixed</resolution>
                                        <assignee username="-1">Unassigned</assignee>
                                    <reporter username="MoneySucks">Radu-Cristian Neagoe</reporter>
                        <labels>
                    </labels>
                <created>Mon, 9 Dec 2019 10:26:27 +0000</created>
                <updated>Mon, 9 Dec 2019 11:21:18 +0000</updated>
                            <resolved>Mon, 9 Dec 2019 11:21:18 +0000</resolved>
                                    <version>3.3</version>
                                    <fixVersion>3.6.1</fixVersion>
                                        <due />
                            <votes>0</votes>
                                    <watches>1</watches>
                                                                <comments>
                            <comment id="16991501" author="erans" created="Mon, 9 Dec 2019 11:15:06 +0000">&lt;p&gt;Did you check that this occurs with the latest version of the library?&lt;/p&gt;</comment>
                            <comment id="16991504" author="moneysucks" created="Mon, 9 Dec 2019 11:21:18 +0000">&lt;p&gt;I've updated the rar file and the issue is no longer present. I will close this incident.&lt;/p&gt;

&lt;p&gt;Sorry!&lt;/p&gt;</comment>
                    </comments>
                    <attachments>
                    </attachments>
                <subtasks>
                    </subtasks>
                <customfields>
                                                                                                                                                                                                                                                                                                                                                                                                                                                                                                                                                                                                                                                                                                                    <customfield id="customfield_12314020" key="com.atlassian.jira.plugins.jira-development-integration-plugin:devsummary">
                        <customfieldname>Development</customfieldname>
                        <customfieldvalues>
                            
                        </customfieldvalues>
                    </customfield>
                                                                                                                        <customfield id="customfield_12313422" key="com.atlassian.jirafisheyeplugin:jobcheckbox">
                        <customfieldname>Enable Automatic Patch Review</customfieldname>
                        <customfieldvalues>
                            <customfieldvalue>false</customfieldvalue>

                        </customfieldvalues>
                    </customfield>
                                                                                                                                                                                                                                                                                                                                                                                                                                                                                                                                                                                                                                                <customfield id="customfield_12310420" key="com.pyxis.greenhopper.jira:gh-global-rank">
                        <customfieldname>Global Rank</customfieldname>
                        <customfieldvalues>
                            <customfieldvalue>9223372036854775807</customfieldvalue>
                        </customfieldvalues>
                    </customfield>
                                                                                                                                                                                                                                                                                                                                                                                                                                                                        <customfield id="customfield_12311820" key="com.pyxis.greenhopper.jira:gh-lexo-rank">
                        <customfieldname>Rank</customfieldname>
                        <customfieldvalues>
                            <customfieldvalue>0|z09gwg:</customfieldvalue>

                        </customfieldvalues>
                    </customfield>
                                                                <customfield id="customfield_12310920" key="com.pyxis.greenhopper.jira:gh-global-rank">
                        <customfieldname>Rank (Obsolete)</customfieldname>
                        <customfieldvalues>
                            <customfieldvalue>9223372036854775807</customfieldvalue>
                        </customfieldvalues>
                    </customfield>
                                                                                                                                                                                                                                                                                                                                                                                                                                                                                                                                                                                                                                                                                                                                                                                                                                                                                                            </customfields>
    </item>


</channel>
</rss>