<rss version="0.92">
    <channel>
        <title>ASF JIRA</title>
        <link>https://issues.apache.org/jira/issues/?jql=project+%3D+MATH+and+type+%3D+bug+and+%28status+%3D+RESOLVED+or+status+%3D+closed%29+and+resolution+%3D+Fixed+and+fixVersion+%21%3D+None++and+affectedVersion+%21%3D+None++and+affectedVersion+%21%3D+%22Nightly+Build%22</link>
        <description>An XML representation of a search request</description>
                <language>en-uk</language>
                        <issue start="0" end="335" total="335" />
                <build-info>
            <version>8.20.1</version>
            <build-number>820001</build-number>
            <build-date>28-10-2021</build-date>
        </build-info>

<item>
            <title>[MATH-781] SimplexSolver gives bad results</title>
                <link>https://issues.apache.org/jira/browse/MATH-781</link>
                <project id="12310485" key="MATH">Commons Math</project>
                    <description>&lt;p&gt;Methode SimplexSolver.optimeze(...) gives bad results with commons-math3-3.0&lt;br/&gt;
in a simple test problem. It works well in commons-math-2.2. &lt;/p&gt;</description>
                <environment>&lt;p&gt;Windows 7 (64), jdk1.7.0_03&lt;/p&gt;</environment>
        <key id="12551973">MATH-781</key>
            <summary>SimplexSolver gives bad results</summary>
                <type id="1" iconUrl="https://issues.apache.org/jira/secure/viewavatar?size=xsmall&amp;avatarId=21133&amp;avatarType=issuetype">Bug</type>
                                            <priority id="3" iconUrl="https://issues.apache.org/jira/images/icons/priorities/major.svg">Major</priority>
                        <status id="6" iconUrl="https://issues.apache.org/jira/images/icons/statuses/closed.png" description="The issue is considered finished, the resolution is correct. Issues which are not closed can be reopened.">Closed</status>
                    <statusCategory id="3" key="done" colorName="green" />
                                    <resolution id="1">Fixed</resolution>
                                        <assignee username="-1">Unassigned</assignee>
                                    <reporter username="scheiber@unitbv.ro">Scheiber Ern&#337;</reporter>
                        <labels>
                    </labels>
                <created>Sat, 21 Apr 2012 07:11:57 +0000</created>
                <updated>Mon, 4 Mar 2013 18:53:28 +0000</updated>
                            <resolved>Wed, 2 May 2012 18:29:29 +0000</resolved>
                                    <version>3.0</version>
                                    <fixVersion>3.1</fixVersion>
                                        <due />
                            <votes>0</votes>
                                    <watches>0</watches>
                                                                <comments>
                            <comment id="13259052" author="luc" created="Sun, 22 Apr 2012 09:03:32 +0000">&lt;p&gt;Could you give some more information ?&lt;/p&gt;

&lt;p&gt;What is the simple problem ? What are the expected results ? What are the results returned by Apache Commons Math 3.0 ?&lt;br/&gt;
Could we have some example code so we can reproduce the problem ?&lt;/p&gt;</comment>
                            <comment id="13259071" author="scheiber@unitbv.ro" created="Sun, 22 Apr 2012 11:29:34 +0000">&lt;p&gt;Hi,&lt;/p&gt;

&lt;p&gt;I attached the test codes LinearProgCM.java for commons-math3-3.0 and &lt;br/&gt;
LinearProgCM2.java for commons-math-2.2.&lt;/p&gt;

&lt;p&gt;Best regards,&lt;br/&gt;
E.Scheiber&lt;/p&gt;


</comment>
                            <comment id="13259088" author="tn" created="Sun, 22 Apr 2012 14:48:56 +0000">&lt;p&gt;I did a quick check and found no obvious reason for the different behavior. I will do a more thorough check when I am back in 2 weeks.&lt;/p&gt;</comment>
                            <comment id="13265941" author="tn" created="Tue, 1 May 2012 17:55:50 +0000">&lt;p&gt;in &lt;a href="https://issues.apache.org/jira/browse/MATH-434" title="SimplexSolver returns unfeasible solution" class="issue-link" data-issue-key="MATH-434"&gt;&lt;del&gt;MATH-434&lt;/del&gt;&lt;/a&gt;, floating-point comparisons have been changed to use either an:&lt;/p&gt;

&lt;ul&gt;
	&lt;li&gt;epsilon for any comparisons related to algorithm convergence&lt;/li&gt;
	&lt;li&gt;ulp for any other comparisons&lt;/li&gt;
&lt;/ul&gt;


&lt;p&gt;Now, when dropping the objective function of the first phase, the comparison is done using ulp which is wrong imho as it is basically a convergence check. When changing this back to an epsilon check like before, the test runs through as expected.&lt;/p&gt;</comment>
                            <comment id="13266419" author="tn" created="Wed, 2 May 2012 08:06:59 +0000">&lt;p&gt;The algorithm flow is as follows:&lt;/p&gt;

&lt;ul&gt;
	&lt;li&gt;perform phase 1:
	&lt;ul&gt;
		&lt;li&gt;iterate while !optimal&lt;/li&gt;
		&lt;li&gt;isOptimal uses epsilon&lt;/li&gt;
	&lt;/ul&gt;
	&lt;/li&gt;
	&lt;li&gt;after phase 1, drop phase 1 objective function
	&lt;ul&gt;
		&lt;li&gt;drop columns using the same criteria as in isOptimal but with ulp instead of epsilon&lt;/li&gt;
	&lt;/ul&gt;
	&lt;/li&gt;
	&lt;li&gt;perform phase 2
	&lt;ul&gt;
		&lt;li&gt;..&lt;/li&gt;
	&lt;/ul&gt;
	&lt;/li&gt;
&lt;/ul&gt;


&lt;p&gt;After finishing phase 1, we end up dropping columns based on a different epsilon (ulp) as in the convergence check of the iteration for phase 1.&lt;/p&gt;</comment>
                            <comment id="13266791" author="tn" created="Wed, 2 May 2012 18:28:52 +0000">&lt;p&gt;Fixed in r1333146.&lt;/p&gt;</comment>
                    </comments>
                <issuelinks>
                            <issuelinktype id="12310000">
                    <name>Duplicate</name>
                                                                <inwardlinks description="is duplicated by">
                                        <issuelink>
            <issuekey id="12598195">MATH-813</issuekey>
        </issuelink>
                            </inwardlinks>
                                    </issuelinktype>
                    </issuelinks>
                <attachments>
                            <attachment id="12523679" name="ASF.LICENSE.NOT.GRANTED--LinearProgCM.java" size="1808" author="scheiber@unitbv.ro" created="Sun, 22 Apr 2012 11:29:37 +0000" />
                            <attachment id="12523680" name="ASF.LICENSE.NOT.GRANTED--LinearProgCM2.java" size="1793" author="scheiber@unitbv.ro" created="Sun, 22 Apr 2012 11:29:37 +0000" />
                    </attachments>
                <subtasks>
                    </subtasks>
                <customfields>
                                                                                                                                                                                                                                                                                                                                                                                                                                                                                                                                                                                                                                                                                                                    <customfield id="customfield_12314020" key="com.atlassian.jira.plugins.jira-development-integration-plugin:devsummary">
                        <customfieldname>Development</customfieldname>
                        <customfieldvalues>
                            
                        </customfieldvalues>
                    </customfield>
                                                                                                                        <customfield id="customfield_12313422" key="com.atlassian.jirafisheyeplugin:jobcheckbox">
                        <customfieldname>Enable Automatic Patch Review</customfieldname>
                        <customfieldvalues>
                            <customfieldvalue>false</customfieldvalue>

                        </customfieldvalues>
                    </customfield>
                                                                                                                                                                                                                                                                                                                                                                                                                                                                                                                                                                                                                                                <customfield id="customfield_12310420" key="com.pyxis.greenhopper.jira:gh-global-rank">
                        <customfieldname>Global Rank</customfieldname>
                        <customfieldvalues>
                            <customfieldvalue>236782</customfieldvalue>
                        </customfieldvalues>
                    </customfield>
                                                                                                                                                                                                                                                                                                                                                                                                                                                                        <customfield id="customfield_12311820" key="com.pyxis.greenhopper.jira:gh-lexo-rank">
                        <customfieldname>Rank</customfieldname>
                        <customfieldvalues>
                            <customfieldvalue>0|i0rt8v:</customfieldvalue>

                        </customfieldvalues>
                    </customfield>
                                                                <customfield id="customfield_12310920" key="com.pyxis.greenhopper.jira:gh-global-rank">
                        <customfieldname>Rank (Obsolete)</customfieldname>
                        <customfieldvalues>
                            <customfieldvalue>160382</customfieldvalue>
                        </customfieldvalues>
                    </customfield>
                                                                                                                                                                                                                                                                                                                                                                                                                                                                                                                                                                                                                                                                                                                                                                                                                                                                                                            </customfields>
    </item>


</channel>
</rss>