<rss version="0.92">
    <channel>
        <title>ASF JIRA</title>
        <link>https://issues.apache.org/jira/issues/?jql=project+%3D+MATH+and+type+%3D+bug+and+%28status+%3D+RESOLVED+or+status+%3D+closed%29+and+resolution+%3D+Fixed+and+fixVersion+%21%3D+None++and+affectedVersion+%21%3D+None++and+affectedVersion+%21%3D+%22Nightly+Build%22</link>
        <description>An XML representation of a search request</description>
                <language>en-uk</language>
                        <issue start="0" end="335" total="335" />
                <build-info>
            <version>8.20.1</version>
            <build-number>820001</build-number>
            <build-date>28-10-2021</build-date>
        </build-info>

<item>
            <title>[MATH-371] PearsonsCorrelation.getCorrelationPValues() precision limited by machine epsilon</title>
                <link>https://issues.apache.org/jira/browse/MATH-371</link>
                <project id="12310485" key="MATH">Commons Math</project>
                    <description>&lt;p&gt;Similar to the issue described in &lt;a href="https://issues.apache.org/jira/browse/MATH-201" title="T-test p-value precision hampered by machine epsilon" class="issue-link" data-issue-key="MATH-201"&gt;&lt;del&gt;MATH-201&lt;/del&gt;&lt;/a&gt;, using PearsonsCorrelation.getCorrelationPValues() with many treatments results in p-values that are continuous down to 2.2e-16 but that drop to 0 after that.&lt;/p&gt;

&lt;p&gt;In &lt;a href="https://issues.apache.org/jira/browse/MATH-201" title="T-test p-value precision hampered by machine epsilon" class="issue-link" data-issue-key="MATH-201"&gt;&lt;del&gt;MATH-201&lt;/del&gt;&lt;/a&gt;, the problem was described as such:&lt;br/&gt;
&amp;gt; So in essence, the p-value returned by TTestImpl.tTest() is:&lt;br/&gt;
&amp;gt; &lt;br/&gt;
&amp;gt; 1.0 - (cumulativeProbability(t) - cumulativeProbabily(-t))&lt;br/&gt;
&amp;gt; &lt;br/&gt;
&amp;gt; For large-ish t-statistics, cumulativeProbabilty(-t) can get quite small, and cumulativeProbabilty(t) can get very close to 1.0. When &lt;br/&gt;
&amp;gt; cumulativeProbability(-t) is less than the machine epsilon, we get p-values equal to zero because:&lt;br/&gt;
&amp;gt; &lt;br/&gt;
&amp;gt; 1.0 - 1.0 + 0.0 = 0.0&lt;/p&gt;

&lt;p&gt;The solution in &lt;a href="https://issues.apache.org/jira/browse/MATH-201" title="T-test p-value precision hampered by machine epsilon" class="issue-link" data-issue-key="MATH-201"&gt;&lt;del&gt;MATH-201&lt;/del&gt;&lt;/a&gt; was to modify the p-value calculation to this:&lt;br/&gt;
&amp;gt; p = 2.0 * cumulativeProbability(-t)&lt;/p&gt;

&lt;p&gt;Here, the problem is similar.  From PearsonsCorrelation.getCorrelationPValues():&lt;br/&gt;
  p = 2 * (1 - tDistribution.cumulativeProbability(t));&lt;/p&gt;

&lt;p&gt;Directly calculating the p-value using identical code as PearsonsCorrelation.getCorrelationPValues(), but with the following change seems to solve the problem:&lt;br/&gt;
  p = 2 * (tDistribution.cumulativeProbability(-t));&lt;/p&gt;



</description>
                <environment />
        <key id="12464458">MATH-371</key>
            <summary>PearsonsCorrelation.getCorrelationPValues() precision limited by machine epsilon</summary>
                <type id="1" iconUrl="https://issues.apache.org/jira/secure/viewavatar?size=xsmall&amp;avatarId=21133&amp;avatarType=issuetype">Bug</type>
                                            <priority id="3" iconUrl="https://issues.apache.org/jira/images/icons/priorities/major.svg">Major</priority>
                        <status id="6" iconUrl="https://issues.apache.org/jira/images/icons/statuses/closed.png" description="The issue is considered finished, the resolution is correct. Issues which are not closed can be reopened.">Closed</status>
                    <statusCategory id="3" key="done" colorName="green" />
                                    <resolution id="1">Fixed</resolution>
                                        <assignee username="-1">Unassigned</assignee>
                                    <reporter username="kchilds">Kevin Childs</reporter>
                        <labels>
                    </labels>
                <created>Thu, 13 May 2010 19:48:46 +0000</created>
                <updated>Wed, 23 Mar 2011 20:05:43 +0000</updated>
                            <resolved>Sun, 16 May 2010 23:49:08 +0000</resolved>
                                    <version>2.0</version>
                                    <fixVersion>2.1</fixVersion>
                                        <due />
                            <votes>0</votes>
                                    <watches>0</watches>
                                                                <comments>
                            <comment id="12867991" author="psteitz" created="Sun, 16 May 2010 14:10:39 +0000">&lt;p&gt;Thanks for reporting this.&lt;/p&gt;</comment>
                            <comment id="12868055" author="psteitz" created="Sun, 16 May 2010 23:49:08 +0000">&lt;p&gt;Fixed in r944939.  Thanks!&lt;/p&gt;</comment>
                            <comment id="13010340" author="luc" created="Wed, 23 Mar 2011 20:05:43 +0000">&lt;p&gt;Closing issue as it was included in version 2.2, which has been released&lt;/p&gt;</comment>
                    </comments>
                    <attachments>
                    </attachments>
                <subtasks>
                    </subtasks>
                <customfields>
                                                                                                                                                                                                                                                                                                                                                                                                                                                                                                                                                                                                                                                                                                                    <customfield id="customfield_12314020" key="com.atlassian.jira.plugins.jira-development-integration-plugin:devsummary">
                        <customfieldname>Development</customfieldname>
                        <customfieldvalues>
                            
                        </customfieldvalues>
                    </customfield>
                                                                                                                        <customfield id="customfield_12313422" key="com.atlassian.jirafisheyeplugin:jobcheckbox">
                        <customfieldname>Enable Automatic Patch Review</customfieldname>
                        <customfieldvalues>
                            <customfieldvalue>false</customfieldvalue>

                        </customfieldvalues>
                    </customfield>
                                                                                                                                                                                                                                                                                                                                                                                                                                                                                                                                                                                                                                                <customfield id="customfield_12310420" key="com.pyxis.greenhopper.jira:gh-global-rank">
                        <customfieldname>Global Rank</customfieldname>
                        <customfieldvalues>
                            <customfieldvalue>34169</customfieldvalue>
                        </customfieldvalues>
                    </customfield>
                                                                                                                                                                                                                                                                                                                                                                                                                                                                        <customfield id="customfield_12311820" key="com.pyxis.greenhopper.jira:gh-lexo-rank">
                        <customfieldname>Rank</customfieldname>
                        <customfieldvalues>
                            <customfieldvalue>0|i0ruvr:</customfieldvalue>

                        </customfieldvalues>
                    </customfield>
                                                                <customfield id="customfield_12310920" key="com.pyxis.greenhopper.jira:gh-global-rank">
                        <customfieldname>Rank (Obsolete)</customfieldname>
                        <customfieldvalues>
                            <customfieldvalue>160647</customfieldvalue>
                        </customfieldvalues>
                    </customfield>
                                                                                                                                                                                                                                                                                                                                                                                                                                                                                                                                                                                                                                                                                                                                                                                                                                                                                                            </customfields>
    </item>


</channel>
</rss>