<rss version="0.92">
    <channel>
        <title>ASF JIRA</title>
        <link>https://issues.apache.org/jira/issues/?jql=project+%3D+MATH+and+type+%3D+bug+and+%28status+%3D+RESOLVED+or+status+%3D+closed%29+and+resolution+%3D+Fixed+and+fixVersion+%21%3D+None++and+affectedVersion+%21%3D+None++and+affectedVersion+%21%3D+%22Nightly+Build%22</link>
        <description>An XML representation of a search request</description>
                <language>en-uk</language>
                        <issue start="0" end="335" total="335" />
                <build-info>
            <version>8.20.1</version>
            <build-number>820001</build-number>
            <build-date>28-10-2021</build-date>
        </build-info>

<item>
            <title>[MATH-1209] Documentation in PoissonDistribution.sample() has dead link</title>
                <link>https://issues.apache.org/jira/browse/MATH-1209</link>
                <project id="12310485" key="MATH">Commons Math</project>
                    <description>&lt;p&gt;The link in the javadoc at &lt;a href="http://commons.apache.org/proper/commons-math/apidocs/org/apache/commons/math3/distribution/PoissonDistribution.html" class="external-link" target="_blank" rel="nofollow noopener"&gt;http://commons.apache.org/proper/commons-math/apidocs/org/apache/commons/math3/distribution/PoissonDistribution.html&lt;/a&gt; for the sample() method points to &lt;a href="http://irmi.epfl.ch/cmos/Pmmi/interactive/rng7.htm" class="external-link" target="_blank" rel="nofollow noopener"&gt;http://irmi.epfl.ch/cmos/Pmmi/interactive/rng7.htm&lt;/a&gt;.  This link is dead.  I found it on the internet archive at &lt;a href="https://web.archive.org/web/20090909055517/http://irmi.epfl.ch/cmos/Pmmi/interactive/rng7.htm" class="external-link" target="_blank" rel="nofollow noopener"&gt;https://web.archive.org/web/20090909055517/http://irmi.epfl.ch/cmos/Pmmi/interactive/rng7.htm&lt;/a&gt;.  The documentation should be updated or maybe Apache should mirror the page.&lt;/p&gt;</description>
                <environment />
        <key id="12781252">MATH-1209</key>
            <summary>Documentation in PoissonDistribution.sample() has dead link</summary>
                <type id="1" iconUrl="https://issues.apache.org/jira/secure/viewavatar?size=xsmall&amp;avatarId=21133&amp;avatarType=issuetype">Bug</type>
                                            <priority id="3" iconUrl="https://issues.apache.org/jira/images/icons/priorities/major.svg">Major</priority>
                        <status id="6" iconUrl="https://issues.apache.org/jira/images/icons/statuses/closed.png" description="The issue is considered finished, the resolution is correct. Issues which are not closed can be reopened.">Closed</status>
                    <statusCategory id="3" key="done" colorName="green" />
                                    <resolution id="1">Fixed</resolution>
                                        <assignee username="-1">Unassigned</assignee>
                                    <reporter username="jcogilvie">Jonathan Ogilvie</reporter>
                        <labels>
                    </labels>
                <created>Wed, 11 Mar 2015 17:09:55 +0000</created>
                <updated>Sat, 18 Apr 2015 09:28:24 +0000</updated>
                            <resolved>Wed, 11 Mar 2015 21:15:01 +0000</resolved>
                                    <version>3.4.1</version>
                                    <fixVersion>4.0</fixVersion>
                    <fixVersion>3.5</fixVersion>
                                        <due />
                            <votes>0</votes>
                                    <watches>2</watches>
                                                                <comments>
                            <comment id="14357624" author="tn" created="Wed, 11 Mar 2015 21:15:01 +0000">&lt;p&gt;Fixed:&lt;/p&gt;

&lt;ul&gt;
	&lt;li&gt;master: bfb3cf8bba6aab198c4644e236bbc9f3807111d0&lt;/li&gt;
	&lt;li&gt;MATH_3_X: 502335307709b17707d5c28707d668544c85d839&lt;/li&gt;
&lt;/ul&gt;


&lt;p&gt;I have found another link at the original website.&lt;br/&gt;
Thanks for the report!&lt;/p&gt;</comment>
                            <comment id="14501209" author="luc" created="Sat, 18 Apr 2015 09:28:24 +0000">&lt;p&gt;Closing resolved issue as 3.5 has been released.&lt;/p&gt;</comment>
                    </comments>
                    <attachments>
                    </attachments>
                <subtasks>
                    </subtasks>
                <customfields>
                                                                                                                                                                                                                                                                                                                                                                                                                                                                                                                                                                                                                                                                                                                    <customfield id="customfield_12314020" key="com.atlassian.jira.plugins.jira-development-integration-plugin:devsummary">
                        <customfieldname>Development</customfieldname>
                        <customfieldvalues>
                            
                        </customfieldvalues>
                    </customfield>
                                                                                                                        <customfield id="customfield_12313422" key="com.atlassian.jirafisheyeplugin:jobcheckbox">
                        <customfieldname>Enable Automatic Patch Review</customfieldname>
                        <customfieldvalues>
                            <customfieldvalue>false</customfieldvalue>

                        </customfieldvalues>
                    </customfield>
                                                                                                                                                                                                                                                                                                                                                                                                                                                                                                                                                                                                                                                <customfield id="customfield_12310420" key="com.pyxis.greenhopper.jira:gh-global-rank">
                        <customfieldname>Global Rank</customfieldname>
                        <customfieldvalues>
                            <customfieldvalue>9223372036854775807</customfieldvalue>
                        </customfieldvalues>
                    </customfield>
                                                                                                                                                                                                                                                                                                                                                                                                                                                                        <customfield id="customfield_12311820" key="com.pyxis.greenhopper.jira:gh-lexo-rank">
                        <customfieldname>Rank</customfieldname>
                        <customfieldvalues>
                            <customfieldvalue>0|i26nav:</customfieldvalue>

                        </customfieldvalues>
                    </customfield>
                                                                <customfield id="customfield_12310920" key="com.pyxis.greenhopper.jira:gh-global-rank">
                        <customfieldname>Rank (Obsolete)</customfieldname>
                        <customfieldvalues>
                            <customfieldvalue>9223372036854775807</customfieldvalue>
                        </customfieldvalues>
                    </customfield>
                                                                                                                                                                                                                                                                                                                                                                                                                                                                                                                                                                                                                                                                                                                                                                                                                                                                                                            </customfields>
    </item>


</channel>
</rss>