<rss version="0.92">
    <channel>
        <title>ASF JIRA</title>
        <link>https://issues.apache.org/jira/issues/?jql=project+%3D+MATH+and+type+%3D+bug+and+%28status+%3D+RESOLVED+or+status+%3D+closed%29+and+resolution+%3D+Fixed+and+fixVersion+%21%3D+None++and+affectedVersion+%21%3D+None++and+affectedVersion+%21%3D+%22Nightly+Build%22</link>
        <description>An XML representation of a search request</description>
                <language>en-uk</language>
                        <issue start="0" end="335" total="335" />
                <build-info>
            <version>8.20.1</version>
            <build-number>820001</build-number>
            <build-date>28-10-2021</build-date>
        </build-info>

<item>
            <title>[MATH-993] GaussNewtonOptimizer convergence on singularity</title>
                <link>https://issues.apache.org/jira/browse/MATH-993</link>
                <project id="12310485" key="MATH">Commons Math</project>
                    <description>&lt;p&gt;I am (ab-)using the GaussNewtonOptimizer as a MultivariateFunctionSolver (as I could not find one in commons.math). Recently I stumbled upon an interesting behavior in one of my test cases: If a function is defined in a way that yields a minimum (a root in my case) at a singular point, the solver crashes. This is because of the following lines in doOptimize():&lt;/p&gt;

&lt;p&gt;catch (SingularMatrixException e) &lt;/p&gt;
{
                throw new ConvergenceException(LocalizedFormats.UNABLE_TO_SOLVE_SINGULAR_PROBLEM);
            }

&lt;p&gt;I would propose to add a convergence check into the catch-phrase, so the solver returns the solution in that special case.&lt;/p&gt;</description>
                <environment />
        <key id="12653421">MATH-993</key>
            <summary>GaussNewtonOptimizer convergence on singularity</summary>
                <type id="1" iconUrl="https://issues.apache.org/jira/secure/viewavatar?size=xsmall&amp;avatarId=21133&amp;avatarType=issuetype">Bug</type>
                                            <priority id="4" iconUrl="https://issues.apache.org/jira/images/icons/priorities/minor.svg">Minor</priority>
                        <status id="6" iconUrl="https://issues.apache.org/jira/images/icons/statuses/closed.png" description="The issue is considered finished, the resolution is correct. Issues which are not closed can be reopened.">Closed</status>
                    <statusCategory id="3" key="done" colorName="green" />
                                    <resolution id="1">Fixed</resolution>
                                        <assignee username="-1">Unassigned</assignee>
                                    <reporter username="choeger">Christoph H&#246;ger</reporter>
                        <labels>
                    </labels>
                <created>Tue, 18 Jun 2013 11:40:41 +0000</created>
                <updated>Mon, 19 May 2014 15:13:23 +0000</updated>
                            <resolved>Fri, 28 Jun 2013 10:23:51 +0000</resolved>
                                    <version>3.2</version>
                                    <fixVersion>3.3</fixVersion>
                                        <due />
                            <votes>0</votes>
                                    <watches>3</watches>
                                                                <comments>
                            <comment id="13686620" author="erans" created="Tue, 18 Jun 2013 11:58:47 +0000">&lt;p&gt;Could you please provide a unit test showing the desired behaviour? Thanks.&lt;/p&gt;

&lt;blockquote&gt;&lt;p&gt;I would propose to add a convergence check into the catch-phrase, &lt;span class="error"&gt;&amp;#91;...&amp;#93;&lt;/span&gt;&lt;/p&gt;&lt;/blockquote&gt;

&lt;p&gt;At first sight, it seems that would suffice to move the convergence check so that it happens &lt;em&gt;before&lt;/em&gt; the code block that can potentially raise the exception.&lt;/p&gt;</comment>
                            <comment id="13695370" author="erans" created="Fri, 28 Jun 2013 10:23:51 +0000">&lt;p&gt;Proposed change committed in revision 1497713.&lt;br/&gt;
All unit tests still pass, but obviously your use-case is not tested.&lt;/p&gt;</comment>
                            <comment id="14001796" author="luc" created="Mon, 19 May 2014 15:13:23 +0000">&lt;p&gt;Closing all resolved issue now available in released 3.3 version.&lt;/p&gt;</comment>
                    </comments>
                    <attachments>
                    </attachments>
                <subtasks>
                    </subtasks>
                <customfields>
                                                                                                                                                                                                                                                                                                                                                                                                                                                                                                                                                                                                                                                                                                                    <customfield id="customfield_12314020" key="com.atlassian.jira.plugins.jira-development-integration-plugin:devsummary">
                        <customfieldname>Development</customfieldname>
                        <customfieldvalues>
                            
                        </customfieldvalues>
                    </customfield>
                                                                                                                        <customfield id="customfield_12313422" key="com.atlassian.jirafisheyeplugin:jobcheckbox">
                        <customfieldname>Enable Automatic Patch Review</customfieldname>
                        <customfieldvalues>
                            <customfieldvalue>false</customfieldvalue>

                        </customfieldvalues>
                    </customfield>
                                                                                                                                                                                                                                                                                                                                                                                                                                                                                                                                                                                                                                                <customfield id="customfield_12310420" key="com.pyxis.greenhopper.jira:gh-global-rank">
                        <customfieldname>Global Rank</customfieldname>
                        <customfieldvalues>
                            <customfieldvalue>333699</customfieldvalue>
                        </customfieldvalues>
                    </customfield>
                                                                                                                                                                                                                                                                                                                                                                                                                                                                        <customfield id="customfield_12311820" key="com.pyxis.greenhopper.jira:gh-lexo-rank">
                        <customfieldname>Rank</customfieldname>
                        <customfieldvalues>
                            <customfieldvalue>0|i1lkcn:</customfieldvalue>

                        </customfieldvalues>
                    </customfield>
                                                                <customfield id="customfield_12310920" key="com.pyxis.greenhopper.jira:gh-global-rank">
                        <customfieldname>Rank (Obsolete)</customfieldname>
                        <customfieldvalues>
                            <customfieldvalue>334027</customfieldvalue>
                        </customfieldvalues>
                    </customfield>
                                                                                                                                                                                                                                                                                                                                                                                                                                                                                                                                                                                                                                                                                                                                                                                                                                                                                                            </customfields>
    </item>


</channel>
</rss>