<rss version="0.92">
    <channel>
        <title>ASF JIRA</title>
        <link>https://issues.apache.org/jira/issues/?jql=project+%3D+MATH+and+type+%3D+bug+and+%28status+%3D+RESOLVED+or+status+%3D+closed%29+and+resolution+%3D+Fixed+and+fixVersion+%21%3D+None++and+affectedVersion+%21%3D+None++and+affectedVersion+%21%3D+%22Nightly+Build%22</link>
        <description>An XML representation of a search request</description>
                <language>en-uk</language>
                        <issue start="0" end="335" total="335" />
                <build-info>
            <version>8.20.1</version>
            <build-number>820001</build-number>
            <build-date>28-10-2021</build-date>
        </build-info>

<item>
            <title>[MATH-957] Use analytical function for UniformRealDistribution.inverseCumulativeProbability</title>
                <link>https://issues.apache.org/jira/browse/MATH-957</link>
                <project id="12310485" key="MATH">Commons Math</project>
                    <description>&lt;p&gt;The inverse CDF is currently solved by a root finding function. It would be much simpler (and faster) to use the analytical expression. This would save the user from having to set the inverseCumAccuracy correctly.&lt;/p&gt;

&lt;p&gt;I've attached a patch that implements this.&lt;/p&gt;</description>
                <environment />
        <key id="12639427">MATH-957</key>
            <summary>Use analytical function for UniformRealDistribution.inverseCumulativeProbability</summary>
                <type id="1" iconUrl="https://issues.apache.org/jira/secure/viewavatar?size=xsmall&amp;avatarId=21133&amp;avatarType=issuetype">Bug</type>
                                            <priority id="3" iconUrl="https://issues.apache.org/jira/images/icons/priorities/major.svg">Major</priority>
                        <status id="6" iconUrl="https://issues.apache.org/jira/images/icons/statuses/closed.png" description="The issue is considered finished, the resolution is correct. Issues which are not closed can be reopened.">Closed</status>
                    <statusCategory id="3" key="done" colorName="green" />
                                    <resolution id="1">Fixed</resolution>
                                        <assignee username="-1">Unassigned</assignee>
                                    <reporter username="evanward1">Evan Ward</reporter>
                        <labels>
                    </labels>
                <created>Wed, 27 Mar 2013 19:18:48 +0000</created>
                <updated>Sun, 7 Apr 2013 09:21:45 +0000</updated>
                            <resolved>Thu, 28 Mar 2013 10:25:42 +0000</resolved>
                                    <version>3.2</version>
                                    <fixVersion>3.2</fixVersion>
                                        <due />
                            <votes>0</votes>
                                    <watches>3</watches>
                                                                <comments>
                            <comment id="13615646" author="evanward1" created="Wed, 27 Mar 2013 19:20:01 +0000">&lt;p&gt;Implementation and test case attached.&lt;/p&gt;</comment>
                            <comment id="13616109" author="dhendriks" created="Thu, 28 Mar 2013 07:02:43 +0000">&lt;blockquote&gt;&lt;p&gt;Implementation and test case attached.&lt;/p&gt;&lt;/blockquote&gt;

&lt;p&gt;At line 63: "new  Well19937c()": there are two spaces after 'new'... Line 79 as well.&lt;/p&gt;</comment>
                            <comment id="13616175" author="luc" created="Thu, 28 Mar 2013 10:25:42 +0000">&lt;p&gt;Fixed in subversion repository as of r1462018.&lt;/p&gt;

&lt;p&gt;Thanks for the report and for the patch.&lt;/p&gt;</comment>
                            <comment id="13624845" author="luc" created="Sun, 7 Apr 2013 09:21:45 +0000">&lt;p&gt;Closing issue as version 3.2 has been released on 2013-04-06.&lt;/p&gt;</comment>
                    </comments>
                    <attachments>
                            <attachment id="12575749" name="uniform.patch" size="5025" author="evanward1" created="Wed, 27 Mar 2013 19:20:01 +0000" />
                    </attachments>
                <subtasks>
                    </subtasks>
                <customfields>
                                                                                                                                                                                                                                                                                                                                                                                                                                                                                                                                                                                                                                                                                                                    <customfield id="customfield_12314020" key="com.atlassian.jira.plugins.jira-development-integration-plugin:devsummary">
                        <customfieldname>Development</customfieldname>
                        <customfieldvalues>
                            
                        </customfieldvalues>
                    </customfield>
                                                                                                                        <customfield id="customfield_12313422" key="com.atlassian.jirafisheyeplugin:jobcheckbox">
                        <customfieldname>Enable Automatic Patch Review</customfieldname>
                        <customfieldvalues>
                            <customfieldvalue>false</customfieldvalue>

                        </customfieldvalues>
                    </customfield>
                                                                                                                                                                                                                                                                                                                                                                                                                                                                                                                                                                                                                                                <customfield id="customfield_12310420" key="com.pyxis.greenhopper.jira:gh-global-rank">
                        <customfieldname>Global Rank</customfieldname>
                        <customfieldvalues>
                            <customfieldvalue>319897</customfieldvalue>
                        </customfieldvalues>
                    </customfield>
                                                                                                                                                                                                                                                                                                                                                                                                                                                                        <customfield id="customfield_12311820" key="com.pyxis.greenhopper.jira:gh-lexo-rank">
                        <customfieldname>Rank</customfieldname>
                        <customfieldvalues>
                            <customfieldvalue>0|i1j72f:</customfieldvalue>

                        </customfieldvalues>
                    </customfield>
                                                                <customfield id="customfield_12310920" key="com.pyxis.greenhopper.jira:gh-global-rank">
                        <customfieldname>Rank (Obsolete)</customfieldname>
                        <customfieldvalues>
                            <customfieldvalue>320238</customfieldvalue>
                        </customfieldvalues>
                    </customfield>
                                                                                                                                                                                                                                                                                                                                                                                                                                                                                                                                                                                                                                                                                                                                                                                                                                                                                                            </customfields>
    </item>


</channel>
</rss>