<rss version="0.92">
    <channel>
        <title>ASF JIRA</title>
        <link>https://issues.apache.org/jira/issues/?jql=project+%3D+MATH+and+type+%3D+bug+and+%28status+%3D+RESOLVED+or+status+%3D+closed%29+and+resolution+%3D+Fixed+and+fixVersion+%21%3D+None++and+affectedVersion+%21%3D+None++and+affectedVersion+%21%3D+%22Nightly+Build%22</link>
        <description>An XML representation of a search request</description>
                <language>en-uk</language>
                        <issue start="0" end="335" total="335" />
                <build-info>
            <version>8.20.1</version>
            <build-number>820001</build-number>
            <build-date>28-10-2021</build-date>
        </build-info>

<item>
            <title>[MATH-279] MultipleLinearRegression - test for minimum number of samples</title>
                <link>https://issues.apache.org/jira/browse/MATH-279</link>
                <project id="12310485" key="MATH">Commons Math</project>
                    <description>&lt;p&gt;It's currently possible to pass in so few rows (samples) that there isn't a row for each column (predictor).  Does this look like the right thing to do?&lt;/p&gt;

&lt;div class="code panel" style="border-width: 1px;"&gt;&lt;div class="codeContent panelContent"&gt;
&lt;pre class="code-java"&gt;Index: AbstractMultipleLinearRegression.java
===================================================================
--- AbstractMultipleLinearRegression.java       (revision 786758)
+++ AbstractMultipleLinearRegression.java       (working copy)
@@ -91,6 +91,9 @@
                   &lt;span class="code-quote"&gt;"dimension mismatch {0} != {1}"&lt;/span&gt;,
                   (x == &lt;span class="code-keyword"&gt;null&lt;/span&gt;) ? 0 : x.length,
                   (y == &lt;span class="code-keyword"&gt;null&lt;/span&gt;) ? 0 : y.length);
+        } &lt;span class="code-keyword"&gt;else&lt;/span&gt; &lt;span class="code-keyword"&gt;if&lt;/span&gt; (x[0].length &amp;gt; x.length){
+            &lt;span class="code-keyword"&gt;throw&lt;/span&gt; MathRuntimeException.createIllegalArgumentException(
+                    &lt;span class="code-quote"&gt;"not enough data ("&lt;/span&gt; + x.length + &lt;span class="code-quote"&gt;" rows) &lt;span class="code-keyword"&gt;for&lt;/span&gt; &lt;span class="code-keyword"&gt;this&lt;/span&gt; many predictors ("&lt;/span&gt; + x[0].length + &lt;span class="code-quote"&gt;" predictors)"&lt;/span&gt;);
         }
     }
 &lt;/pre&gt;
&lt;/div&gt;&lt;/div&gt;
</description>
                <environment />
        <key id="12428442">MATH-279</key>
            <summary>MultipleLinearRegression - test for minimum number of samples</summary>
                <type id="1" iconUrl="https://issues.apache.org/jira/secure/viewavatar?size=xsmall&amp;avatarId=21133&amp;avatarType=issuetype">Bug</type>
                                            <priority id="4" iconUrl="https://issues.apache.org/jira/images/icons/priorities/minor.svg">Minor</priority>
                        <status id="6" iconUrl="https://issues.apache.org/jira/images/icons/statuses/closed.png" description="The issue is considered finished, the resolution is correct. Issues which are not closed can be reopened.">Closed</status>
                    <statusCategory id="3" key="done" colorName="green" />
                                    <resolution id="1">Fixed</resolution>
                                        <assignee username="luc">Luc Maisonobe</assignee>
                                    <reporter username="mbjorkegren">Michael Bjorkegren</reporter>
                        <labels>
                    </labels>
                <created>Sat, 20 Jun 2009 07:13:00 +0000</created>
                <updated>Fri, 7 Aug 2009 09:18:13 +0000</updated>
                            <resolved>Sun, 5 Jul 2009 13:31:29 +0000</resolved>
                                    <version>2.0</version>
                                    <fixVersion>2.0</fixVersion>
                                        <due />
                            <votes>0</votes>
                                    <watches>0</watches>
                                    <timeoriginalestimate seconds="600">10m</timeoriginalestimate>
                            <timeestimate seconds="600">10m</timeestimate>
                                        <comments>
                            <comment id="12727333" author="luc" created="Sun, 5 Jul 2009 13:31:29 +0000">&lt;p&gt;fixed in subversion repository as of r791244&lt;br/&gt;
patch was only slightly modified to avoid a NPE&lt;br/&gt;
thanks for the patch&lt;/p&gt;</comment>
                            <comment id="12740473" author="luc" created="Fri, 7 Aug 2009 09:18:13 +0000">&lt;p&gt;closing resolved issue for 2.0 release&lt;/p&gt;</comment>
                    </comments>
                    <attachments>
                    </attachments>
                <subtasks>
                    </subtasks>
                <customfields>
                                                                                                                                                                                                                                                                                                                                                                                                                                                                                                                                                                                                                                                                                                                    <customfield id="customfield_12314020" key="com.atlassian.jira.plugins.jira-development-integration-plugin:devsummary">
                        <customfieldname>Development</customfieldname>
                        <customfieldvalues>
                            
                        </customfieldvalues>
                    </customfield>
                                                                                                                        <customfield id="customfield_12313422" key="com.atlassian.jirafisheyeplugin:jobcheckbox">
                        <customfieldname>Enable Automatic Patch Review</customfieldname>
                        <customfieldvalues>
                            <customfieldvalue>false</customfieldvalue>

                        </customfieldvalues>
                    </customfield>
                                                                                                                                                                                                                                                                                                                                                                                                                                                                                                                                                                                                                                                <customfield id="customfield_12310420" key="com.pyxis.greenhopper.jira:gh-global-rank">
                        <customfieldname>Global Rank</customfieldname>
                        <customfieldvalues>
                            <customfieldvalue>150478</customfieldvalue>
                        </customfieldvalues>
                    </customfield>
                                                                                                                                                                                                                                                                                                                                                                                                                                                                        <customfield id="customfield_12311820" key="com.pyxis.greenhopper.jira:gh-lexo-rank">
                        <customfieldname>Rank</customfieldname>
                        <customfieldvalues>
                            <customfieldvalue>0|i0rvfj:</customfieldvalue>

                        </customfieldvalues>
                    </customfield>
                                                                <customfield id="customfield_12310920" key="com.pyxis.greenhopper.jira:gh-global-rank">
                        <customfieldname>Rank (Obsolete)</customfieldname>
                        <customfieldvalues>
                            <customfieldvalue>160736</customfieldvalue>
                        </customfieldvalues>
                    </customfield>
                                                                                                                                                                                                                                                                                                                                                                                                                                                                                                                                                                                                                                                                                                                                                                                                                                                                                                            </customfields>
    </item>


</channel>
</rss>