<rss version="0.92">
    <channel>
        <title>ASF JIRA</title>
        <link>https://issues.apache.org/jira/issues/?jql=project+%3D+MATH+and+type+%3D+bug+and+%28status+%3D+RESOLVED+or+status+%3D+closed%29+and+resolution+%3D+Fixed+and+fixVersion+%21%3D+None++and+affectedVersion+%21%3D+None++and+affectedVersion+%21%3D+%22Nightly+Build%22</link>
        <description>An XML representation of a search request</description>
                <language>en-uk</language>
                        <issue start="0" end="335" total="335" />
                <build-info>
            <version>8.20.1</version>
            <build-number>820001</build-number>
            <build-date>28-10-2021</build-date>
        </build-info>

<item>
            <title>[MATH-1110] OLSMultipleLinearRegression needs a way to specify non-zero singularity threshold when instantiating QRDecomposition</title>
                <link>https://issues.apache.org/jira/browse/MATH-1110</link>
                <project id="12310485" key="MATH">Commons Math</project>
                    <description>&lt;p&gt;OLSMultipleLinearRegression uses QRDecomposition to perform a least-squares solution. QRDecomposition has the capability to use a non-zero threshold for detecting when the design matrix is singular (see &lt;a href="https://issues.apache.org/jira/browse/MATH-665" class="external-link" rel="nofollow"&gt;https://issues.apache.org/jira/browse/MATH-665&lt;/a&gt;, &lt;a href="https://issues.apache.org/jira/browse/MATH-1024" class="external-link" rel="nofollow"&gt;https://issues.apache.org/jira/browse/MATH-1024&lt;/a&gt;, &lt;a href="https://issues.apache.org/jira/browse/MATH-1100" class="external-link" rel="nofollow"&gt;https://issues.apache.org/jira/browse/MATH-1100&lt;/a&gt;, &lt;a href="https://issues.apache.org/jira/browse/MATH-1101" class="external-link" rel="nofollow"&gt;https://issues.apache.org/jira/browse/MATH-1101&lt;/a&gt;) but OLSMultipleLinearRegression does not use this capability and therefore always uses the default singularity test threshold of 0. This can lead to bad solutions (see in particular &lt;a href="https://issues.apache.org/jira/browse/MATH-1101?focusedCommentId=13909750&amp;amp;page=com.atlassian.jira.plugin.system.issuetabpanels:comment-tabpanel#comment-13909750" class="external-link" rel="nofollow"&gt;https://issues.apache.org/jira/browse/MATH-1101?focusedCommentId=13909750&amp;amp;page=com.atlassian.jira.plugin.system.issuetabpanels:comment-tabpanel#comment-13909750&lt;/a&gt;) when a SingularMatrixException should instead be thrown. &lt;/p&gt;

&lt;p&gt;When I encountered this situation, I noticed it because the solution values were extremely large (in the range 1e09 - 1e12). Normal values in the domain I am working with are on the order of 1e-3. To find out why the values are so large, I traced through the source and found that an rDiag value was on the order of 1e-15, and that this passed the threshold test. I then noticed that two columns of the design matrix are linearly dependent (one column is all 1's because I want an intercept value in the solution, and another is also all 1's because that's how the data worked out). Thus the matrix is definitely singular. &lt;/p&gt;

&lt;p&gt;If I could specify a non-zero threshold, this situation would result in  a SingularMatrixException, but without that, the bad solution values would be blindly propagated. That is a problem because this solution is intended for controlling a physical system, and damage could result from a bad solution. &lt;/p&gt;

&lt;p&gt;Unfortunately, I see no way to change the threshold value from outside &amp;#8211; I would have to in effect re-implement OLSMultipleLinearRegression to do this as a user of the package. &lt;/p&gt;</description>
                <environment>&lt;p&gt;Windows 7, jdk1.6.0_45&lt;/p&gt;</environment>
        <key id="12701620">MATH-1110</key>
            <summary>OLSMultipleLinearRegression needs a way to specify non-zero singularity threshold when instantiating QRDecomposition</summary>
                <type id="1" iconUrl="https://issues.apache.org/jira/secure/viewavatar?size=xsmall&amp;avatarId=21133&amp;avatarType=issuetype">Bug</type>
                                            <priority id="3" iconUrl="https://issues.apache.org/jira/images/icons/priorities/major.svg">Major</priority>
                        <status id="6" iconUrl="https://issues.apache.org/jira/images/icons/statuses/closed.png" description="The issue is considered finished, the resolution is correct. Issues which are not closed can be reopened.">Closed</status>
                    <statusCategory id="3" key="done" colorName="green" />
                                    <resolution id="1">Fixed</resolution>
                                        <assignee username="-1">Unassigned</assignee>
                                    <reporter username="ejs">Edward Segall</reporter>
                        <labels>
                    </labels>
                <created>Fri, 14 Mar 2014 22:27:01 +0000</created>
                <updated>Mon, 19 May 2014 15:13:31 +0000</updated>
                            <resolved>Thu, 1 May 2014 11:54:31 +0000</resolved>
                                    <version>3.2</version>
                                    <fixVersion>3.3</fixVersion>
                                        <due />
                            <votes>0</votes>
                                    <watches>3</watches>
                                                                <comments>
                            <comment id="13936276" author="psteitz" created="Sat, 15 Mar 2014 19:12:43 +0000">&lt;p&gt;Agreed this should be fixed.  The default should not be 0 and it should be configurable.  Patches welcome.&lt;/p&gt;</comment>
                            <comment id="13986526" author="tn" created="Thu, 1 May 2014 11:54:31 +0000">&lt;p&gt;In r1591624, added a new constructor to be able to specify a custom singularity threshold.&lt;/p&gt;</comment>
                            <comment id="14001848" author="luc" created="Mon, 19 May 2014 15:13:31 +0000">&lt;p&gt;Closing all resolved issue now available in released 3.3 version.&lt;/p&gt;</comment>
                    </comments>
                    <attachments>
                    </attachments>
                <subtasks>
                    </subtasks>
                <customfields>
                                                                                                                                                                                                                                                                                                                                                                                                                                                                                                                                                                                                                                                                                                                    <customfield id="customfield_12314020" key="com.atlassian.jira.plugins.jira-development-integration-plugin:devsummary">
                        <customfieldname>Development</customfieldname>
                        <customfieldvalues>
                            
                        </customfieldvalues>
                    </customfield>
                                                                                                                        <customfield id="customfield_12313422" key="com.atlassian.jirafisheyeplugin:jobcheckbox">
                        <customfieldname>Enable Automatic Patch Review</customfieldname>
                        <customfieldvalues>
                            <customfieldvalue>false</customfieldvalue>

                        </customfieldvalues>
                    </customfield>
                                                                                                                                                                                                                                                                                                                                                                                                                                                                                                                                                                                                                                                <customfield id="customfield_12310420" key="com.pyxis.greenhopper.jira:gh-global-rank">
                        <customfieldname>Global Rank</customfieldname>
                        <customfieldvalues>
                            <customfieldvalue>379966</customfieldvalue>
                        </customfieldvalues>
                    </customfield>
                                                                                                                                                                                                                                                                                                                                                                                                                                                                        <customfield id="customfield_12311820" key="com.pyxis.greenhopper.jira:gh-lexo-rank">
                        <customfieldname>Rank</customfieldname>
                        <customfieldvalues>
                            <customfieldvalue>0|i1tgw7:</customfieldvalue>

                        </customfieldvalues>
                    </customfield>
                                                                <customfield id="customfield_12310920" key="com.pyxis.greenhopper.jira:gh-global-rank">
                        <customfieldname>Rank (Obsolete)</customfieldname>
                        <customfieldvalues>
                            <customfieldvalue>380250</customfieldvalue>
                        </customfieldvalues>
                    </customfield>
                                                                                                                                                                                                                                                                                                                                                                                                                                                                                                                                                                                                                                                                                                                                                                                                                                                                                                            </customfields>
    </item>


</channel>
</rss>