<rss version="0.92">
    <channel>
        <title>ASF JIRA</title>
        <link>https://issues.apache.org/jira/issues/?jql=project+%3D+MATH+and+type+%3D+bug+and+%28status+%3D+RESOLVED+or+status+%3D+closed%29+and+resolution+%3D+Fixed+and+fixVersion+%21%3D+None++and+affectedVersion+%21%3D+None++and+affectedVersion+%21%3D+%22Nightly+Build%22</link>
        <description>An XML representation of a search request</description>
                <language>en-uk</language>
                        <issue start="0" end="335" total="335" />
                <build-info>
            <version>8.20.1</version>
            <build-number>820001</build-number>
            <build-date>28-10-2021</build-date>
        </build-info>

<item>
            <title>[MATH-1453] Mann-Whitney U Test returns maximum of U1 and U2</title>
                <link>https://issues.apache.org/jira/browse/MATH-1453</link>
                <project id="12310485" key="MATH">Commons Math</project>
                    <description>&lt;p&gt;Currently, I need to use Mann-Whitney U Test and I figured out that Apache Commons Math has it implemented. After consulting the &lt;a href="https://en.wikipedia.org/wiki/Mann%E2%80%93Whitney_U_test" class="external-link" target="_blank" rel="nofollow noopener"&gt;Wiki&lt;/a&gt; presented in the Java Doc, it indicates that the U statistic of this test is the minimum among U1 and U2. However, when I look into Apache Commons Math &lt;tt&gt;MannWhitneyUTest.mannWhitneyU()&lt;/tt&gt; method, it returns the maximum of U1 and U2. In fact, the code of this method is the following: &lt;/p&gt;

&lt;p&gt;&#160;&lt;/p&gt;
&lt;div class="code panel" style="border-width: 1px;"&gt;&lt;div class="codeContent panelContent"&gt;
&lt;pre class="code-java"&gt;
&lt;span class="code-keyword"&gt;public&lt;/span&gt; &lt;span class="code-object"&gt;double&lt;/span&gt; mannWhitneyU(&lt;span class="code-object"&gt;double&lt;/span&gt;[] x, &lt;span class="code-object"&gt;double&lt;/span&gt;[] y) &lt;span class="code-keyword"&gt;throws&lt;/span&gt; NullArgumentException, NoDataException {
  &lt;span class="code-keyword"&gt;this&lt;/span&gt;.ensureDataConformance(x, y);
  &lt;span class="code-object"&gt;double&lt;/span&gt;[] z = &lt;span class="code-keyword"&gt;this&lt;/span&gt;.concatenateSamples(x, y);
  &lt;span class="code-object"&gt;double&lt;/span&gt;[] ranks = &lt;span class="code-keyword"&gt;this&lt;/span&gt;.naturalRanking.rank(z);
  &lt;span class="code-object"&gt;double&lt;/span&gt; sumRankX = 0.0D;

  &lt;span class="code-keyword"&gt;for&lt;/span&gt;(&lt;span class="code-object"&gt;int&lt;/span&gt; i = 0; i &amp;lt; x.length; ++i) {
    sumRankX += ranks[i];
  }

  &lt;span class="code-object"&gt;double&lt;/span&gt; U1 = sumRankX - (&lt;span class="code-object"&gt;double&lt;/span&gt;)((&lt;span class="code-object"&gt;long&lt;/span&gt;)x.length * (&lt;span class="code-object"&gt;long&lt;/span&gt;)(x.length + 1) / 2L);
  &lt;span class="code-object"&gt;double&lt;/span&gt; U2 = (&lt;span class="code-object"&gt;double&lt;/span&gt;)((&lt;span class="code-object"&gt;long&lt;/span&gt;)x.length * (&lt;span class="code-object"&gt;long&lt;/span&gt;)y.length) - U1;
  &lt;span class="code-keyword"&gt;return&lt;/span&gt; FastMath.max(U1, U2);
}
&lt;/pre&gt;
&lt;/div&gt;&lt;/div&gt;
&lt;p&gt;Also, in the Java Doc it is stated that the maximum value of U1 and U2 is returned.&lt;/p&gt;

&lt;p&gt;&#160;&lt;br/&gt;
My question is why Apache Commons returns the maximum of those two values, whereas all other sources I found online indicate returning the minimum? If this is not wrong, then shouldn't the Java Doc be updated to include a source that justifies that the maximum U should be returned.&lt;/p&gt;</description>
                <environment />
        <key id="13141758">MATH-1453</key>
            <summary>Mann-Whitney U Test returns maximum of U1 and U2</summary>
                <type id="1" iconUrl="https://issues.apache.org/jira/secure/viewavatar?size=xsmall&amp;avatarId=21133&amp;avatarType=issuetype">Bug</type>
                                            <priority id="2" iconUrl="https://issues.apache.org/jira/images/icons/priorities/critical.svg">Critical</priority>
                        <status id="5" iconUrl="https://issues.apache.org/jira/images/icons/statuses/resolved.png" description="A resolution has been taken, and it is awaiting verification by reporter. From here issues are either reopened, or are closed.">Resolved</status>
                    <statusCategory id="3" key="done" colorName="green" />
                                    <resolution id="1">Fixed</resolution>
                                        <assignee username="amarlearning">Amar Prakash Pandey</assignee>
                                    <reporter username="nikos.katsip">Nikos Katsipoulakis</reporter>
                        <labels>
                    </labels>
                <created>Thu, 1 Mar 2018 10:46:21 +0000</created>
                <updated>Tue, 1 Jun 2021 19:03:36 +0000</updated>
                            <resolved>Mon, 31 May 2021 13:32:21 +0000</resolved>
                                    <version>3.6.1</version>
                                    <fixVersion>4.0</fixVersion>
                                        <due />
                            <votes>0</votes>
                                    <watches>6</watches>
                                            <timeestimate seconds="0">0h</timeestimate>
                            <timespent seconds="1200">20m</timespent>
                                <comments>
                            <comment id="16381886" author="erans" created="Thu, 1 Mar 2018 12:00:05 +0000">&lt;p&gt;Thanks for your interest in this project.&lt;br/&gt;
We are currently looking for contributors for refactoring the &lt;tt&gt;stat&lt;/tt&gt; package of "Commons Math". A &lt;a href="http://commons.apache.org/proper/commons-statistics/" class="external-link" target="_blank" rel="nofollow noopener"&gt;new project&lt;/a&gt; has been set up.&lt;/p&gt;

&lt;p&gt;For the particular issue which you raise, a unit test showing the problem is most welcome (e.g. comparing with the value computed by another implementation on identical input).  Thanks.&lt;/p&gt;</comment>
                            <comment id="16458890" author="psteitz" created="Mon, 30 Apr 2018 19:03:31 +0000">&lt;p&gt;The minimum value is what should be reported as the value of the statistic.&#160; That is in fact what is used by the code to estimate p-values.&#160; The p-value computation also suffers from some accuracy issues.&#160; First, no continuity correction is applied when computing the normal approximation.&#160; Second (as noted in the javadoc), nothing is done to adjust the variance in the presence of ties in the data.&#160; &#160;The patch applied to fix &lt;a href="https://github.com/Hipparchus-Math/hipparchus/issues/38" class="external-link" target="_blank" rel="nofollow noopener"&gt;this issue&lt;/a&gt;&#160;in Hipparchus could be fairly easily backported to current &lt;span class="error"&gt;&amp;#91;math&amp;#93;&lt;/span&gt; code.&#160; The patch there also includes exact computation of p-values for very small samples.&#160; Patches welcome there too, of course.&lt;/p&gt;</comment>
                            <comment id="17068853" author="erans" created="Fri, 27 Mar 2020 16:27:14 +0000">&lt;p&gt;&lt;a href="https://issues.apache.org/jira/secure/ViewProfile.jspa?name=nikos.katsip" class="user-hover" rel="nikos.katsip"&gt;nikos.katsip&lt;/a&gt;,&lt;br/&gt;
Did you intentionally resolve this issue?  If so, I don't understand the resolution setting ("Later"): Is it an bug or not?&lt;/p&gt;</comment>
                            <comment id="17068922" author="nikos.katsip" created="Fri, 27 Mar 2020 17:28:39 +0000">&lt;p&gt;&lt;a href="https://issues.apache.org/jira/secure/ViewProfile.jspa?name=erans" class="user-hover" rel="erans"&gt;erans&lt;/a&gt; yes, since it has been open for more than a year now. In my understanding, "Later" means that it can be resolved in the future, as it doesn't pose a critical feature.&lt;/p&gt;</comment>
                            <comment id="17069070" author="erans" created="Fri, 27 Mar 2020 21:51:47 +0000">&lt;blockquote&gt;&lt;p&gt;it can be resolved in the future&lt;/p&gt;&lt;/blockquote&gt;

&lt;p&gt;I doubt that someone will ever come back to an issue marked as "resolved"...&lt;/p&gt;</comment>
                            <comment id="17242075" author="hd1" created="Wed, 2 Dec 2020 06:19:44 +0000">&lt;p&gt;The attached patch:&lt;br/&gt;
 1) alters the return type of mannWhitneyU to a java.util.Map with two keys:&lt;br/&gt;
 a) "minimum", which does what Nikos Katsipoulakis calls for.&lt;br/&gt;
 b) "maximum", which maintains current behaviour. &lt;br/&gt;
 2. Updates the test to reflect the changed return value and make them pass.&lt;/p&gt;

&lt;p&gt;I look forward to seeing this closed in short order. &lt;span class="nobr"&gt;&lt;a href="https://issues.apache.org/jira/secure/attachment/13016329/13016329_1453.diff" title="1453.diff attached to MATH-1453"&gt;1453.diff&lt;sup&gt;&lt;img class="rendericon" src="https://issues.apache.org/jira/images/icons/link_attachment_7.gif" height="7" width="7" align="absmiddle" alt="" border="0"/&gt;&lt;/sup&gt;&lt;/a&gt;&lt;/span&gt; &lt;/p&gt;</comment>
                            <comment id="17242732" author="erans" created="Wed, 2 Dec 2020 21:20:05 +0000">&lt;blockquote&gt;&lt;p&gt;attached patch&lt;/p&gt;&lt;/blockquote&gt;

&lt;p&gt;The correct fix is explained in a previous comment.&lt;/p&gt;</comment>
                            <comment id="17349960" author="amarlearning" created="Sun, 23 May 2021 09:36:21 +0000">&lt;p&gt;&lt;a href="https://issues.apache.org/jira/secure/ViewProfile.jspa?name=erans" class="user-hover" rel="erans"&gt;erans&lt;/a&gt;, Can I take this issue?&lt;/p&gt;</comment>
                            <comment id="17350015" author="erans" created="Sun, 23 May 2021 11:20:53 +0000">&lt;p&gt;You are welcome to fix as many bugs as you want. &lt;img class="emoticon" src="https://issues.apache.org/jira/images/icons/emoticons/wink.png" height="16" width="16" align="absmiddle" alt="" border="0"/&gt;&lt;/p&gt;

&lt;p&gt;Please note that the "master" branch has been obsoleted by the pending updates for implementing &lt;a href="https://issues.apache.org/jira/browse/MATH-1575" title="Modularization" class="issue-link" data-issue-key="MATH-1575"&gt;MATH-1575&lt;/a&gt; (modularization); thus, until the &lt;a href="https://gitbox.apache.org/repos/asf?p=commons-math.git;a=shortlog;h=refs/heads/modularized_master" class="external-link" target="_blank" rel="nofollow noopener"&gt;&lt;tt&gt;"modularized_master"&lt;/tt&gt; branch&lt;/a&gt; is merged into the "master" branch, you should provide a patch against the former (where the whole "stat" package is in module "legacy").&lt;/p&gt;</comment>
                            <comment id="17350024" author="amarlearning" created="Sun, 23 May 2021 12:22:11 +0000">&lt;p&gt;If I understood it clearly, I have to create a `bug fix` branch from the `master` branch and open a pull request?&lt;/p&gt;

&lt;p&gt;Please correct me if I missed anything.&lt;/p&gt;</comment>
                            <comment id="17350037" author="erans" created="Sun, 23 May 2021 13:11:53 +0000">&lt;blockquote&gt;&lt;p&gt;&lt;span class="error"&gt;&amp;#91;...&amp;#93;&lt;/span&gt; from the `master` branch&lt;/p&gt;&lt;/blockquote&gt;

&lt;p&gt;No; for now, PRs should be against the "modularized_master" branch because all the codes were moved into another package: &lt;tt&gt;o.a.c.math4&lt;/tt&gt; (in "master") -&amp;gt; &lt;tt&gt;o.a.c.math4.legacy&lt;/tt&gt; (in "modularized_master").&lt;/p&gt;</comment>
                            <comment id="17350151" author="amarlearning" created="Sun, 23 May 2021 22:21:33 +0000">&lt;p&gt;Thank you for explaining me, I will open a PR soon.&lt;/p&gt;</comment>
                            <comment id="17351143" author="amarlearning" created="Tue, 25 May 2021 15:42:15 +0000">&lt;p&gt;&lt;a href="https://issues.apache.org/jira/secure/ViewProfile.jspa?name=erans" class="user-hover" rel="erans"&gt;erans&lt;/a&gt;&#160;can you please tell me which java formatter we use in this project? I am using the default IntelliJ formatter and I see some change in files.&lt;/p&gt;</comment>
                            <comment id="17351244" author="erans" created="Tue, 25 May 2021 17:47:07 +0000">&lt;blockquote&gt;&lt;p&gt;which java formatter we use in this project?&lt;/p&gt;&lt;/blockquote&gt;
&lt;p&gt;Personally I don't use any; more exactly, the emacs defaults seem to work fine. For IDE configuration, you should ask on the "dev" ML (prefixing the "Subject: " line with "&lt;span class="error"&gt;&amp;#91;All&amp;#93;&lt;/span&gt;&lt;span class="error"&gt;&amp;#91;Math&amp;#93;&lt;/span&gt;" to attract more attention).&lt;/p&gt;</comment>
                            <comment id="17351350" author="amarlearning" created="Tue, 25 May 2021 20:45:48 +0000">&lt;p&gt;&lt;a href="https://issues.apache.org/jira/secure/ViewProfile.jspa?name=erans" class="user-hover" rel="erans"&gt;erans&lt;/a&gt;&#160;Thank you. I have opened a PR for this issue.&lt;/p&gt;</comment>
                            <comment id="17351361" author="erans" created="Tue, 25 May 2021 21:32:51 +0000">&lt;p&gt;Looking at the &lt;a href="https://github.com/apache/commons-math/pull/179" class="external-link" target="_blank" rel="nofollow noopener"&gt;PR&lt;/a&gt;, it looks like there are spurious white spaces (tabs?).&lt;/p&gt;</comment>
                            <comment id="17352691" author="amarlearning" created="Thu, 27 May 2021 18:45:16 +0000">&lt;p&gt;&lt;a href="https://issues.apache.org/jira/secure/ViewProfile.jspa?name=erans" class="user-hover" rel="erans"&gt;erans&lt;/a&gt;&#160;sorry for the late reply. As mentioned in the guideline, I have used space for formatting, not tabs.&lt;/p&gt;</comment>
                            <comment id="17352749" author="erans" created="Thu, 27 May 2021 20:48:32 +0000">&lt;blockquote&gt;&lt;p&gt;I have used space for formatting, not tabs.&lt;/p&gt;&lt;/blockquote&gt;

&lt;p&gt;Good.&lt;br/&gt;
But then it could be that your IDE is configured to "pretty-print" the entire file &lt;img class="emoticon" src="https://issues.apache.org/jira/images/icons/emoticons/help_16.png" height="16" width="16" align="absmiddle" alt="" border="0"/&gt;.&lt;br/&gt;
This feature should be deactivated when performing a functional change.&lt;br/&gt;
Alternatively, you could edit the file and provide a PR for fixing only the spacing issues (if that's the case).  And subsequently fix the bug.&lt;/p&gt;</comment>
                            <comment id="17352751" author="amarlearning" created="Thu, 27 May 2021 20:50:31 +0000">&lt;p&gt;Ok, I will remove all kinds of formatting changes and only add change to this PR to resolve this bug.&lt;/p&gt;

&lt;p&gt;&#160;&lt;/p&gt;

&lt;p&gt;In my future PR, I will fix only the spacing issue.&lt;/p&gt;</comment>
                            <comment id="17352761" author="amarlearning" created="Thu, 27 May 2021 21:16:40 +0000">&lt;p&gt;&lt;a href="https://issues.apache.org/jira/secure/ViewProfile.jspa?name=erans" class="user-hover" rel="erans"&gt;erans&lt;/a&gt;&#160;I have made changes as requested by you.&#160;&lt;img class="emoticon" src="https://issues.apache.org/jira/images/icons/emoticons/wink.png" height="16" width="16" align="absmiddle" alt="" border="0"/&gt;&lt;/p&gt;</comment>
                            <comment id="17352905" author="erans" created="Fri, 28 May 2021 00:34:38 +0000">&lt;p&gt;Please provide the link to the PR (after "rebasing").&lt;br/&gt;
Note: There seems to be 2 people concurrently proposing PRs for this issue &lt;img class="emoticon" src="https://issues.apache.org/jira/images/icons/emoticons/help_16.png" height="16" width="16" align="absmiddle" alt="" border="0"/&gt;.  Please try and coordinate. &lt;img class="emoticon" src="https://issues.apache.org/jira/images/icons/emoticons/wink.png" height="16" width="16" align="absmiddle" alt="" border="0"/&gt;&lt;/p&gt;</comment>
                            <comment id="17353355" author="erans" created="Fri, 28 May 2021 13:27:35 +0000">&lt;p&gt;I've merged &lt;a href="https://github.com/apache/commons-math/pull/179" class="external-link" target="_blank" rel="nofollow noopener"&gt;PR #179&lt;/a&gt; in commit f29d5c97d38153c1ac62a751343d217e112f4af1 in "modularized_master" branch).&lt;/p&gt;

&lt;p&gt;Although it fixes the issue reported, it is not complete fix.&lt;br/&gt;
Will you look into porting the improvements referred to in an earlier comment?&lt;/p&gt;</comment>
                            <comment id="17353375" author="amarlearning" created="Fri, 28 May 2021 14:11:13 +0000">&lt;p&gt;&amp;gt;&#160;I've merged&#160;&lt;a href="https://github.com/apache/commons-math/pull/179" class="external-link" target="_blank" rel="nofollow noopener"&gt;PR #179&lt;/a&gt;&#160;in commit f29d5c97d38153c1ac62a751343d217e112f4af1 in "modularized_master" branch).&lt;/p&gt;

&lt;p&gt;Thank you.&lt;/p&gt;

&lt;p&gt;&#160;&lt;/p&gt;

&lt;p&gt;&amp;gt;&#160;Will you look into porting the improvements referred to in an earlier comment?&lt;/p&gt;

&lt;p&gt;I am not sure which comment you are referring to, can you help?&lt;/p&gt;

&lt;p&gt;&#160;&lt;/p&gt;</comment>
                            <comment id="17353379" author="erans" created="Fri, 28 May 2021 14:22:53 +0000">&lt;p&gt;Second &lt;a href="https://issues.apache.org/jira/browse/MATH-1453?focusedCommentId=16458890&amp;amp;page=com.atlassian.jira.plugin.system.issuetabpanels:comment-tabpanel#comment-16458890" class="external-link" rel="nofollow"&gt;comment&lt;/a&gt; from the top.&lt;/p&gt;</comment>
                            <comment id="17353517" author="amarlearning" created="Fri, 28 May 2021 18:57:07 +0000">&lt;p&gt;Ok. I will do that.&lt;/p&gt;

&lt;p&gt;Can you please assign me to this issue, just to avoid confusion?&lt;/p&gt;</comment>
                            <comment id="17354465" author="erans" created="Mon, 31 May 2021 13:32:21 +0000">&lt;p&gt;Commit f29d5c97d38153c1ac62a751343d217e112f4af1 ("master" branch).&lt;/p&gt;</comment>
                            <comment id="17355272" author="amarlearning" created="Tue, 1 Jun 2021 17:57:01 +0000">&lt;p&gt;&lt;a href="https://issues.apache.org/jira/secure/ViewProfile.jspa?name=erans" class="user-hover" rel="erans"&gt;erans&lt;/a&gt;&#160;you have closed the issue.&lt;/p&gt;

&lt;p&gt;&amp;gt;&#160;Will you look into porting the improvements referred to in an earlier comment?&#160;&lt;/p&gt;

&lt;p&gt;Shall I work on the above comment or not?&lt;/p&gt;</comment>
                            <comment id="17355277" author="erans" created="Tue, 1 Jun 2021 18:06:47 +0000">&lt;blockquote&gt;&lt;p&gt;Shall I work on the above comment or not?&lt;/p&gt;&lt;/blockquote&gt;

&lt;p&gt;You are welcome to do it, of course! &lt;img class="emoticon" src="https://issues.apache.org/jira/images/icons/emoticons/smile.png" height="16" width="16" align="absmiddle" alt="" border="0"/&gt;&lt;/p&gt;

&lt;p&gt;Please file a new report (with a link to this one) since it is another issue.  Thanks.&lt;/p&gt;</comment>
                            <comment id="17355297" author="amarlearning" created="Tue, 1 Jun 2021 19:03:36 +0000">&lt;p&gt;Okay, that makes more sense. on it!&lt;/p&gt;</comment>
                    </comments>
                    <attachments>
                            <attachment id="13016329" name="1453.diff" size="2626" author="hd1" created="Wed, 2 Dec 2020 06:19:12 +0000" />
                    </attachments>
                <subtasks>
                    </subtasks>
                <customfields>
                                                                                                                                                                                                                                                                                                                                                                                                                                                                                                                                                                                                                                                                                                                    <customfield id="customfield_12314020" key="com.atlassian.jira.plugins.jira-development-integration-plugin:devsummary">
                        <customfieldname>Development</customfieldname>
                        <customfieldvalues>
                            
                        </customfieldvalues>
                    </customfield>
                                                                                                                        <customfield id="customfield_12313422" key="com.atlassian.jirafisheyeplugin:jobcheckbox">
                        <customfieldname>Enable Automatic Patch Review</customfieldname>
                        <customfieldvalues>
                            <customfieldvalue>false</customfieldvalue>

                        </customfieldvalues>
                    </customfield>
                                                                                                                                                                                                                                                                                                                                                                                                                                                                                                                                                                                                                                                <customfield id="customfield_12310420" key="com.pyxis.greenhopper.jira:gh-global-rank">
                        <customfieldname>Global Rank</customfieldname>
                        <customfieldvalues>
                            <customfieldvalue>9223372036854775807</customfieldvalue>
                        </customfieldvalues>
                    </customfield>
                                                                                                                                                                                                                                                                                                                                                                                                                                                                        <customfield id="customfield_12311820" key="com.pyxis.greenhopper.jira:gh-lexo-rank">
                        <customfieldname>Rank</customfieldname>
                        <customfieldvalues>
                            <customfieldvalue>0|i3qqkf:</customfieldvalue>

                        </customfieldvalues>
                    </customfield>
                                                                <customfield id="customfield_12310920" key="com.pyxis.greenhopper.jira:gh-global-rank">
                        <customfieldname>Rank (Obsolete)</customfieldname>
                        <customfieldvalues>
                            <customfieldvalue>9223372036854775807</customfieldvalue>
                        </customfieldvalues>
                    </customfield>
                                                                                                                                                                                                                                                                                                                                                                                                                                                                                                                                                                                                                                                                                                                                                                                                                                                                                                            </customfields>
    </item>


</channel>
</rss>