<rss version="0.92">
    <channel>
        <title>ASF JIRA</title>
        <link>https://issues.apache.org/jira/issues/?jql=project+%3D+MATH+and+type+%3D+bug+and+%28status+%3D+RESOLVED+or+status+%3D+closed%29+and+resolution+%3D+Fixed+and+fixVersion+%21%3D+None++and+affectedVersion+%21%3D+None++and+affectedVersion+%21%3D+%22Nightly+Build%22</link>
        <description>An XML representation of a search request</description>
                <language>en-uk</language>
                        <issue start="0" end="335" total="335" />
                <build-info>
            <version>8.20.1</version>
            <build-number>820001</build-number>
            <build-date>28-10-2021</build-date>
        </build-info>

<item>
            <title>[MATH-1297] multistep integrator start failure triggers NPE</title>
                <link>https://issues.apache.org/jira/browse/MATH-1297</link>
                <project id="12310485" key="MATH">Commons Math</project>
                    <description>&lt;p&gt;Multistep ODE integrators like Adams-Bashforth and Adams-Moulton require a starter procedure.&lt;br/&gt;
If the starter integrator is not configured properly, it will not create the necessary number of initial points and the multistep integrator will not be initialized correctly. This results in NullPointErException when the scaling array is referenced later on.&lt;/p&gt;

&lt;p&gt;The following test case (with an intentionally wrong starter configuration) shows the problem.&lt;/p&gt;

&lt;div class="code panel" style="border-width: 1px;"&gt;&lt;div class="codeContent panelContent"&gt;
&lt;pre class="code-java"&gt;@Test
&lt;span class="code-keyword"&gt;public&lt;/span&gt; void testStartFailure() {

     TestProblem1 pb = &lt;span class="code-keyword"&gt;new&lt;/span&gt; TestProblem1();
      &lt;span class="code-object"&gt;double&lt;/span&gt; minStep = 0.0001 * (pb.getFinalTime() - pb.getInitialTime());
      &lt;span class="code-object"&gt;double&lt;/span&gt; maxStep = pb.getFinalTime() - pb.getInitialTime();
      &lt;span class="code-object"&gt;double&lt;/span&gt; scalAbsoluteTolerance = 1.0e-6;
      &lt;span class="code-object"&gt;double&lt;/span&gt; scalRelativeTolerance = 1.0e-7;

      MultistepIntegrator integ =
          &lt;span class="code-keyword"&gt;new&lt;/span&gt; AdamsBashforthIntegrator(4, minStep, maxStep,
                                                            scalAbsoluteTolerance,
                                                            scalRelativeTolerance);
      integ.setStarterIntegrator(&lt;span class="code-keyword"&gt;new&lt;/span&gt; DormandPrince853Integrator(0.2 * (pb.getFinalTime() - pb.getInitialTime()),
                                                                pb.getFinalTime() - pb.getInitialTime(),
                                                                0.1, 0.1));
      TestProblemHandler handler = &lt;span class="code-keyword"&gt;new&lt;/span&gt; TestProblemHandler(pb, integ);
      integ.addStepHandler(handler);
      integ.integrate(pb,
                             pb.getInitialTime(), pb.getInitialState(),
                             pb.getFinalTime(), &lt;span class="code-keyword"&gt;new&lt;/span&gt; &lt;span class="code-object"&gt;double&lt;/span&gt;[pb.getDimension()]);

    }
&lt;/pre&gt;
&lt;/div&gt;&lt;/div&gt;

&lt;p&gt;Failure to start the integrator should be detected and an appropriate exception should be triggered.&lt;/p&gt;</description>
                <environment />
        <key id="12921671">MATH-1297</key>
            <summary>multistep integrator start failure triggers NPE</summary>
                <type id="1" iconUrl="https://issues.apache.org/jira/secure/viewavatar?size=xsmall&amp;avatarId=21133&amp;avatarType=issuetype">Bug</type>
                                            <priority id="3" iconUrl="https://issues.apache.org/jira/images/icons/priorities/major.svg">Major</priority>
                        <status id="6" iconUrl="https://issues.apache.org/jira/images/icons/statuses/closed.png" description="The issue is considered finished, the resolution is correct. Issues which are not closed can be reopened.">Closed</status>
                    <statusCategory id="3" key="done" colorName="green" />
                                    <resolution id="1">Fixed</resolution>
                                        <assignee username="luc">Luc Maisonobe</assignee>
                                    <reporter username="luc">Luc Maisonobe</reporter>
                        <labels>
                    </labels>
                <created>Mon, 14 Dec 2015 14:09:04 +0000</created>
                <updated>Mon, 25 Jan 2016 20:27:58 +0000</updated>
                            <resolved>Sun, 27 Dec 2015 12:43:22 +0000</resolved>
                                    <version>3.5</version>
                                    <fixVersion>3.6</fixVersion>
                                        <due />
                            <votes>0</votes>
                                    <watches>1</watches>
                                                                <comments>
                            <comment id="15072142" author="luc" created="Sun, 27 Dec 2015 12:43:22 +0000">&lt;p&gt;Fixed in git repository, both in MATH_3_X and master branches.&lt;/p&gt;</comment>
                            <comment id="15115954" author="luc" created="Mon, 25 Jan 2016 20:27:58 +0000">&lt;p&gt;Closing all resolved issues that were included in 3.6 release.&lt;/p&gt;</comment>
                    </comments>
                    <attachments>
                    </attachments>
                <subtasks>
                    </subtasks>
                <customfields>
                                                                                                                                                                                                                                                                                                                                                                                                                                                                                                                                                                                                                                                                                                                    <customfield id="customfield_12314020" key="com.atlassian.jira.plugins.jira-development-integration-plugin:devsummary">
                        <customfieldname>Development</customfieldname>
                        <customfieldvalues>
                            
                        </customfieldvalues>
                    </customfield>
                                                                                                                        <customfield id="customfield_12313422" key="com.atlassian.jirafisheyeplugin:jobcheckbox">
                        <customfieldname>Enable Automatic Patch Review</customfieldname>
                        <customfieldvalues>
                            <customfieldvalue>false</customfieldvalue>

                        </customfieldvalues>
                    </customfield>
                                                                                                                                                                                                                                                                                                                                                                                                                                                                                                                                                                                                                                                <customfield id="customfield_12310420" key="com.pyxis.greenhopper.jira:gh-global-rank">
                        <customfieldname>Global Rank</customfieldname>
                        <customfieldvalues>
                            <customfieldvalue>9223372036854775807</customfieldvalue>
                        </customfieldvalues>
                    </customfield>
                                                                                                                                                                                                                                                                                                                                                                                                                                                                        <customfield id="customfield_12311820" key="com.pyxis.greenhopper.jira:gh-lexo-rank">
                        <customfieldname>Rank</customfieldname>
                        <customfieldvalues>
                            <customfieldvalue>0|i2pux3:</customfieldvalue>

                        </customfieldvalues>
                    </customfield>
                                                                <customfield id="customfield_12310920" key="com.pyxis.greenhopper.jira:gh-global-rank">
                        <customfieldname>Rank (Obsolete)</customfieldname>
                        <customfieldvalues>
                            <customfieldvalue>9223372036854775807</customfieldvalue>
                        </customfieldvalues>
                    </customfield>
                                                                                                                                                                                                                                                                                                                                                                                                                                                                                                                                                                                                                                                                                                                                                                                                                                                                                                            </customfields>
    </item>


</channel>
</rss>