<rss version="0.92">
    <channel>
        <title>ASF JIRA</title>
        <link>https://issues.apache.org/jira/issues/?jql=project+%3D+MATH+and+type+%3D+bug+and+%28status+%3D+RESOLVED+or+status+%3D+closed%29+and+resolution+%3D+Fixed+and+fixVersion+%21%3D+None++and+affectedVersion+%21%3D+None++and+affectedVersion+%21%3D+%22Nightly+Build%22</link>
        <description>An XML representation of a search request</description>
                <language>en-uk</language>
                        <issue start="0" end="335" total="335" />
                <build-info>
            <version>8.20.1</version>
            <build-number>820001</build-number>
            <build-date>28-10-2021</build-date>
        </build-info>

<item>
            <title>[MATH-802] RealVector.subtract(RealVector) returns wrong answer.</title>
                <link>https://issues.apache.org/jira/browse/MATH-802</link>
                <project id="12310485" key="MATH">Commons Math</project>
                    <description>&lt;p&gt;The following piece of code&lt;/p&gt;
&lt;div class="code panel" style="border-width: 1px;"&gt;&lt;div class="codeContent panelContent"&gt;
&lt;pre class="code-java"&gt;&lt;span class="code-keyword"&gt;import&lt;/span&gt; org.apache.commons.math3.linear.ArrayRealVector;
&lt;span class="code-keyword"&gt;import&lt;/span&gt; org.apache.commons.math3.linear.OpenMapRealVector;
&lt;span class="code-keyword"&gt;import&lt;/span&gt; org.apache.commons.math3.linear.RealVectorFormat;

&lt;span class="code-keyword"&gt;public&lt;/span&gt; &lt;span class="code-keyword"&gt;class &lt;/span&gt;DemoMath {

    &lt;span class="code-keyword"&gt;public&lt;/span&gt; &lt;span class="code-keyword"&gt;static&lt;/span&gt; void main(&lt;span class="code-object"&gt;String&lt;/span&gt;[] args) {
        &lt;span class="code-keyword"&gt;final&lt;/span&gt; &lt;span class="code-object"&gt;double&lt;/span&gt;[] data1 = {
            0d, 1d, 0d, 0d, 2d
        };
        &lt;span class="code-keyword"&gt;final&lt;/span&gt; &lt;span class="code-object"&gt;double&lt;/span&gt;[] data2 = {
            3d, 0d, 4d, 0d, 5d
        };
        &lt;span class="code-keyword"&gt;final&lt;/span&gt; RealVectorFormat format = &lt;span class="code-keyword"&gt;new&lt;/span&gt; RealVectorFormat();
        &lt;span class="code-object"&gt;System&lt;/span&gt;.out.println(format.format(&lt;span class="code-keyword"&gt;new&lt;/span&gt; ArrayRealVector(data1)
            .subtract(&lt;span class="code-keyword"&gt;new&lt;/span&gt; ArrayRealVector(data2))));
        &lt;span class="code-object"&gt;System&lt;/span&gt;.out.println(format.format(&lt;span class="code-keyword"&gt;new&lt;/span&gt; OpenMapRealVector(data1)
            .subtract(&lt;span class="code-keyword"&gt;new&lt;/span&gt; ArrayRealVector(data2))));
    }
}
&lt;/pre&gt;
&lt;/div&gt;&lt;/div&gt;

&lt;p&gt;prints&lt;/p&gt;
&lt;div class="preformatted panel" style="border-width: 1px;"&gt;&lt;div class="preformattedContent panelContent"&gt;
&lt;pre&gt;{-3; 1; -4; 0; -3}
{3; 1; 4; 0; -3}
&lt;/pre&gt;
&lt;/div&gt;&lt;/div&gt;

&lt;p&gt;the second line being wrong. In fact, when subtracting mixed types, &lt;tt&gt;OpenMapRealVector&lt;/tt&gt; delegates to the default implementation in &lt;tt&gt;RealVector&lt;/tt&gt; which is buggy.&lt;/p&gt;</description>
                <environment />
        <key id="12560043">MATH-802</key>
            <summary>RealVector.subtract(RealVector) returns wrong answer.</summary>
                <type id="1" iconUrl="https://issues.apache.org/jira/secure/viewavatar?size=xsmall&amp;avatarId=21133&amp;avatarType=issuetype">Bug</type>
                                            <priority id="3" iconUrl="https://issues.apache.org/jira/images/icons/priorities/major.svg">Major</priority>
                        <status id="6" iconUrl="https://issues.apache.org/jira/images/icons/statuses/closed.png" description="The issue is considered finished, the resolution is correct. Issues which are not closed can be reopened.">Closed</status>
                    <statusCategory id="3" key="done" colorName="green" />
                                    <resolution id="1">Fixed</resolution>
                                        <assignee username="celestin">Sebastien Brisard</assignee>
                                    <reporter username="celestin">Sebastien Brisard</reporter>
                        <labels>
                    </labels>
                <created>Sat, 9 Jun 2012 13:05:52 +0000</created>
                <updated>Mon, 4 Mar 2013 18:53:23 +0000</updated>
                            <resolved>Sat, 9 Jun 2012 13:14:38 +0000</resolved>
                                    <version>3.0</version>
                                    <fixVersion>3.1</fixVersion>
                                        <due />
                            <votes>0</votes>
                                    <watches>1</watches>
                                                                <comments>
                            <comment id="13292333" author="celestin" created="Sat, 9 Jun 2012 13:14:22 +0000">&lt;p&gt;This bug was revealed while working on &lt;a href="https://issues.apache.org/jira/browse/MATH-795" title="Refactoring ArrayRealVectorTest, RealVectorTest, SparseRealVectorTest" class="issue-link" data-issue-key="MATH-795"&gt;&lt;del&gt;MATH-795&lt;/del&gt;&lt;/a&gt;. Previous unit tests didn't show that bug, because in &lt;tt&gt;RealVectorTest&lt;/tt&gt;, &lt;tt&gt;TestVectorImpl&lt;/tt&gt; used to override the default implementation of &lt;tt&gt;RealVector.subtract(RealVector)&lt;/tt&gt;.&lt;/p&gt;

&lt;p&gt;This is now corrected in &lt;tt&gt;r1348396&lt;/tt&gt; (tests to be updated following work on &lt;a href="https://issues.apache.org/jira/browse/MATH-795" title="Refactoring ArrayRealVectorTest, RealVectorTest, SparseRealVectorTest" class="issue-link" data-issue-key="MATH-795"&gt;&lt;del&gt;MATH-795&lt;/del&gt;&lt;/a&gt;).&lt;/p&gt;</comment>
                    </comments>
                    <attachments>
                    </attachments>
                <subtasks>
                    </subtasks>
                <customfields>
                                                                                                                                                                                                                                                                                                                                                                                                                                                                                                                                                                                                                                                                                                                    <customfield id="customfield_12314020" key="com.atlassian.jira.plugins.jira-development-integration-plugin:devsummary">
                        <customfieldname>Development</customfieldname>
                        <customfieldvalues>
                            
                        </customfieldvalues>
                    </customfield>
                                                                                                                        <customfield id="customfield_12313422" key="com.atlassian.jirafisheyeplugin:jobcheckbox">
                        <customfieldname>Enable Automatic Patch Review</customfieldname>
                        <customfieldvalues>
                            <customfieldvalue>false</customfieldvalue>

                        </customfieldvalues>
                    </customfield>
                                                                                                                                                                                                                                                                                                                                                                                                                                                                                                                                                                                                                                                <customfield id="customfield_12310420" key="com.pyxis.greenhopper.jira:gh-global-rank">
                        <customfieldname>Global Rank</customfieldname>
                        <customfieldvalues>
                            <customfieldvalue>292300</customfieldvalue>
                        </customfieldvalues>
                    </customfield>
                                                                                                                                                                                                                                                                                                                                                                                                                                                                        <customfield id="customfield_12311820" key="com.pyxis.greenhopper.jira:gh-lexo-rank">
                        <customfieldname>Rank</customfieldname>
                        <customfieldvalues>
                            <customfieldvalue>0|i0rt4v:</customfieldvalue>

                        </customfieldvalues>
                    </customfield>
                                                                <customfield id="customfield_12310920" key="com.pyxis.greenhopper.jira:gh-global-rank">
                        <customfieldname>Rank (Obsolete)</customfieldname>
                        <customfieldvalues>
                            <customfieldvalue>160364</customfieldvalue>
                        </customfieldvalues>
                    </customfield>
                                                                                                                                                                                                                                                                                                                                                                                                                                                                                                                                                                                                                                                                                                                                                                                                                                                                                                            </customfields>
    </item>


</channel>
</rss>