<rss version="0.92">
    <channel>
        <title>ASF JIRA</title>
        <link>https://issues.apache.org/jira/issues/?jql=project+%3D+COLLECTIONS+and+type+%3D+bug+and+%28status+%3D+RESOLVED+or+status+%3D+closed%29+and+resolution+%3D+Fixed+and+fixVersion+%21%3D+None++and+affectedVersion+%21%3D+None++and+affectedVersion+%21%3D+%22Nightly+Build%22</link>
        <description>An XML representation of a search request</description>
                <language>en-uk</language>
                        <issue start="0" end="105" total="105" />
                <build-info>
            <version>8.20.1</version>
            <build-number>820001</build-number>
            <build-date>28-10-2021</build-date>
        </build-info>

<item>
            <title>[COLLECTIONS-219] The CollectionUtils.removeAll method calls the ListUtils.retainAll method instead of the ListUtils.removeAll method.</title>
                <link>https://issues.apache.org/jira/browse/COLLECTIONS-219</link>
                <project id="12310465" key="COLLECTIONS">Commons Collections</project>
                    <description>&lt;p&gt;The CollectionUtils.removeAll method calls the ListUtils.retainAll method instead of the ListUtils.removeAll method.&lt;/p&gt;</description>
                <environment />
        <key id="12347178">COLLECTIONS-219</key>
            <summary>The CollectionUtils.removeAll method calls the ListUtils.retainAll method instead of the ListUtils.removeAll method.</summary>
                <type id="1" iconUrl="https://issues.apache.org/jira/secure/viewavatar?size=xsmall&amp;avatarId=21133&amp;avatarType=issuetype">Bug</type>
                                            <priority id="3" iconUrl="https://issues.apache.org/jira/images/icons/priorities/major.svg">Major</priority>
                        <status id="6" iconUrl="https://issues.apache.org/jira/images/icons/statuses/closed.png" description="The issue is considered finished, the resolution is correct. Issues which are not closed can be reopened.">Closed</status>
                    <statusCategory id="3" key="done" colorName="green" />
                                    <resolution id="1">Fixed</resolution>
                                        <assignee username="scolebourne">Stephen Colebourne</assignee>
                                    <reporter username="toml">Tom Leccese</reporter>
                        <labels>
                    </labels>
                <created>Wed, 2 Aug 2006 17:37:52 +0000</created>
                <updated>Sat, 7 Nov 2015 19:51:56 +0000</updated>
                            <resolved>Thu, 28 Feb 2013 20:25:30 +0000</resolved>
                                    <version>3.2</version>
                                    <fixVersion>3.2.2</fixVersion>
                    <fixVersion>4.0-alpha1</fixVersion>
                    <fixVersion>4.0</fixVersion>
                                    <component>Core</component>
                        <due />
                            <votes>0</votes>
                                    <watches>4</watches>
                                                                <comments>
                            <comment id="12425372" author="scolebourne" created="Wed, 2 Aug 2006 20:23:07 +0000">&lt;p&gt;Fixed in svn 348013, thanks&lt;/p&gt;</comment>
                            <comment id="13100202" author="szczerb" created="Thu, 8 Sep 2011 10:26:37 +0000">&lt;p&gt;Is there any hope for a 3.2.2 bugfix release?&lt;/p&gt;</comment>
                            <comment id="13825288" author="strug" created="Mon, 18 Nov 2013 12:28:29 +0000">&lt;p&gt;I question myself why there is no 3.2.2. bugfix release?&lt;/p&gt;</comment>
                            <comment id="13825296" author="tn" created="Mon, 18 Nov 2013 12:55:21 +0000">&lt;p&gt;There are plans to actually do this, but the priority is currently on releasing 4.0&lt;/p&gt;</comment>
                            <comment id="14995382" author="jochen@apache.org" created="Sat, 7 Nov 2015 19:51:56 +0000">&lt;p&gt;The actual problem seems to me to be a gap in the test suite.&lt;/p&gt;</comment>
                    </comments>
                <issuelinks>
                            <issuelinktype id="12310000">
                    <name>Duplicate</name>
                                                                <inwardlinks description="is duplicated by">
                                        <issuelink>
            <issuekey id="12674741">COLLECTIONS-487</issuekey>
        </issuelink>
            <issuelink>
            <issuekey id="12467833">COLLECTIONS-357</issuekey>
        </issuelink>
            <issuelink>
            <issuekey id="12625235">COLLECTIONS-437</issuekey>
        </issuelink>
            <issuelink>
            <issuekey id="12348239">COLLECTIONS-222</issuekey>
        </issuelink>
            <issuelink>
            <issuekey id="12387501">COLLECTIONS-284</issuekey>
        </issuelink>
            <issuelink>
            <issuekey id="12413928">COLLECTIONS-315</issuekey>
        </issuelink>
            <issuelink>
            <issuekey id="12444891">COLLECTIONS-349</issuekey>
        </issuelink>
            <issuelink>
            <issuekey id="12616040">COLLECTIONS-435</issuekey>
        </issuelink>
                            </inwardlinks>
                                    </issuelinktype>
                    </issuelinks>
                <attachments>
                    </attachments>
                <subtasks>
                    </subtasks>
                <customfields>
                                                                                                                                                                                                                                                                                                                                                                                                                                                                                                                                                                                                                                                                                                                    <customfield id="customfield_12314020" key="com.atlassian.jira.plugins.jira-development-integration-plugin:devsummary">
                        <customfieldname>Development</customfieldname>
                        <customfieldvalues>
                            
                        </customfieldvalues>
                    </customfield>
                                                                                                                        <customfield id="customfield_12313422" key="com.atlassian.jirafisheyeplugin:jobcheckbox">
                        <customfieldname>Enable Automatic Patch Review</customfieldname>
                        <customfieldvalues>
                            <customfieldvalue>false</customfieldvalue>

                        </customfieldvalues>
                    </customfield>
                                                                                                                                                                                                                                                                                                                                                                                                                                                                                                                                                                                                                                                <customfield id="customfield_12310420" key="com.pyxis.greenhopper.jira:gh-global-rank">
                        <customfieldname>Global Rank</customfieldname>
                        <customfieldvalues>
                            <customfieldvalue>18780</customfieldvalue>
                        </customfieldvalues>
                    </customfield>
                                                                                                                                                                                                                                                                                                                                                                                                                                                                        <customfield id="customfield_12311820" key="com.pyxis.greenhopper.jira:gh-lexo-rank">
                        <customfieldname>Rank</customfieldname>
                        <customfieldvalues>
                            <customfieldvalue>0|i0k3uv:</customfieldvalue>

                        </customfieldvalues>
                    </customfield>
                                                                <customfield id="customfield_12310920" key="com.pyxis.greenhopper.jira:gh-global-rank">
                        <customfieldname>Rank (Obsolete)</customfieldname>
                        <customfieldvalues>
                            <customfieldvalue>115442</customfieldvalue>
                        </customfieldvalues>
                    </customfield>
                                                                                                                                                                                                                                                                                                                                                                                                                                                                                                                                                                                                                                                                                                                                                                                            </customfields>
    </item>


</channel>
</rss>