<rss version="0.92">
    <channel>
        <title>ASF JIRA</title>
        <link>https://issues.apache.org/jira/issues/?jql=project+%3D+COLLECTIONS+and+type+%3D+bug+and+%28status+%3D+RESOLVED+or+status+%3D+closed%29+and+resolution+%3D+Fixed+and+fixVersion+%21%3D+None++and+affectedVersion+%21%3D+None++and+affectedVersion+%21%3D+%22Nightly+Build%22</link>
        <description>An XML representation of a search request</description>
                <language>en-uk</language>
                        <issue start="0" end="105" total="105" />
                <build-info>
            <version>8.20.1</version>
            <build-number>820001</build-number>
            <build-date>28-10-2021</build-date>
        </build-info>

<item>
            <title>[COLLECTIONS-709] MultiSet.Entry::getCount() isn't 0 after removing the last element</title>
                <link>https://issues.apache.org/jira/browse/COLLECTIONS-709</link>
                <project id="12310465" key="COLLECTIONS">Commons Collections</project>
                    <description>&lt;p&gt;Removing the final element(s) in a MultiSet doesn't set the count on a MultiSet.Entry to zero.&lt;/p&gt;
&lt;div class="code panel" style="border-width: 1px;"&gt;&lt;div class="codeContent panelContent"&gt;
&lt;pre class="code-java"&gt;
&lt;span class="code-keyword"&gt;protected&lt;/span&gt; &lt;span class="code-object"&gt;int&lt;/span&gt; getCountAfterRemoval(MultiSet&amp;lt;&lt;span class="code-object"&gt;String&lt;/span&gt;&amp;gt; multiset) {
  MultiSet.Entry&amp;lt;&lt;span class="code-object"&gt;String&lt;/span&gt;&amp;gt; entry = multiset.entrySet().iterator().next();
  entry.getCount(); &lt;span class="code-comment"&gt;// = 2
&lt;/span&gt;  multiset.remove(entry.getElement());
  entry.getCount(); &lt;span class="code-comment"&gt;// = 1
&lt;/span&gt;  multiset.remove(entry.getElement());
  &lt;span class="code-keyword"&gt;return&lt;/span&gt; entry.getCount(); &lt;span class="code-comment"&gt;// Still = 1, should be 0
&lt;/span&gt;}
&lt;/pre&gt;
&lt;/div&gt;&lt;/div&gt;</description>
                <environment />
        <key id="13210557">COLLECTIONS-709</key>
            <summary>MultiSet.Entry::getCount() isn't 0 after removing the last element</summary>
                <type id="1" iconUrl="https://issues.apache.org/jira/secure/viewavatar?size=xsmall&amp;avatarId=21133&amp;avatarType=issuetype">Bug</type>
                                            <priority id="4" iconUrl="https://issues.apache.org/jira/images/icons/priorities/minor.svg">Minor</priority>
                        <status id="6" iconUrl="https://issues.apache.org/jira/images/icons/statuses/closed.png" description="The issue is considered finished, the resolution is correct. Issues which are not closed can be reopened.">Closed</status>
                    <statusCategory id="3" key="done" colorName="green" />
                                    <resolution id="1">Fixed</resolution>
                                        <assignee username="-1">Unassigned</assignee>
                                    <reporter username="CasualSuperman">Robert Wertman</reporter>
                        <labels>
                    </labels>
                <created>Sat, 19 Jan 2019 23:30:11 +0000</created>
                <updated>Sun, 20 Jan 2019 17:41:14 +0000</updated>
                            <resolved>Sun, 20 Jan 2019 15:06:17 +0000</resolved>
                                    <version>4.1</version>
                    <version>4.2</version>
                                    <fixVersion>4.3</fixVersion>
                                        <due />
                            <votes>0</votes>
                                    <watches>1</watches>
                                            <timeestimate seconds="0">0h</timeestimate>
                            <timespent seconds="1800">0.5h</timespent>
                                <comments>
                            <comment id="16747298" author="casualsuperman" created="Sat, 19 Jan 2019 23:35:22 +0000">&lt;p&gt;Pull request created with a fix:&#160;&lt;a href="https://github.com/apache/commons-collections/pull/66" class="external-link" target="_blank" rel="nofollow noopener"&gt;https://github.com/apache/commons-collections/pull/66&lt;/a&gt;&lt;/p&gt;</comment>
                            <comment id="16747482" author="garydgregory" created="Sun, 20 Jan 2019 15:06:17 +0000">&lt;p&gt;In git master now. Please verify and close this ticket and the PR.&lt;/p&gt;</comment>
                            <comment id="16747504" author="casualsuperman" created="Sun, 20 Jan 2019 17:41:14 +0000">&lt;p&gt;Just realized the commit message says COMMONS-706 instead of COMMONS-709. Not sure&#160;how important that is to fix.&lt;/p&gt;</comment>
                    </comments>
                    <attachments>
                    </attachments>
                <subtasks>
                    </subtasks>
                <customfields>
                                                                                                                                                                                                                                                                                                                                                                                                                                                                                                                                                                                                                                                                                                                    <customfield id="customfield_12314020" key="com.atlassian.jira.plugins.jira-development-integration-plugin:devsummary">
                        <customfieldname>Development</customfieldname>
                        <customfieldvalues>
                            
                        </customfieldvalues>
                    </customfield>
                                                                                                                        <customfield id="customfield_12313422" key="com.atlassian.jirafisheyeplugin:jobcheckbox">
                        <customfieldname>Enable Automatic Patch Review</customfieldname>
                        <customfieldvalues>
                            <customfieldvalue>false</customfieldvalue>

                        </customfieldvalues>
                    </customfield>
                                                                                                                                                                                                                                                                                                                                                                                                                                                                                                                                                                                                                                                <customfield id="customfield_12310420" key="com.pyxis.greenhopper.jira:gh-global-rank">
                        <customfieldname>Global Rank</customfieldname>
                        <customfieldvalues>
                            <customfieldvalue>9223372036854775807</customfieldvalue>
                        </customfieldvalues>
                    </customfield>
                                                                                                                                                                                                                                                                                                                                                                                                                                                                        <customfield id="customfield_12311820" key="com.pyxis.greenhopper.jira:gh-lexo-rank">
                        <customfieldname>Rank</customfieldname>
                        <customfieldvalues>
                            <customfieldvalue>0|yi03i8:</customfieldvalue>

                        </customfieldvalues>
                    </customfield>
                                                                <customfield id="customfield_12310920" key="com.pyxis.greenhopper.jira:gh-global-rank">
                        <customfieldname>Rank (Obsolete)</customfieldname>
                        <customfieldvalues>
                            <customfieldvalue>9223372036854775807</customfieldvalue>
                        </customfieldvalues>
                    </customfield>
                                                                                                                                                                                                                                                                                                                                                                                                                                                                                                                                                                                                                                                                                                                                                                                            </customfields>
    </item>


</channel>
</rss>