<rss version="0.92">
    <channel>
        <title>ASF JIRA</title>
        <link>https://issues.apache.org/jira/issues/?jql=project+%3D+COLLECTIONS+and+type+%3D+bug+and+%28status+%3D+RESOLVED+or+status+%3D+closed%29+and+resolution+%3D+Fixed+and+fixVersion+%21%3D+None++and+affectedVersion+%21%3D+None++and+affectedVersion+%21%3D+%22Nightly+Build%22</link>
        <description>An XML representation of a search request</description>
                <language>en-uk</language>
                        <issue start="0" end="105" total="105" />
                <build-info>
            <version>8.20.1</version>
            <build-number>820001</build-number>
            <build-date>28-10-2021</build-date>
        </build-info>

<item>
            <title>[COLLECTIONS-537] PredicateUtils (all|any)Predicate type misbehaviour Array vs. Collection</title>
                <link>https://issues.apache.org/jira/browse/COLLECTIONS-537</link>
                <project id="12310465" key="COLLECTIONS">Commons Collections</project>
                    <description>&lt;p&gt;Migrating from collections-generic to collections4 we encountered a type problem with PredicateUtils. When you look at the method anyPredicate(), the signature with array is typed with "Predicate&amp;lt;? super T&amp;gt;" whereas the signature with Collection is typed "? extends Predicate&amp;lt;T&amp;gt;", so the both methods are not equivalent.&lt;br/&gt;
We think both methods should have the same types, so it would not break compatibility with a lot of legacy code.&lt;/p&gt;</description>
                <environment />
        <key id="12755049">COLLECTIONS-537</key>
            <summary>PredicateUtils (all|any)Predicate type misbehaviour Array vs. Collection</summary>
                <type id="1" iconUrl="https://issues.apache.org/jira/secure/viewavatar?size=xsmall&amp;avatarId=21133&amp;avatarType=issuetype">Bug</type>
                                            <priority id="3" iconUrl="https://issues.apache.org/jira/images/icons/priorities/major.svg">Major</priority>
                        <status id="6" iconUrl="https://issues.apache.org/jira/images/icons/statuses/closed.png" description="The issue is considered finished, the resolution is correct. Issues which are not closed can be reopened.">Closed</status>
                    <statusCategory id="3" key="done" colorName="green" />
                                    <resolution id="1">Fixed</resolution>
                                        <assignee username="-1">Unassigned</assignee>
                                    <reporter username="fj">Frank Jakop</reporter>
                        <labels>
                    </labels>
                <created>Thu, 13 Nov 2014 12:47:20 +0000</created>
                <updated>Fri, 27 Nov 2015 21:11:17 +0000</updated>
                            <resolved>Tue, 30 Dec 2014 18:25:09 +0000</resolved>
                                    <version>4.0</version>
                                    <fixVersion>4.1</fixVersion>
                                    <component>Functor</component>
                        <due />
                            <votes>0</votes>
                                    <watches>1</watches>
                                                                <comments>
                            <comment id="14259075" author="tn" created="Fri, 26 Dec 2014 13:29:22 +0000">&lt;p&gt;Yes indeed, the correct signature should be:&lt;/p&gt;

&lt;div class="code panel" style="border-width: 1px;"&gt;&lt;div class="codeContent panelContent"&gt;
&lt;pre class="code-java"&gt;    Predicate&amp;lt;T&amp;gt; anyPredicate(&lt;span class="code-keyword"&gt;final&lt;/span&gt; Collection&amp;lt;? &lt;span class="code-keyword"&gt;extends&lt;/span&gt; Predicate&amp;lt;? &lt;span class="code-keyword"&gt;super&lt;/span&gt; T&amp;gt;&amp;gt; predicates)
&lt;/pre&gt;
&lt;/div&gt;&lt;/div&gt;

&lt;p&gt;This change will require some more changes in other places too for sake of consistency.&lt;br/&gt;
The test case to demonstrate the change:&lt;/p&gt;

&lt;div class="code panel" style="border-width: 1px;"&gt;&lt;div class="codeContent panelContent"&gt;
&lt;pre class="code-java"&gt;&lt;span class="code-keyword"&gt;import&lt;/span&gt; java.util.ArrayList;
&lt;span class="code-keyword"&gt;import&lt;/span&gt; java.util.List;

&lt;span class="code-keyword"&gt;import&lt;/span&gt; org.apache.commons.collections4.Predicate;
&lt;span class="code-keyword"&gt;import&lt;/span&gt; org.apache.commons.collections4.PredicateUtils;

&lt;span class="code-keyword"&gt;public&lt;/span&gt; &lt;span class="code-keyword"&gt;class &lt;/span&gt;MyTest {


    &lt;span class="code-keyword"&gt;public&lt;/span&gt; &lt;span class="code-keyword"&gt;static&lt;/span&gt; &lt;span class="code-keyword"&gt;class &lt;/span&gt;A {
        &lt;span class="code-object"&gt;int&lt;/span&gt; val;
        
        &lt;span class="code-keyword"&gt;public&lt;/span&gt; A(&lt;span class="code-object"&gt;int&lt;/span&gt; val) {
            &lt;span class="code-keyword"&gt;this&lt;/span&gt;.val = val;
        }
        
        &lt;span class="code-keyword"&gt;public&lt;/span&gt; &lt;span class="code-object"&gt;String&lt;/span&gt; toString() {
            &lt;span class="code-keyword"&gt;return&lt;/span&gt; &lt;span class="code-quote"&gt;"A"&lt;/span&gt;;
        }
    }
    
    &lt;span class="code-keyword"&gt;public&lt;/span&gt; &lt;span class="code-keyword"&gt;static&lt;/span&gt; &lt;span class="code-keyword"&gt;class &lt;/span&gt;B &lt;span class="code-keyword"&gt;extends&lt;/span&gt; A {
        
        &lt;span class="code-keyword"&gt;public&lt;/span&gt; B(&lt;span class="code-object"&gt;int&lt;/span&gt; val) {
            &lt;span class="code-keyword"&gt;super&lt;/span&gt;(val);
        }
        
        &lt;span class="code-keyword"&gt;public&lt;/span&gt; &lt;span class="code-object"&gt;String&lt;/span&gt; toString() {
            &lt;span class="code-keyword"&gt;return&lt;/span&gt; &lt;span class="code-quote"&gt;"B"&lt;/span&gt;;
        }
    }
    
    &lt;span class="code-keyword"&gt;public&lt;/span&gt; &lt;span class="code-keyword"&gt;static&lt;/span&gt; &lt;span class="code-keyword"&gt;class &lt;/span&gt;MyPredicate &lt;span class="code-keyword"&gt;implements&lt;/span&gt; Predicate&amp;lt;A&amp;gt; {

        &lt;span class="code-keyword"&gt;private&lt;/span&gt; &lt;span class="code-object"&gt;int&lt;/span&gt; eval;
        
        &lt;span class="code-keyword"&gt;public&lt;/span&gt; MyPredicate(&lt;span class="code-object"&gt;int&lt;/span&gt; eval) {
            &lt;span class="code-keyword"&gt;this&lt;/span&gt;.eval = eval;
        }

        @Override
        &lt;span class="code-keyword"&gt;public&lt;/span&gt; &lt;span class="code-object"&gt;boolean&lt;/span&gt; evaluate(A object) {
            &lt;span class="code-keyword"&gt;return&lt;/span&gt; object.val &amp;lt; eval;
        }
        
    }

    &lt;span class="code-keyword"&gt;public&lt;/span&gt; &lt;span class="code-keyword"&gt;static&lt;/span&gt; void main(&lt;span class="code-object"&gt;String&lt;/span&gt;[] args) {
        MyPredicate p1 = &lt;span class="code-keyword"&gt;new&lt;/span&gt; MyPredicate(10);
        MyPredicate p2 = &lt;span class="code-keyword"&gt;new&lt;/span&gt; MyPredicate(20);

        Predicate&amp;lt;B&amp;gt; anyPredicate = PredicateUtils.anyPredicate(p1, p2);
        
        &lt;span class="code-object"&gt;System&lt;/span&gt;.out.println(anyPredicate.evaluate(&lt;span class="code-keyword"&gt;new&lt;/span&gt; B(10)));
        
        List&amp;lt;Predicate&amp;lt;A&amp;gt;&amp;gt; list = &lt;span class="code-keyword"&gt;new&lt;/span&gt; ArrayList&amp;lt;Predicate&amp;lt;A&amp;gt;&amp;gt;();
        list.add(p1);
        list.add(p2);
        
        Predicate&amp;lt;B&amp;gt; anyPredicate2 = PredicateUtils.anyPredicate(list);
        
        &lt;span class="code-object"&gt;System&lt;/span&gt;.out.println(anyPredicate2.evaluate(&lt;span class="code-keyword"&gt;new&lt;/span&gt; B(10)));
    }
}
&lt;/pre&gt;
&lt;/div&gt;&lt;/div&gt;</comment>
                            <comment id="14261323" author="tn" created="Tue, 30 Dec 2014 18:25:09 +0000">&lt;p&gt;Fixed in r1648561 for the following classes:&lt;/p&gt;

&lt;ul&gt;
	&lt;li&gt;AllPredicate&lt;/li&gt;
	&lt;li&gt;AnyPredicate&lt;/li&gt;
	&lt;li&gt;NonePredicate&lt;/li&gt;
	&lt;li&gt;OnePredicate&lt;/li&gt;
	&lt;li&gt;ChainedTransformer&lt;/li&gt;
	&lt;li&gt;ChainedClosure&lt;/li&gt;
&lt;/ul&gt;


&lt;p&gt;Thanks for the report!&lt;/p&gt;</comment>
                    </comments>
                    <attachments>
                    </attachments>
                <subtasks>
                    </subtasks>
                <customfields>
                                                                                                                                                                                                                                                                                                                                                                                                                                                                                                                                                                                                                                                                                                                    <customfield id="customfield_12314020" key="com.atlassian.jira.plugins.jira-development-integration-plugin:devsummary">
                        <customfieldname>Development</customfieldname>
                        <customfieldvalues>
                            
                        </customfieldvalues>
                    </customfield>
                                                                                                                        <customfield id="customfield_12313422" key="com.atlassian.jirafisheyeplugin:jobcheckbox">
                        <customfieldname>Enable Automatic Patch Review</customfieldname>
                        <customfieldvalues>
                            <customfieldvalue>false</customfieldvalue>

                        </customfieldvalues>
                    </customfield>
                                                                                                                                                                                                                                                                                                                                                                                                                                                                                                                                                                                                                                                <customfield id="customfield_12310420" key="com.pyxis.greenhopper.jira:gh-global-rank">
                        <customfieldname>Global Rank</customfieldname>
                        <customfieldvalues>
                            <customfieldvalue>9223372036854775807</customfieldvalue>
                        </customfieldvalues>
                    </customfield>
                                                                                                                                                                                                                                                                                                                                                                                                                                                                        <customfield id="customfield_12311820" key="com.pyxis.greenhopper.jira:gh-lexo-rank">
                        <customfieldname>Rank</customfieldname>
                        <customfieldvalues>
                            <customfieldvalue>0|i22bvr:</customfieldvalue>

                        </customfieldvalues>
                    </customfield>
                                                                <customfield id="customfield_12310920" key="com.pyxis.greenhopper.jira:gh-global-rank">
                        <customfieldname>Rank (Obsolete)</customfieldname>
                        <customfieldvalues>
                            <customfieldvalue>9223372036854775807</customfieldvalue>
                        </customfieldvalues>
                    </customfield>
                                                                                                                                                                                                                                                                                                                                                                                                                                                                                                                                                                                                                                                                                                                                                                                            </customfields>
    </item>


</channel>
</rss>