<rss version="0.92">
    <channel>
        <title>ASF JIRA</title>
        <link>https://issues.apache.org/jira/issues/?jql=project+%3D+COLLECTIONS+and+type+%3D+bug+and+%28status+%3D+RESOLVED+or+status+%3D+closed%29+and+resolution+%3D+Fixed+and+fixVersion+%21%3D+None++and+affectedVersion+%21%3D+None++and+affectedVersion+%21%3D+%22Nightly+Build%22</link>
        <description>An XML representation of a search request</description>
                <language>en-uk</language>
                        <issue start="0" end="105" total="105" />
                <build-info>
            <version>8.20.1</version>
            <build-number>820001</build-number>
            <build-date>28-10-2021</build-date>
        </build-info>

<item>
            <title>[COLLECTIONS-525] PatriciaTrie</title>
                <link>https://issues.apache.org/jira/browse/COLLECTIONS-525</link>
                <project id="12310465" key="COLLECTIONS">Commons Collections</project>
                    <description>&lt;p&gt; the result of trie tree prefixMap function is inconsistent. it would contain a key but the size is 0;&lt;br/&gt;
some unittest codes as below: &lt;/p&gt;

&lt;p&gt;  PatriciaTrie&amp;lt;String&amp;gt; aTree =&lt;br/&gt;
        new PatriciaTrie&amp;lt;String&amp;gt; ();&lt;br/&gt;
    aTree.put("&#28857;&#35780;", "&#27979;&#35797;");&lt;br/&gt;
    aTree.put("&#20070;&#35780;", "&#27979;&#35797;");&lt;br/&gt;
    assertTrue(aTree.prefixMap("&#28857;").containsKey("&#28857;&#35780;")); //pass&lt;br/&gt;
    assertEquals("&#27979;&#35797;", aTree.prefixMap("&#28857;").get("&#28857;&#35780;")); //pass&lt;br/&gt;
    assertFalse(aTree.prefixMap("&#28857;").isEmpty());                 //fail&lt;br/&gt;
    assertEquals(1, aTree.prefixMap("&#28857;").size());                 //fail actural 0&lt;br/&gt;
    assertEquals(1, aTree.prefixMap("&#28857;").keySet().size());   //fail actural 0&lt;br/&gt;
    assertEquals(1, aTree.prefixMap("&#28857;").entrySet().size()); //fail actural 0&lt;br/&gt;
    assertEquals(1, aTree.prefixMap("&#28857;&#35780;").values().size()); //fail actural 0&lt;/p&gt;</description>
                <environment>&lt;p&gt;android&lt;/p&gt;</environment>
        <key id="12713013">COLLECTIONS-525</key>
            <summary>PatriciaTrie</summary>
                <type id="1" iconUrl="https://issues.apache.org/jira/secure/viewavatar?size=xsmall&amp;avatarId=21133&amp;avatarType=issuetype">Bug</type>
                                            <priority id="2" iconUrl="https://issues.apache.org/jira/images/icons/priorities/critical.svg">Critical</priority>
                        <status id="6" iconUrl="https://issues.apache.org/jira/images/icons/statuses/closed.png" description="The issue is considered finished, the resolution is correct. Issues which are not closed can be reopened.">Closed</status>
                    <statusCategory id="3" key="done" colorName="green" />
                                    <resolution id="1">Fixed</resolution>
                                        <assignee username="-1">Unassigned</assignee>
                                    <reporter username="zigler">zigler zhang</reporter>
                        <labels>
                    </labels>
                <created>Thu, 8 May 2014 04:38:28 +0000</created>
                <updated>Fri, 27 Nov 2015 21:11:14 +0000</updated>
                            <resolved>Thu, 1 Jan 2015 21:11:08 +0000</resolved>
                                    <version>4.0</version>
                                    <fixVersion>4.1</fixVersion>
                                    <component>Collection</component>
                        <due />
                            <votes>0</votes>
                                    <watches>1</watches>
                                                                <comments>
                            <comment id="13993456" author="zigler" created="Fri, 9 May 2014 07:53:43 +0000">&lt;p&gt;take some time to investigate, I found this line:&lt;/p&gt;

&lt;p&gt;       if (isBitSet(prefix, endIndexInBits, endIndexInBits)&lt;br/&gt;
                != isBitSet(entry.key, lengthInBits, lengthInBits(entry.key))) &lt;/p&gt;
{
            return null;
        }

&lt;p&gt;in subtree functions.&lt;/p&gt;

&lt;p&gt;It simply check the last bits of the prefix and the entry.key, however, as we use string as key, the endIndexInBits would be set the character length, &lt;br/&gt;
and it would make the codes check the next character of the prefix and the entry.key instead as expected.  Then for the character of the low region(which the highest bit is always 0) this judgment is always return true. But for other characters this would not return as expected.&lt;/p&gt;

&lt;p&gt;In other worlds, it use a open boundary as an close one.&lt;/p&gt;

&lt;p&gt; if (isBitSet(prefix, endIndexInBits-1, endIndexInBits)&lt;br/&gt;
                != isBitSet(entry.key, lengthInBits-1, lengthInBits(entry.key)))&lt;br/&gt;
would fix it. &lt;/p&gt;</comment>
                            <comment id="13993528" author="zigler" created="Fri, 9 May 2014 11:17:12 +0000">&lt;p&gt;I'm afraid there are two other places make the same mistake:&lt;br/&gt;
the test code as below:&lt;br/&gt;
		PatriciaTrie&amp;lt;String&amp;gt; aTree2 = new PatriciaTrie&amp;lt;String&amp;gt; ();&lt;br/&gt;
		aTree2.put("&#28857;&#35780;", "&#32852;&#30431;");&lt;br/&gt;
		aTree2.put("&#28857;&#29256;", "&#23450;&#21521;");&lt;br/&gt;
		System.out.println(aTree2.prefixMap("&#28857;").values());&lt;/p&gt;</comment>
                            <comment id="13993699" author="zigler" created="Fri, 9 May 2014 16:55:17 +0000">&lt;p&gt;I hope the patch could make some sense&lt;/p&gt;</comment>
                            <comment id="13997538" author="tn" created="Wed, 14 May 2014 13:30:58 +0000">&lt;p&gt;Thanks for the report and patch.&lt;br/&gt;
It seems to fix the problem, but needs more investigation to make sure the problem is fully resolved by this change.&lt;/p&gt;</comment>
                            <comment id="14262662" author="tn" created="Thu, 1 Jan 2015 21:11:08 +0000">&lt;p&gt;Fixed in r1648941.&lt;/p&gt;

&lt;p&gt;Thanks for the report and patch!&lt;/p&gt;</comment>
                    </comments>
                <issuelinks>
                            <issuelinktype id="10020">
                    <name>Cloners</name>
                                            <outwardlinks description="is a clone of">
                                        <issuelink>
            <issuekey id="12713014">COLLECTIONS-526</issuekey>
        </issuelink>
                            </outwardlinks>
                                                        </issuelinktype>
                    </issuelinks>
                <attachments>
                            <attachment id="12644130" name="525.patch" size="1478" author="zigler" created="Fri, 9 May 2014 16:55:17 +0000" />
                    </attachments>
                <subtasks>
                    </subtasks>
                <customfields>
                                                                                                                                                                                                                                                                                                                                                                                                                                                                                                                                                                                                                                                                                                                    <customfield id="customfield_12314020" key="com.atlassian.jira.plugins.jira-development-integration-plugin:devsummary">
                        <customfieldname>Development</customfieldname>
                        <customfieldvalues>
                            
                        </customfieldvalues>
                    </customfield>
                                                                                                                        <customfield id="customfield_12313422" key="com.atlassian.jirafisheyeplugin:jobcheckbox">
                        <customfieldname>Enable Automatic Patch Review</customfieldname>
                        <customfieldvalues>
                            <customfieldvalue>false</customfieldvalue>

                        </customfieldvalues>
                    </customfield>
                                                                                                                                                                                                                                                                                                                                                                                                                                                                                                                                                                                                                                                <customfield id="customfield_12310420" key="com.pyxis.greenhopper.jira:gh-global-rank">
                        <customfieldname>Global Rank</customfieldname>
                        <customfieldvalues>
                            <customfieldvalue>391329</customfieldvalue>
                        </customfieldvalues>
                    </customfield>
                                                                                                                                                                                                                                                                                                                                                                                                                                                                        <customfield id="customfield_12311820" key="com.pyxis.greenhopper.jira:gh-lexo-rank">
                        <customfieldname>Rank</customfieldname>
                        <customfieldvalues>
                            <customfieldvalue>0|i1vedr:</customfieldvalue>

                        </customfieldvalues>
                    </customfield>
                                                                <customfield id="customfield_12310920" key="com.pyxis.greenhopper.jira:gh-global-rank">
                        <customfieldname>Rank (Obsolete)</customfieldname>
                        <customfieldvalues>
                            <customfieldvalue>391549</customfieldvalue>
                        </customfieldvalues>
                    </customfield>
                                                                                                                                                                                                                                                                                                                                                                                                                                                                                                                                                                                                                                                                                                                                                                                            </customfields>
    </item>


</channel>
</rss>