<rss version="0.92">
    <channel>
        <title>ASF JIRA</title>
        <link>https://issues.apache.org/jira/issues/?jql=project+%3D+COLLECTIONS+and+type+%3D+bug+and+%28status+%3D+RESOLVED+or+status+%3D+closed%29+and+resolution+%3D+Fixed+and+fixVersion+%21%3D+None++and+affectedVersion+%21%3D+None++and+affectedVersion+%21%3D+%22Nightly+Build%22</link>
        <description>An XML representation of a search request</description>
                <language>en-uk</language>
                        <issue start="0" end="105" total="105" />
                <build-info>
            <version>8.20.1</version>
            <build-number>820001</build-number>
            <build-date>28-10-2021</build-date>
        </build-info>

<item>
            <title>[COLLECTIONS-673] ListUtils.partition potential integer overflow</title>
                <link>https://issues.apache.org/jira/browse/COLLECTIONS-673</link>
                <project id="12310465" key="COLLECTIONS">Commons Collections</project>
                    <description>&lt;p&gt;When calling &lt;tt&gt;ListUtils.partition()&lt;/tt&gt; with a large size and large list, it is possible that an integer overflow will occur in the &lt;tt&gt;size()&lt;/tt&gt;&#160;method that causes incorrect behavior. This will occur when using a size that, when added to list.size() will be larger than &lt;tt&gt;Integer.MAX_VALUE&lt;/tt&gt;&lt;/p&gt;

&lt;p&gt;Current version of Guava's &lt;tt&gt;Lists.partition()&lt;/tt&gt; handle this correctly, so perhaps the code for &lt;tt&gt;ListUtils.partition()&lt;/tt&gt; needs to be updated based on the latest Guava code.&lt;/p&gt;

&lt;p&gt;A simple illustration of this:&lt;/p&gt;
&lt;div class="code panel" style="border-width: 1px;"&gt;&lt;div class="codeContent panelContent"&gt;
&lt;pre class="code-java"&gt;
List&amp;lt;&lt;span class="code-object"&gt;String&lt;/span&gt;&amp;gt; aList = Arrays.asList(&lt;span class="code-quote"&gt;"1"&lt;/span&gt;, &lt;span class="code-quote"&gt;"2"&lt;/span&gt;, &lt;span class="code-quote"&gt;"3"&lt;/span&gt;, &lt;span class="code-quote"&gt;"4"&lt;/span&gt;, &lt;span class="code-quote"&gt;"5"&lt;/span&gt;);
List&amp;lt;List&amp;lt;&lt;span class="code-object"&gt;String&lt;/span&gt;&amp;gt;&amp;gt; partitioned = ListUtils.partition(aList, &lt;span class="code-object"&gt;Integer&lt;/span&gt;.MAX_VALUE);
&lt;span class="code-object"&gt;System&lt;/span&gt;.out.println(&lt;span class="code-quote"&gt;"&lt;span class="code-object"&gt;Number&lt;/span&gt; of partitions: "&lt;/span&gt; + partitioned.size());
&lt;span class="code-keyword"&gt;for&lt;/span&gt;(List&amp;lt;&lt;span class="code-object"&gt;String&lt;/span&gt;&amp;gt; l : partitioned)  {
     &lt;span class="code-object"&gt;System&lt;/span&gt;.out.println(l);
}
&lt;/pre&gt;
&lt;/div&gt;&lt;/div&gt;

&lt;p&gt;The above code works correctly when using Guava's &lt;tt&gt;Lists.partition()&lt;/tt&gt; instead.&lt;/p&gt;</description>
                <environment />
        <key id="13135817">COLLECTIONS-673</key>
            <summary>ListUtils.partition potential integer overflow</summary>
                <type id="1" iconUrl="https://issues.apache.org/jira/secure/viewavatar?size=xsmall&amp;avatarId=21133&amp;avatarType=issuetype">Bug</type>
                                            <priority id="3" iconUrl="https://issues.apache.org/jira/images/icons/priorities/major.svg">Major</priority>
                        <status id="5" iconUrl="https://issues.apache.org/jira/images/icons/statuses/resolved.png" description="A resolution has been taken, and it is awaiting verification by reporter. From here issues are either reopened, or are closed.">Resolved</status>
                    <statusCategory id="3" key="done" colorName="green" />
                                    <resolution id="1">Fixed</resolution>
                                        <assignee username="-1">Unassigned</assignee>
                                    <reporter username="jmark">John Mark</reporter>
                        <labels>
                    </labels>
                <created>Fri, 2 Feb 2018 17:18:18 +0000</created>
                <updated>Tue, 12 Jun 2018 21:45:28 +0000</updated>
                            <resolved>Tue, 12 Jun 2018 21:45:28 +0000</resolved>
                                    <version>4.1</version>
                                    <fixVersion>4.2</fixVersion>
                                    <component>List</component>
                        <due />
                            <votes>0</votes>
                                    <watches>3</watches>
                                                                <comments>
                            <comment id="16351143" author="garydgregory" created="Sat, 3 Feb 2018 01:03:04 +0000">&lt;p&gt;Thank for your report &lt;a href="https://issues.apache.org/jira/secure/ViewProfile.jspa?name=jmark" class="user-hover" rel="jmark"&gt;jmark&lt;/a&gt;.&lt;/p&gt;

&lt;p&gt;We welcome patches, with unit tests of course! &lt;img class="emoticon" src="https://issues.apache.org/jira/images/icons/emoticons/smile.png" height="16" width="16" align="absmiddle" alt="" border="0"/&gt;&lt;/p&gt;</comment>
                            <comment id="16507084" author="githubbot" created="Sat, 9 Jun 2018 17:33:04 +0000">&lt;p&gt;GitHub user sfuhrm opened a pull request:&lt;/p&gt;

&lt;p&gt;    &lt;a href="https://github.com/apache/commons-collections/pull/37" class="external-link" target="_blank" rel="nofollow noopener"&gt;https://github.com/apache/commons-collections/pull/37&lt;/a&gt;&lt;/p&gt;

&lt;p&gt;    &lt;a href="https://issues.apache.org/jira/browse/COLLECTIONS-673" title="ListUtils.partition potential integer overflow" class="issue-link" data-issue-key="COLLECTIONS-673"&gt;&lt;del&gt;COLLECTIONS-673&lt;/del&gt;&lt;/a&gt;: Fix inspired by the Guava partition() implementation&lt;/p&gt;

&lt;p&gt;    A fix for the &lt;a href="https://issues.apache.org/jira/browse/COLLECTIONS-673" title="ListUtils.partition potential integer overflow" class="issue-link" data-issue-key="COLLECTIONS-673"&gt;&lt;del&gt;COLLECTIONS-673&lt;/del&gt;&lt;/a&gt; bug and a unit test proving the fix for the shown defect.&lt;/p&gt;

&lt;p&gt;    See &lt;a href="https://issues.apache.org/jira/browse/COLLECTIONS-673" class="external-link" rel="nofollow"&gt;https://issues.apache.org/jira/browse/COLLECTIONS-673&lt;/a&gt;&lt;/p&gt;

&lt;p&gt;You can merge this pull request into a Git repository by running:&lt;/p&gt;

&lt;p&gt;    $ git pull &lt;a href="https://github.com/sfuhrm/commons-collections" class="external-link" target="_blank" rel="nofollow noopener"&gt;https://github.com/sfuhrm/commons-collections&lt;/a&gt; &lt;a href="https://issues.apache.org/jira/browse/COLLECTIONS-673" title="ListUtils.partition potential integer overflow" class="issue-link" data-issue-key="COLLECTIONS-673"&gt;&lt;del&gt;COLLECTIONS-673&lt;/del&gt;&lt;/a&gt;&lt;/p&gt;

&lt;p&gt;Alternatively you can review and apply these changes as the patch at:&lt;/p&gt;

&lt;p&gt;    &lt;a href="https://github.com/apache/commons-collections/pull/37.patch" class="external-link" target="_blank" rel="nofollow noopener"&gt;https://github.com/apache/commons-collections/pull/37.patch&lt;/a&gt;&lt;/p&gt;

&lt;p&gt;To close this pull request, make a commit to your master/trunk branch&lt;br/&gt;
with (at least) the following in the commit message:&lt;/p&gt;

&lt;p&gt;    This closes #37&lt;/p&gt;

&lt;hr /&gt;
&lt;p&gt;commit faf27f611f4429c77a800124b5fb6f641f871c0f&lt;br/&gt;
Author: Stephan Fuhrmann &amp;lt;s@...&amp;gt;&lt;br/&gt;
Date:   2018-06-09T17:30:13Z&lt;/p&gt;

&lt;p&gt;    &lt;a href="https://issues.apache.org/jira/browse/COLLECTIONS-673" title="ListUtils.partition potential integer overflow" class="issue-link" data-issue-key="COLLECTIONS-673"&gt;&lt;del&gt;COLLECTIONS-673&lt;/del&gt;&lt;/a&gt;: Fix inspired by the Guava partition() implementation&lt;/p&gt;

&lt;hr /&gt;</comment>
                            <comment id="16507085" author="githubbot" created="Sat, 9 Jun 2018 17:33:04 +0000">&lt;p&gt;GitHub user sfuhrm opened a pull request:&lt;/p&gt;

&lt;p&gt;    &lt;a href="https://github.com/apache/commons-collections/pull/37" class="external-link" target="_blank" rel="nofollow noopener"&gt;https://github.com/apache/commons-collections/pull/37&lt;/a&gt;&lt;/p&gt;

&lt;p&gt;    &lt;a href="https://issues.apache.org/jira/browse/COLLECTIONS-673" title="ListUtils.partition potential integer overflow" class="issue-link" data-issue-key="COLLECTIONS-673"&gt;&lt;del&gt;COLLECTIONS-673&lt;/del&gt;&lt;/a&gt;: Fix inspired by the Guava partition() implementation&lt;/p&gt;

&lt;p&gt;    A fix for the &lt;a href="https://issues.apache.org/jira/browse/COLLECTIONS-673" title="ListUtils.partition potential integer overflow" class="issue-link" data-issue-key="COLLECTIONS-673"&gt;&lt;del&gt;COLLECTIONS-673&lt;/del&gt;&lt;/a&gt; bug and a unit test proving the fix for the shown defect.&lt;/p&gt;

&lt;p&gt;    See &lt;a href="https://issues.apache.org/jira/browse/COLLECTIONS-673" class="external-link" rel="nofollow"&gt;https://issues.apache.org/jira/browse/COLLECTIONS-673&lt;/a&gt;&lt;/p&gt;

&lt;p&gt;You can merge this pull request into a Git repository by running:&lt;/p&gt;

&lt;p&gt;    $ git pull &lt;a href="https://github.com/sfuhrm/commons-collections" class="external-link" target="_blank" rel="nofollow noopener"&gt;https://github.com/sfuhrm/commons-collections&lt;/a&gt; &lt;a href="https://issues.apache.org/jira/browse/COLLECTIONS-673" title="ListUtils.partition potential integer overflow" class="issue-link" data-issue-key="COLLECTIONS-673"&gt;&lt;del&gt;COLLECTIONS-673&lt;/del&gt;&lt;/a&gt;&lt;/p&gt;

&lt;p&gt;Alternatively you can review and apply these changes as the patch at:&lt;/p&gt;

&lt;p&gt;    &lt;a href="https://github.com/apache/commons-collections/pull/37.patch" class="external-link" target="_blank" rel="nofollow noopener"&gt;https://github.com/apache/commons-collections/pull/37.patch&lt;/a&gt;&lt;/p&gt;

&lt;p&gt;To close this pull request, make a commit to your master/trunk branch&lt;br/&gt;
with (at least) the following in the commit message:&lt;/p&gt;

&lt;p&gt;    This closes #37&lt;/p&gt;

&lt;hr /&gt;
&lt;p&gt;commit faf27f611f4429c77a800124b5fb6f641f871c0f&lt;br/&gt;
Author: Stephan Fuhrmann &amp;lt;s@...&amp;gt;&lt;br/&gt;
Date:   2018-06-09T17:30:13Z&lt;/p&gt;

&lt;p&gt;    &lt;a href="https://issues.apache.org/jira/browse/COLLECTIONS-673" title="ListUtils.partition potential integer overflow" class="issue-link" data-issue-key="COLLECTIONS-673"&gt;&lt;del&gt;COLLECTIONS-673&lt;/del&gt;&lt;/a&gt;: Fix inspired by the Guava partition() implementation&lt;/p&gt;

&lt;hr /&gt;</comment>
                            <comment id="16507087" author="githubbot" created="Sat, 9 Jun 2018 17:37:34 +0000">&lt;p&gt;Github user coveralls commented on the issue:&lt;/p&gt;

&lt;p&gt;    &lt;a href="https://github.com/apache/commons-collections/pull/37" class="external-link" target="_blank" rel="nofollow noopener"&gt;https://github.com/apache/commons-collections/pull/37&lt;/a&gt;&lt;/p&gt;


&lt;p&gt;    [!&lt;span class="error"&gt;&amp;#91;Coverage Status&amp;#93;&lt;/span&gt;(&lt;a href="https://coveralls.io/builds/17407790/badge)](https://coveralls.io/builds/17407790" class="external-link" target="_blank" rel="nofollow noopener"&gt;https://coveralls.io/builds/17407790/badge)](https://coveralls.io/builds/17407790&lt;/a&gt;)&lt;/p&gt;

&lt;p&gt;    Coverage increased (+0.007%) to 86.582% when pulling *&lt;b&gt;faf27f611f4429c77a800124b5fb6f641f871c0f on sfuhrm:&lt;a href="https://issues.apache.org/jira/browse/COLLECTIONS-673" title="ListUtils.partition potential integer overflow" class="issue-link" data-issue-key="COLLECTIONS-673"&gt;&lt;del&gt;COLLECTIONS-673&lt;/del&gt;&lt;/a&gt;&lt;/b&gt;* into *&lt;b&gt;13ba1cc91ea441ab012fa4e9724fbca397f1b1cf on apache:master&lt;/b&gt;*.&lt;/p&gt;
</comment>
                            <comment id="16510251" author="githubbot" created="Tue, 12 Jun 2018 21:44:21 +0000">&lt;p&gt;Github user asfgit closed the pull request at:&lt;/p&gt;

&lt;p&gt;    &lt;a href="https://github.com/apache/commons-collections/pull/37" class="external-link" target="_blank" rel="nofollow noopener"&gt;https://github.com/apache/commons-collections/pull/37&lt;/a&gt;&lt;/p&gt;</comment>
                            <comment id="16510252" author="githubbot" created="Tue, 12 Jun 2018 21:44:21 +0000">&lt;p&gt;Github user asfgit closed the pull request at:&lt;/p&gt;

&lt;p&gt;    &lt;a href="https://github.com/apache/commons-collections/pull/37" class="external-link" target="_blank" rel="nofollow noopener"&gt;https://github.com/apache/commons-collections/pull/37&lt;/a&gt;&lt;/p&gt;</comment>
                            <comment id="16510254" author="garydgregory" created="Tue, 12 Jun 2018 21:45:28 +0000">&lt;p&gt;Thank you for your patch, please verify and close.&lt;/p&gt;</comment>
                    </comments>
                    <attachments>
                    </attachments>
                <subtasks>
                    </subtasks>
                <customfields>
                                                                                                                                                                                                                                                                                                                                                                                                                                                                                                                                                                                                                                                                                                                    <customfield id="customfield_12314020" key="com.atlassian.jira.plugins.jira-development-integration-plugin:devsummary">
                        <customfieldname>Development</customfieldname>
                        <customfieldvalues>
                            
                        </customfieldvalues>
                    </customfield>
                                                                                                                        <customfield id="customfield_12313422" key="com.atlassian.jirafisheyeplugin:jobcheckbox">
                        <customfieldname>Enable Automatic Patch Review</customfieldname>
                        <customfieldvalues>
                            <customfieldvalue>false</customfieldvalue>

                        </customfieldvalues>
                    </customfield>
                                                                                                                                                                                                                                                                                                                                                                                                                                                                                                                                                                                                                                                <customfield id="customfield_12310420" key="com.pyxis.greenhopper.jira:gh-global-rank">
                        <customfieldname>Global Rank</customfieldname>
                        <customfieldvalues>
                            <customfieldvalue>9223372036854775807</customfieldvalue>
                        </customfieldvalues>
                    </customfield>
                                                                                                                                                                                                                                                                                                                                                                                                                                                                        <customfield id="customfield_12311820" key="com.pyxis.greenhopper.jira:gh-lexo-rank">
                        <customfieldname>Rank</customfieldname>
                        <customfieldvalues>
                            <customfieldvalue>0|i3ppz3:</customfieldvalue>

                        </customfieldvalues>
                    </customfield>
                                                                <customfield id="customfield_12310920" key="com.pyxis.greenhopper.jira:gh-global-rank">
                        <customfieldname>Rank (Obsolete)</customfieldname>
                        <customfieldvalues>
                            <customfieldvalue>9223372036854775807</customfieldvalue>
                        </customfieldvalues>
                    </customfield>
                                                                                                                                                                                                                                                                                                                                                                                                                                                                                                                                                                                                                                                                                                                                                                                            </customfields>
    </item>


</channel>
</rss>