<rss version="0.92">
    <channel>
        <title>ASF JIRA</title>
        <link>https://issues.apache.org/jira/issues/?jql=project+%3D+COLLECTIONS+and+type+%3D+bug+and+%28status+%3D+RESOLVED+or+status+%3D+closed%29+and+resolution+%3D+Fixed+and+fixVersion+%21%3D+None++and+affectedVersion+%21%3D+None++and+affectedVersion+%21%3D+%22Nightly+Build%22</link>
        <description>An XML representation of a search request</description>
                <language>en-uk</language>
                        <issue start="0" end="105" total="105" />
                <build-info>
            <version>8.20.1</version>
            <build-number>820001</build-number>
            <build-date>28-10-2021</build-date>
        </build-info>

<item>
            <title>[COLLECTIONS-425] performance problem in ListOrderedMap.remove()</title>
                <link>https://issues.apache.org/jira/browse/COLLECTIONS-425</link>
                <project id="12310465" key="COLLECTIONS">Commons Collections</project>
                    <description>&lt;p&gt;Hi,&lt;/p&gt;

&lt;p&gt;I am encountering a performance problem in ListOrderedMap.remove().&lt;br/&gt;
It appears in version 3.2.1 and also in revision 1365132.  I attached&lt;br/&gt;
a test that exposes this problem and a simple patch that fixes it.  On&lt;br/&gt;
my machine, for this test, the patch provides a 213X speedup.&lt;/p&gt;

&lt;p&gt;To run the test, just do:&lt;/p&gt;

&lt;p&gt;$ java Test&lt;/p&gt;

&lt;p&gt;The output for the un-patched version is:&lt;br/&gt;
Time is 1497&lt;/p&gt;

&lt;p&gt;The output for the patched version is:&lt;br/&gt;
Time is 7&lt;/p&gt;

&lt;p&gt;The patch changes the "ListOrderedMap.remove(Object key)" code from:&lt;/p&gt;

&lt;div class="code panel" style="border-style: solid;border-width: 1px;"&gt;&lt;div class="codeContent panelContent"&gt;
&lt;pre class="code-java"&gt;&lt;span class="code-object"&gt;Object&lt;/span&gt; result = getMap().remove(key);
insertOrder.remove(key);
&lt;/pre&gt;
&lt;/div&gt;&lt;/div&gt;

&lt;p&gt;to:&lt;/p&gt;

&lt;div class="code panel" style="border-style: solid;border-width: 1px;"&gt;&lt;div class="codeContent panelContent"&gt;
&lt;pre class="code-java"&gt;&lt;span class="code-keyword"&gt;if&lt;/span&gt; (decorated().containsKey(key)) {
    result = decorated().remove(key);
    insertOrder.remove(key);
}
&lt;/pre&gt;
&lt;/div&gt;&lt;/div&gt;

&lt;p&gt;If "decorated()" does not contain the key, there is no need to remove&lt;br/&gt;
it.  This change significantly speeds up the code by avoiding the call&lt;br/&gt;
to "insertOrder.remove(key)", which is very expensive because&lt;br/&gt;
"insertOrder" is an ArrayList, and removing from an ArrayList is a&lt;br/&gt;
linear time operation.&lt;/p&gt;

&lt;p&gt;It may appear that the check "if (decorated().containsKey(key))" may&lt;br/&gt;
slow down the code when "decorated()" contains the key, because it&lt;br/&gt;
adds a new operation "decorated().containsKey(key)", without avoiding&lt;br/&gt;
the calls to "getMap().remove(key)" and "insertOrder.remove(key)".&lt;/p&gt;

&lt;p&gt;I attached a test, TestWorstCase.java, that show that, even when&lt;br/&gt;
removing only existing keys (i.e., "decorated().containsKey(key)"&lt;br/&gt;
always returns "true"), the patched version takes almost the same time&lt;br/&gt;
as the un-patched version.&lt;/p&gt;

&lt;p&gt;To run TestWorstCase, just do:&lt;/p&gt;

&lt;p&gt;$ java TestWorstCase&lt;/p&gt;

&lt;p&gt;The output for the un-patched version for TestWorstCase is:&lt;br/&gt;
Time is 96&lt;/p&gt;

&lt;p&gt;The output for the patched version for TestWorstCase is:&lt;br/&gt;
Time is 97&lt;/p&gt;

&lt;p&gt;The reason why the patch does not slow down the code, even for this&lt;br/&gt;
worst case, is because "decorated().containsKey(key)" is a&lt;br/&gt;
"containsKey()" on a HashMap (very fast, constant time operation),&lt;br/&gt;
whereas "insertOrder.remove(key);" is a "remove()" on an ArrayList&lt;br/&gt;
(very slow, linear time operation).  So the time taken by&lt;br/&gt;
"decorated().containsKey(key)" is negligible compared to the time&lt;br/&gt;
taken by "insertOrder.remove(key);".  In other words, most of the time&lt;br/&gt;
is spent inside "insertOrder.remove(key)", and performing one&lt;br/&gt;
additional fast operation cannot be noticed.&lt;/p&gt;

&lt;p&gt;Is this truly a bug? If so, can you please confirm if the patch is&lt;br/&gt;
correct?&lt;/p&gt;

&lt;p&gt;Thanks,&lt;/p&gt;

&lt;p&gt;Adrian&lt;/p&gt;</description>
                <environment>&lt;p&gt;java 1.6.0_24&lt;br/&gt;
Ubuntu 11.10&lt;/p&gt;</environment>
        <key id="12600047">COLLECTIONS-425</key>
            <summary>performance problem in ListOrderedMap.remove()</summary>
                <type id="1" iconUrl="https://issues.apache.org/jira/secure/viewavatar?size=xsmall&amp;avatarId=21133&amp;avatarType=issuetype">Bug</type>
                                            <priority id="3" iconUrl="https://issues.apache.org/jira/images/icons/priorities/major.svg">Major</priority>
                        <status id="6" iconUrl="https://issues.apache.org/jira/images/icons/statuses/closed.png" description="The issue is considered finished, the resolution is correct. Issues which are not closed can be reopened.">Closed</status>
                    <statusCategory id="3" key="done" colorName="green" />
                                    <resolution id="1">Fixed</resolution>
                                        <assignee username="-1">Unassigned</assignee>
                                    <reporter username="adriannistor">Adrian Nistor</reporter>
                        <labels>
                    </labels>
                <created>Tue, 24 Jul 2012 18:15:42 +0000</created>
                <updated>Sun, 9 Nov 2014 14:31:43 +0000</updated>
                            <resolved>Wed, 25 Jul 2012 21:15:28 +0000</resolved>
                                    <version>3.2.1</version>
                                    <fixVersion>4.0-alpha1</fixVersion>
                    <fixVersion>4.0</fixVersion>
                                        <due />
                            <votes>0</votes>
                                    <watches>2</watches>
                                                                <comments>
                            <comment id="13422620" author="tn" created="Wed, 25 Jul 2012 21:15:28 +0000">&lt;p&gt;Fixed in r1365749. Thanks for the report and patch!&lt;/p&gt;</comment>
                    </comments>
                    <attachments>
                            <attachment id="12537722" name="Test.java" size="732" author="adriannistor" created="Tue, 24 Jul 2012 18:15:59 +0000" />
                            <attachment id="12537723" name="TestWorstCase.java" size="736" author="adriannistor" created="Tue, 24 Jul 2012 18:15:59 +0000" />
                            <attachment id="12537721" name="patch.diff" size="664" author="adriannistor" created="Tue, 24 Jul 2012 18:15:59 +0000" />
                    </attachments>
                <subtasks>
                    </subtasks>
                <customfields>
                                                                                                                                                                                                                                                                                                                                                                                                                                                                                                                                                                                                                                                                                                                    <customfield id="customfield_12314020" key="com.atlassian.jira.plugins.jira-development-integration-plugin:devsummary">
                        <customfieldname>Development</customfieldname>
                        <customfieldvalues>
                            
                        </customfieldvalues>
                    </customfield>
                                                                                                                        <customfield id="customfield_12313422" key="com.atlassian.jirafisheyeplugin:jobcheckbox">
                        <customfieldname>Enable Automatic Patch Review</customfieldname>
                        <customfieldvalues>
                            <customfieldvalue>false</customfieldvalue>

                        </customfieldvalues>
                    </customfield>
                                                                                                                                                                                                                                                                                                                                                                                                                                                                                                                                                                                                                                                <customfield id="customfield_12310420" key="com.pyxis.greenhopper.jira:gh-global-rank">
                        <customfieldname>Global Rank</customfieldname>
                        <customfieldvalues>
                            <customfieldvalue>292941</customfieldvalue>
                        </customfieldvalues>
                    </customfield>
                                                                                                                                                                                                                                                                                                                                                                                                                                                                        <customfield id="customfield_12311820" key="com.pyxis.greenhopper.jira:gh-lexo-rank">
                        <customfieldname>Rank</customfieldname>
                        <customfieldvalues>
                            <customfieldvalue>0|i0shov:</customfieldvalue>

                        </customfieldvalues>
                    </customfield>
                                                                <customfield id="customfield_12310920" key="com.pyxis.greenhopper.jira:gh-global-rank">
                        <customfieldname>Rank (Obsolete)</customfieldname>
                        <customfieldvalues>
                            <customfieldvalue>164343</customfieldvalue>
                        </customfieldvalues>
                    </customfield>
                                                                                                                                                                                                                                                                                                                                                                                                                                                                                                                                                                                                                                                                                                                                                                                            </customfields>
    </item>


</channel>
</rss>