<rss version="0.92">
    <channel>
        <title>ASF JIRA</title>
        <link>https://issues.apache.org/jira/issues/?jql=project+%3D+COLLECTIONS+and+type+%3D+bug+and+%28status+%3D+RESOLVED+or+status+%3D+closed%29+and+resolution+%3D+Fixed+and+fixVersion+%21%3D+None++and+affectedVersion+%21%3D+None++and+affectedVersion+%21%3D+%22Nightly+Build%22</link>
        <description>An XML representation of a search request</description>
                <language>en-uk</language>
                        <issue start="0" end="105" total="105" />
                <build-info>
            <version>8.20.1</version>
            <build-number>820001</build-number>
            <build-date>28-10-2021</build-date>
        </build-info>

<item>
            <title>[COLLECTIONS-294] Fix case-insensitive string handling</title>
                <link>https://issues.apache.org/jira/browse/COLLECTIONS-294</link>
                <project id="12310465" key="COLLECTIONS">Commons Collections</project>
                    <description>&lt;p&gt;For example, the behavior of the &lt;tt&gt;CaseInsensitiveMap&lt;/tt&gt; is currently platform-dependent, please see &lt;a href="http://www.nabble.com/Re%3A-Common-Bugs-p14931921s177.html" class="external-link" target="_blank" rel="nofollow noopener"&gt;Common Bug #3&lt;/a&gt; for details.&lt;/p&gt;</description>
                <environment />
        <key id="12394809">COLLECTIONS-294</key>
            <summary>Fix case-insensitive string handling</summary>
                <type id="1" iconUrl="https://issues.apache.org/jira/secure/viewavatar?size=xsmall&amp;avatarId=21133&amp;avatarType=issuetype">Bug</type>
                                            <priority id="3" iconUrl="https://issues.apache.org/jira/images/icons/priorities/major.svg">Major</priority>
                        <status id="6" iconUrl="https://issues.apache.org/jira/images/icons/statuses/closed.png" description="The issue is considered finished, the resolution is correct. Issues which are not closed can be reopened.">Closed</status>
                    <statusCategory id="3" key="done" colorName="green" />
                                    <resolution id="1">Fixed</resolution>
                                        <assignee username="-1">Unassigned</assignee>
                                    <reporter username="bentmann">Benjamin Bentmann</reporter>
                        <labels>
                    </labels>
                <created>Fri, 25 Apr 2008 14:31:23 +0000</created>
                <updated>Sat, 7 Nov 2015 21:17:13 +0000</updated>
                            <resolved>Thu, 28 Feb 2013 19:38:34 +0000</resolved>
                                    <version>3.2</version>
                                    <fixVersion>3.2.2</fixVersion>
                    <fixVersion>4.0-alpha1</fixVersion>
                    <fixVersion>4.0</fixVersion>
                                    <component>Map</component>
                        <due />
                            <votes>0</votes>
                                    <watches>0</watches>
                                                                <comments>
                            <comment id="12595862" author="bayard" created="Sat, 10 May 2008 22:46:01 +0000">&lt;p&gt;Definitely for the ExtendedProperties, it's obviously using English as a Locale.&lt;/p&gt;

&lt;p&gt;I'm less convinced by CaseInsensitiveMap. Instead it seems that either:&lt;/p&gt;

&lt;p&gt;a) It should have a Locale parameter to the constructor&lt;br/&gt;
b) It should be rewritten to be a CaseInsensitiveMap &lt;span class="error"&gt;&amp;#91;ie: depend on equalsIgnoreCase&amp;#93;&lt;/span&gt;, and not a ToLowerCaseMap as it currently is.&lt;/p&gt;</comment>
                            <comment id="12595898" author="bentmann" created="Sun, 11 May 2008 09:30:58 +0000">&lt;p&gt;Yes, you're right, the map thing is trickier than I realized. Attached is a new patch that makes key comparisons behave as &lt;tt&gt;equalsIgnoreCase()&lt;/tt&gt; would do (watch out for the extended unit test that fails when using &lt;tt&gt;String.toLowerCase()&lt;/tt&gt; in &lt;tt&gt;convertKey()&lt;/tt&gt;).&lt;/p&gt;

&lt;p&gt;A question that pops up is whether &lt;tt&gt;CaseInsensitiveMap&lt;/tt&gt; should have been case-preserving for keys, i.e. store keys in their original case but compare case-insensitively. I mean, there seem to be two different use cases involved here:&lt;/p&gt;
&lt;ol&gt;
	&lt;li&gt;case-insentive key lookup, i.e. &lt;tt&gt;map.get("key") == map.get("KEY")&lt;/tt&gt; but possibly &lt;tt&gt;map.keySet().contains("Key")&lt;/tt&gt;&lt;/li&gt;
	&lt;li&gt;automatic key normalization to lower/upper case to provide a specific key set view&lt;/li&gt;
&lt;/ol&gt;
</comment>
                            <comment id="12609451" author="bayard" created="Tue, 1 Jul 2008 04:48:57 +0000">&lt;p&gt;Note: ExtendedProperties patch applied (r655204). I typo'd the key in the comment so it doesn't appear here.&lt;/p&gt;</comment>
                            <comment id="12644888" author="bayard" created="Tue, 4 Nov 2008 03:58:49 +0000">&lt;p&gt;svn ci -m "Applying Benjamin Bentmann's second patch from &lt;a href="https://issues.apache.org/jira/browse/COLLECTIONS-294" title="Fix case-insensitive string handling" class="issue-link" data-issue-key="COLLECTIONS-294"&gt;&lt;del&gt;COLLECTIONS-294&lt;/del&gt;&lt;/a&gt;, fixing the locale issue in CaseInsensitiveMap by converting each character individually and not using toLowerCase" src&lt;/p&gt;

&lt;p&gt;Sending        src/java/org/apache/commons/collections/map/CaseInsensitiveMap.java&lt;br/&gt;
Sending        src/test/org/apache/commons/collections/map/TestCaseInsensitiveMap.java&lt;br/&gt;
Transmitting file data ..&lt;br/&gt;
Committed revision 711168.&lt;/p&gt;</comment>
                            <comment id="12673928" author="sebb@apache.org" created="Mon, 16 Feb 2009 16:39:07 +0000">&lt;p&gt;Unfortunately, Locale(String) is Java 1.4+ only, and Collections still targets 1.3.&lt;/p&gt;

&lt;p&gt;Replaced with Locale("tr","","") - which is what Java 1.4 does anyway&lt;/p&gt;

&lt;p&gt;URL: &lt;a href="http://svn.apache.org/viewvc?rev=744957&amp;amp;view=rev" class="external-link" target="_blank" rel="nofollow noopener"&gt;http://svn.apache.org/viewvc?rev=744957&amp;amp;view=rev&lt;/a&gt;&lt;br/&gt;
Log:&lt;br/&gt;
&lt;a href="https://issues.apache.org/jira/browse/COLLECTIONS-294" title="Fix case-insensitive string handling" class="issue-link" data-issue-key="COLLECTIONS-294"&gt;&lt;del&gt;COLLECTIONS-294&lt;/del&gt;&lt;/a&gt;: Replace Locale("tr") with Locale("tr","","") to be Java 1.3 compliant&lt;/p&gt;</comment>
                    </comments>
                    <attachments>
                            <attachment id="12381836" name="COLLECTIONS-294-CaseInsensitiveMap.patch" size="3334" author="bentmann" created="Sun, 11 May 2008 09:30:58 +0000" />
                            <attachment id="12380945" name="COLLECTIONS-294.patch" size="3147" author="bentmann" created="Fri, 25 Apr 2008 14:31:46 +0000" />
                    </attachments>
                <subtasks>
                    </subtasks>
                <customfields>
                                                                                                                                                                                                                                                                                                                                                                                                                                                                                                                                                                                                                                                                                                                    <customfield id="customfield_12314020" key="com.atlassian.jira.plugins.jira-development-integration-plugin:devsummary">
                        <customfieldname>Development</customfieldname>
                        <customfieldvalues>
                            
                        </customfieldvalues>
                    </customfield>
                                                                                                                        <customfield id="customfield_12313422" key="com.atlassian.jirafisheyeplugin:jobcheckbox">
                        <customfieldname>Enable Automatic Patch Review</customfieldname>
                        <customfieldvalues>
                            <customfieldvalue>false</customfieldvalue>

                        </customfieldvalues>
                    </customfield>
                                                                                                                                                                                                                                                                                                                                                                                                                                                                                                                                                                                                                                                <customfield id="customfield_12310420" key="com.pyxis.greenhopper.jira:gh-global-rank">
                        <customfieldname>Global Rank</customfieldname>
                        <customfieldvalues>
                            <customfieldvalue>18707</customfieldvalue>
                        </customfieldvalues>
                    </customfield>
                                                                                                                                                                                                                                                                                                                                                                                                                                                                        <customfield id="customfield_12311820" key="com.pyxis.greenhopper.jira:gh-lexo-rank">
                        <customfieldname>Rank</customfieldname>
                        <customfieldvalues>
                            <customfieldvalue>0|i0si9z:</customfieldvalue>

                        </customfieldvalues>
                    </customfield>
                                                                <customfield id="customfield_12310920" key="com.pyxis.greenhopper.jira:gh-global-rank">
                        <customfieldname>Rank (Obsolete)</customfieldname>
                        <customfieldvalues>
                            <customfieldvalue>164438</customfieldvalue>
                        </customfieldvalues>
                    </customfield>
                                                                                                                                                                                                                                                                                                                                                                                                                                                                                                                                                                                                                                                                                                                                                                                            </customfields>
    </item>


</channel>
</rss>