<rss version="0.92">
    <channel>
        <title>ASF JIRA</title>
        <link>https://issues.apache.org/jira/issues/?jql=project+%3D+COLLECTIONS+and+type+%3D+bug+and+%28status+%3D+RESOLVED+or+status+%3D+closed%29+and+resolution+%3D+Fixed+and+fixVersion+%21%3D+None++and+affectedVersion+%21%3D+None++and+affectedVersion+%21%3D+%22Nightly+Build%22</link>
        <description>An XML representation of a search request</description>
                <language>en-uk</language>
                        <issue start="0" end="105" total="105" />
                <build-info>
            <version>8.20.1</version>
            <build-number>820001</build-number>
            <build-date>28-10-2021</build-date>
        </build-info>

<item>
            <title>[COLLECTIONS-775] CollectionUtilsTest.getFromMap() is flaky</title>
                <link>https://issues.apache.org/jira/browse/COLLECTIONS-775</link>
                <project id="12310465" key="COLLECTIONS">Commons Collections</project>
                    <description>&lt;p&gt;CollectionUtilsTest.getFromMap() is flaky on line 996: assertEquals(expected, found). We can get the following failure:&lt;/p&gt;


&lt;p&gt;&lt;span class="error"&gt;&amp;#91;ERROR&amp;#93;&lt;/span&gt; CollectionUtilsTest.getFromMap:996 expected:&amp;lt;{oneKey=one, zeroKey=zero}&amp;gt; but was:&amp;lt;{oneKey=one}&amp;gt;&lt;/p&gt;

&lt;p&gt;&#160;&lt;/p&gt;

&lt;p&gt;The flakiness is introduced by calls to&#160;CollectionUtils.get(expected, 0) and&#160;CollectionUtils.get(expected, 1). Because&#160;CollectionUtils.get() uses a new Java Iterator each time it is called, it's possible that get(0) != get(0) and get(0) = get(1) in two subsequent calls to the "expected" HashMap. The end result is we may have only added {oneKey=one} or {zeroKey=zero}, but not both, to the "found" HashMap.&lt;/p&gt;</description>
                <environment />
        <key id="13343358">COLLECTIONS-775</key>
            <summary>CollectionUtilsTest.getFromMap() is flaky</summary>
                <type id="1" iconUrl="https://issues.apache.org/jira/secure/viewavatar?size=xsmall&amp;avatarId=21133&amp;avatarType=issuetype">Bug</type>
                                            <priority id="4" iconUrl="https://issues.apache.org/jira/images/icons/priorities/minor.svg">Minor</priority>
                        <status id="5" iconUrl="https://issues.apache.org/jira/images/icons/statuses/resolved.png" description="A resolution has been taken, and it is awaiting verification by reporter. From here issues are either reopened, or are closed.">Resolved</status>
                    <statusCategory id="3" key="done" colorName="green" />
                                    <resolution id="1">Fixed</resolution>
                                        <assignee username="-1">Unassigned</assignee>
                                    <reporter username="xint5">XinT</reporter>
                        <labels>
                            <label>pull-request-available</label>
                            <label>test</label>
                    </labels>
                <created>Mon, 30 Nov 2020 17:11:46 +0000</created>
                <updated>Sat, 5 Dec 2020 15:30:47 +0000</updated>
                            <resolved>Sat, 5 Dec 2020 15:30:47 +0000</resolved>
                                    <version>4.4</version>
                                    <fixVersion>4.5</fixVersion>
                                    <component>Collection</component>
                        <due />
                            <votes>0</votes>
                                    <watches>2</watches>
                                            <timeestimate seconds="0">0h</timeestimate>
                            <timespent seconds="2400">40m</timespent>
                                <comments>
                            <comment id="17244520" author="garydgregory" created="Sat, 5 Dec 2020 15:30:29 +0000">&lt;p&gt;Hi&#160;&lt;a href="https://issues.apache.org/jira/secure/ViewProfile.jspa?name=xint5" class="user-hover" rel="xint5"&gt;xint5&lt;/a&gt;&lt;/p&gt;

&lt;p&gt;Merged in git master. I also broke up the test and added a new one for ORDERED maps like &lt;tt&gt;LinkedHashMap&lt;/tt&gt;.&lt;/p&gt;

&lt;p&gt;Please verify and close this ticket.&lt;/p&gt;

&lt;p&gt;&#160;&lt;/p&gt;</comment>
                    </comments>
                    <attachments>
                    </attachments>
                <subtasks>
                    </subtasks>
                <customfields>
                                                                                                                                                                                                                                                                                                                                                                                                                                                                                                                                                                                                                                                                                                                    <customfield id="customfield_12314020" key="com.atlassian.jira.plugins.jira-development-integration-plugin:devsummary">
                        <customfieldname>Development</customfieldname>
                        <customfieldvalues>
                            
                        </customfieldvalues>
                    </customfield>
                                                                                                                        <customfield id="customfield_12313422" key="com.atlassian.jirafisheyeplugin:jobcheckbox">
                        <customfieldname>Enable Automatic Patch Review</customfieldname>
                        <customfieldvalues>
                            <customfieldvalue>false</customfieldvalue>

                        </customfieldvalues>
                    </customfield>
                                                                                                                                                                                                                                                                                                <customfield id="customfield_12311020" key="com.atlassian.jira.plugin.system.customfieldtypes:url">
                        <customfieldname>External issue URL</customfieldname>
                        <customfieldvalues>
                            <customfieldvalue>https://github.com/apache/commons-collections/pull/200</customfieldvalue>

                        </customfieldvalues>
                    </customfield>
                                                                                                                                                                                                                                                                                                                                                                                    <customfield id="customfield_12310420" key="com.pyxis.greenhopper.jira:gh-global-rank">
                        <customfieldname>Global Rank</customfieldname>
                        <customfieldvalues>
                            <customfieldvalue>9223372036854775807</customfieldvalue>
                        </customfieldvalues>
                    </customfield>
                                                                                                                                                                                                                                                                                                                                                                                                                                                                        <customfield id="customfield_12311820" key="com.pyxis.greenhopper.jira:gh-lexo-rank">
                        <customfieldname>Rank</customfieldname>
                        <customfieldvalues>
                            <customfieldvalue>0|z0l23c:</customfieldvalue>

                        </customfieldvalues>
                    </customfield>
                                                                <customfield id="customfield_12310920" key="com.pyxis.greenhopper.jira:gh-global-rank">
                        <customfieldname>Rank (Obsolete)</customfieldname>
                        <customfieldvalues>
                            <customfieldvalue>9223372036854775807</customfieldvalue>
                        </customfieldvalues>
                    </customfield>
                                                                                                                                                                                                                                                                                                                                                                                                                                                                                                                                                                                                                                                                                                                                                                                            </customfields>
    </item>


</channel>
</rss>