<rss version="0.92">
    <channel>
        <title>ASF JIRA</title>
        <link>https://issues.apache.org/jira/issues/?jql=project+%3D+COLLECTIONS+and+type+%3D+bug+and+%28status+%3D+RESOLVED+or+status+%3D+closed%29+and+resolution+%3D+Fixed+and+fixVersion+%21%3D+None++and+affectedVersion+%21%3D+None++and+affectedVersion+%21%3D+%22Nightly+Build%22</link>
        <description>An XML representation of a search request</description>
                <language>en-uk</language>
                        <issue start="0" end="105" total="105" />
                <build-info>
            <version>8.20.1</version>
            <build-number>820001</build-number>
            <build-date>28-10-2021</build-date>
        </build-info>

<item>
            <title>[COLLECTIONS-544] Undocumented performance issue in the retainAll method in CollectionUtils </title>
                <link>https://issues.apache.org/jira/browse/COLLECTIONS-544</link>
                <project id="12310465" key="COLLECTIONS">Commons Collections</project>
                    <description>&lt;p&gt;The method &lt;tt&gt;retainAll&lt;/tt&gt; in &lt;tt&gt;CollectionUtils&lt;/tt&gt; is inefficient when the parameter collection has a slow containment method.&lt;/p&gt;

&lt;p&gt;The following is the current implementation with its documentation:&lt;/p&gt;

&lt;div class="preformatted panel" style="border-width: 1px;"&gt;&lt;div class="preformattedContent panelContent"&gt;
&lt;pre&gt; /**
     * Returns a collection containing all the elements in &amp;lt;code&amp;gt;collection&amp;lt;/code&amp;gt;
     * that are also in &amp;lt;code&amp;gt;retain&amp;lt;/code&amp;gt;. The cardinality of an element &amp;lt;code&amp;gt;e&amp;lt;/code&amp;gt;
     * in the returned collection is the same as the cardinality of &amp;lt;code&amp;gt;e&amp;lt;/code&amp;gt;
     * in &amp;lt;code&amp;gt;collection&amp;lt;/code&amp;gt; unless &amp;lt;code&amp;gt;retain&amp;lt;/code&amp;gt; does not contain &amp;lt;code&amp;gt;e&amp;lt;/code&amp;gt;, in which
     * case the cardinality is zero. This method is useful if you do not wish to modify
     * the collection &amp;lt;code&amp;gt;c&amp;lt;/code&amp;gt; and thus cannot call &amp;lt;code&amp;gt;c.retainAll(retain);&amp;lt;/code&amp;gt;.
     *
     * @param &amp;lt;C&amp;gt;  the type of object the {@link Collection} contains
     * @param collection  the collection whose contents are the target of the #retailAll operation
     * @param retain  the collection containing the elements to be retained in the returned collection
     * @return a &amp;lt;code&amp;gt;Collection&amp;lt;/code&amp;gt; containing all the elements of &amp;lt;code&amp;gt;collection&amp;lt;/code&amp;gt;
     * that occur at least once in &amp;lt;code&amp;gt;retain&amp;lt;/code&amp;gt;.
     * @throws NullPointerException if either parameter is null
     * @since 3.2
     */
    public static &amp;lt;C&amp;gt; Collection&amp;lt;C&amp;gt; retainAll(final Collection&amp;lt;C&amp;gt; collection, final Collection&amp;lt;?&amp;gt; retain) {
        return ListUtils.retainAll(collection, retain);
    }
&lt;/pre&gt;
&lt;/div&gt;&lt;/div&gt;

&lt;p&gt;We can notice the inefficiency by looking at the &lt;tt&gt;retainAll&lt;/tt&gt; method in &lt;tt&gt;ListUtils&lt;/tt&gt;.&lt;/p&gt;

&lt;p&gt;The &lt;tt&gt;retainAll&lt;/tt&gt; method from &lt;tt&gt;ListUtils&lt;/tt&gt; is implemented and documented as follows:&lt;/p&gt;

&lt;div class="preformatted panel" style="border-width: 1px;"&gt;&lt;div class="preformattedContent panelContent"&gt;
&lt;pre&gt;  /**
     * Returns a List containing all the elements in &amp;lt;code&amp;gt;collection&amp;lt;/code&amp;gt;
     * that are also in &amp;lt;code&amp;gt;retain&amp;lt;/code&amp;gt;. The cardinality of an element &amp;lt;code&amp;gt;e&amp;lt;/code&amp;gt;
     * in the returned list is the same as the cardinality of &amp;lt;code&amp;gt;e&amp;lt;/code&amp;gt;
     * in &amp;lt;code&amp;gt;collection&amp;lt;/code&amp;gt; unless &amp;lt;code&amp;gt;retain&amp;lt;/code&amp;gt; does not contain &amp;lt;code&amp;gt;e&amp;lt;/code&amp;gt;, in which
     * case the cardinality is zero. This method is useful if you do not wish to modify
     * the collection &amp;lt;code&amp;gt;c&amp;lt;/code&amp;gt; and thus cannot call &amp;lt;code&amp;gt;collection.retainAll(retain);&amp;lt;/code&amp;gt;.
     * &amp;lt;p&amp;gt;
     * This implementation iterates over &amp;lt;code&amp;gt;collection&amp;lt;/code&amp;gt;, checking each element in
     * turn to see if it's contained in &amp;lt;code&amp;gt;retain&amp;lt;/code&amp;gt;. If it's contained, it's added
     * to the returned list. As a consequence, it is advised to use a collection type for
     * &amp;lt;code&amp;gt;retain&amp;lt;/code&amp;gt; that provides a fast (e.g. O(1)) implementation of
     * {@link Collection#contains(Object)}.
     *
     * @param &amp;lt;E&amp;gt;  the element type
     * @param collection  the collection whose contents are the target of the #retailAll operation
     * @param retain  the collection containing the elements to be retained in the returned collection
     * @return a &amp;lt;code&amp;gt;List&amp;lt;/code&amp;gt; containing all the elements of &amp;lt;code&amp;gt;c&amp;lt;/code&amp;gt;
     * that occur at least once in &amp;lt;code&amp;gt;retain&amp;lt;/code&amp;gt;.
     * @throws NullPointerException if either parameter is null
     * @since 3.2
     */
    public static &amp;lt;E&amp;gt; List&amp;lt;E&amp;gt; retainAll(final Collection&amp;lt;E&amp;gt; collection, final Collection&amp;lt;?&amp;gt; retain) {
        final List&amp;lt;E&amp;gt; list = new ArrayList&amp;lt;E&amp;gt;(Math.min(collection.size(), retain.size()));

        for (final E obj : collection) {
            if (retain.contains(obj)) {
                list.add(obj);
            }
        }
        return list;
    }
&lt;/pre&gt;
&lt;/div&gt;&lt;/div&gt;

&lt;p&gt;In the case of &lt;tt&gt;ListUtils#retainAll&lt;/tt&gt;, the inefficiency is properly documented.&lt;/p&gt;

&lt;p&gt;Perhaps the disclaimer about potential inefficiencies depending on the type &lt;br/&gt;
of the parameter collection in ListUtils:retainAll should also be included in &lt;tt&gt;CollectionUtils#retainAll&lt;/tt&gt;.&lt;/p&gt;</description>
                <environment>&lt;p&gt;Ubuntu 14.04&lt;/p&gt;</environment>
        <key id="12766767">COLLECTIONS-544</key>
            <summary>Undocumented performance issue in the retainAll method in CollectionUtils </summary>
                <type id="1" iconUrl="https://issues.apache.org/jira/secure/viewavatar?size=xsmall&amp;avatarId=21133&amp;avatarType=issuetype">Bug</type>
                                            <priority id="5" iconUrl="https://issues.apache.org/jira/images/icons/priorities/trivial.svg">Trivial</priority>
                        <status id="6" iconUrl="https://issues.apache.org/jira/images/icons/statuses/closed.png" description="The issue is considered finished, the resolution is correct. Issues which are not closed can be reopened.">Closed</status>
                    <statusCategory id="3" key="done" colorName="green" />
                                    <resolution id="1">Fixed</resolution>
                                        <assignee username="-1">Unassigned</assignee>
                                    <reporter username="oswaldo_o">Oswaldo Olivo</reporter>
                        <labels>
                            <label>Collections</label>
                            <label>documentaion</label>
                            <label>performance</label>
                    </labels>
                <created>Mon, 12 Jan 2015 05:55:51 +0000</created>
                <updated>Fri, 27 Nov 2015 21:11:16 +0000</updated>
                            <resolved>Mon, 12 Jan 2015 14:06:25 +0000</resolved>
                                    <version>4.1</version>
                                    <fixVersion>4.1</fixVersion>
                                    <component>Collection</component>
                        <due />
                            <votes>0</votes>
                                    <watches>2</watches>
                                                                <comments>
                            <comment id="14273523" author="kinow" created="Mon, 12 Jan 2015 12:02:05 +0000">&lt;p&gt;Updated the issue formatting code.&lt;/p&gt;</comment>
                            <comment id="14273615" author="tn" created="Mon, 12 Jan 2015 14:06:25 +0000">&lt;p&gt;Documented in r1651098.&lt;/p&gt;

&lt;p&gt;Thanks for the report!&lt;/p&gt;</comment>
                    </comments>
                    <attachments>
                    </attachments>
                <subtasks>
                    </subtasks>
                <customfields>
                                                                                                                                                                                                                                                                                                                                                                                                                                                                                                                                                                                                                                                                                                                    <customfield id="customfield_12314020" key="com.atlassian.jira.plugins.jira-development-integration-plugin:devsummary">
                        <customfieldname>Development</customfieldname>
                        <customfieldvalues>
                            
                        </customfieldvalues>
                    </customfield>
                                                                                                                        <customfield id="customfield_12313422" key="com.atlassian.jirafisheyeplugin:jobcheckbox">
                        <customfieldname>Enable Automatic Patch Review</customfieldname>
                        <customfieldvalues>
                            <customfieldvalue>false</customfieldvalue>

                        </customfieldvalues>
                    </customfield>
                                                                                                                                                                                                                                                                                                                                                                                                                                                                                                                                                                                                                                                <customfield id="customfield_12310420" key="com.pyxis.greenhopper.jira:gh-global-rank">
                        <customfieldname>Global Rank</customfieldname>
                        <customfieldvalues>
                            <customfieldvalue>9223372036854775807</customfieldvalue>
                        </customfieldvalues>
                    </customfield>
                                                                                                                                                                                                                                                                                                                                                                                                                                                                        <customfield id="customfield_12311820" key="com.pyxis.greenhopper.jira:gh-lexo-rank">
                        <customfieldname>Rank</customfieldname>
                        <customfieldvalues>
                            <customfieldvalue>0|i248x3:</customfieldvalue>

                        </customfieldvalues>
                    </customfield>
                                                                <customfield id="customfield_12310920" key="com.pyxis.greenhopper.jira:gh-global-rank">
                        <customfieldname>Rank (Obsolete)</customfieldname>
                        <customfieldvalues>
                            <customfieldvalue>9223372036854775807</customfieldvalue>
                        </customfieldvalues>
                    </customfield>
                                                                                                                                                                                                                                                                                                                                                                                                                                                                                                                                                                                                                                                                                                                                                                                            </customfields>
    </item>


</channel>
</rss>