<rss version="0.92">
    <channel>
        <title>ASF JIRA</title>
        <link>https://issues.apache.org/jira/issues/?jql=project+%3D+COLLECTIONS+and+type+%3D+bug+and+%28status+%3D+RESOLVED+or+status+%3D+closed%29+and+resolution+%3D+Fixed+and+fixVersion+%21%3D+None++and+affectedVersion+%21%3D+None++and+affectedVersion+%21%3D+%22Nightly+Build%22</link>
        <description>An XML representation of a search request</description>
                <language>en-uk</language>
                        <issue start="0" end="105" total="105" />
                <build-info>
            <version>8.20.1</version>
            <build-number>820001</build-number>
            <build-date>28-10-2021</build-date>
        </build-info>

<item>
            <title>[COLLECTIONS-769] UnmodifiableMultiValuedMapTest is flaky</title>
                <link>https://issues.apache.org/jira/browse/COLLECTIONS-769</link>
                <project id="12310465" key="COLLECTIONS">Commons Collections</project>
                    <description>&lt;p&gt;Several functions in&#160;UnmodifiableMultiValuedMapTest (org.apache.commons.collections4.multimap.UnmodifiableMultiValuedMapTest) assert &lt;tt&gt;map.toString()&lt;/tt&gt; is equal to a hard-coded string "&lt;/p&gt;
{one=[uno, un], two=[dos, deux], three=[tres, trois]}
&lt;p&gt;", where the map variable is of type&#160;&lt;tt&gt;MultiValuedMap&lt;/tt&gt;.&lt;/p&gt;

&lt;p&gt;These assertions are flaky because&#160;&lt;tt&gt;map.toString()&lt;/tt&gt; can be equal to any one of the 6 strings where "one=&lt;span class="error"&gt;&amp;#91;uno, un&amp;#93;&lt;/span&gt;", "two=&lt;span class="error"&gt;&amp;#91;dos, deux&amp;#93;&lt;/span&gt;" and "three=&lt;span class="error"&gt;&amp;#91;tres, trois&amp;#93;&lt;/span&gt;" are ordered arbitrarily.&lt;/p&gt;

&lt;p&gt;The functions with this issue are:&#160;&lt;/p&gt;
&lt;ul&gt;
	&lt;li&gt;testRemoveException()&lt;/li&gt;
	&lt;li&gt;testRemoveMappingException()&lt;/li&gt;
	&lt;li&gt;testClearException&lt;/li&gt;
&lt;/ul&gt;


&lt;p&gt;&#160;&lt;/p&gt;

&lt;p&gt;PR:&#160;&lt;a href="https://github.com/apache/commons-collections/pull/190" class="external-link" target="_blank" rel="nofollow noopener"&gt;https://github.com/apache/commons-collections/pull/190&lt;/a&gt;&lt;/p&gt;</description>
                <environment />
        <key id="13334903">COLLECTIONS-769</key>
            <summary>UnmodifiableMultiValuedMapTest is flaky</summary>
                <type id="1" iconUrl="https://issues.apache.org/jira/secure/viewavatar?size=xsmall&amp;avatarId=21133&amp;avatarType=issuetype">Bug</type>
                                            <priority id="4" iconUrl="https://issues.apache.org/jira/images/icons/priorities/minor.svg">Minor</priority>
                        <status id="5" iconUrl="https://issues.apache.org/jira/images/icons/statuses/resolved.png" description="A resolution has been taken, and it is awaiting verification by reporter. From here issues are either reopened, or are closed.">Resolved</status>
                    <statusCategory id="3" key="done" colorName="green" />
                                    <resolution id="1">Fixed</resolution>
                                        <assignee username="kinow">Bruno P. Kinoshita</assignee>
                                    <reporter username="xint5">XinT</reporter>
                        <labels>
                            <label>pull-request-available</label>
                            <label>test</label>
                    </labels>
                <created>Sun, 11 Oct 2020 23:58:43 +0000</created>
                <updated>Mon, 12 Oct 2020 03:09:10 +0000</updated>
                            <resolved>Mon, 12 Oct 2020 02:26:05 +0000</resolved>
                                    <version>4.4</version>
                                    <fixVersion>4.5</fixVersion>
                                    <component>Map</component>
                        <due />
                            <votes>0</votes>
                                    <watches>1</watches>
                                            <timeestimate seconds="0">0h</timeestimate>
                            <timespent seconds="6600">1h 50m</timespent>
                                        <attachments>
                    </attachments>
                <subtasks>
                    </subtasks>
                <customfields>
                                                                                                                                                                                                                                                                                                                                                                                                                                                                                                                                                                                                                                                                                                                    <customfield id="customfield_12314020" key="com.atlassian.jira.plugins.jira-development-integration-plugin:devsummary">
                        <customfieldname>Development</customfieldname>
                        <customfieldvalues>
                            
                        </customfieldvalues>
                    </customfield>
                                                                                                                        <customfield id="customfield_12313422" key="com.atlassian.jirafisheyeplugin:jobcheckbox">
                        <customfieldname>Enable Automatic Patch Review</customfieldname>
                        <customfieldvalues>
                            <customfieldvalue>false</customfieldvalue>

                        </customfieldvalues>
                    </customfield>
                                                                                                                                                                                                                                                                                                <customfield id="customfield_12311020" key="com.atlassian.jira.plugin.system.customfieldtypes:url">
                        <customfieldname>External issue URL</customfieldname>
                        <customfieldvalues>
                            <customfieldvalue>https://github.com/apache/commons-collections/pull/190</customfieldvalue>

                        </customfieldvalues>
                    </customfield>
                                                                                                                                                                                                                                                                                                                                                                                    <customfield id="customfield_12310420" key="com.pyxis.greenhopper.jira:gh-global-rank">
                        <customfieldname>Global Rank</customfieldname>
                        <customfieldvalues>
                            <customfieldvalue>9223372036854775807</customfieldvalue>
                        </customfieldvalues>
                    </customfield>
                                                                                                                                                                                                                                                                                                                                                                                                                                                                        <customfield id="customfield_12311820" key="com.pyxis.greenhopper.jira:gh-lexo-rank">
                        <customfieldname>Rank</customfieldname>
                        <customfieldvalues>
                            <customfieldvalue>0|z0jm00:</customfieldvalue>

                        </customfieldvalues>
                    </customfield>
                                                                <customfield id="customfield_12310920" key="com.pyxis.greenhopper.jira:gh-global-rank">
                        <customfieldname>Rank (Obsolete)</customfieldname>
                        <customfieldvalues>
                            <customfieldvalue>9223372036854775807</customfieldvalue>
                        </customfieldvalues>
                    </customfield>
                                                                                                                                                                                                                                                                                                                                                                                                                                                                                                                                                                                                                                                                                                                                                                                            </customfields>
    </item>


</channel>
</rss>