<rss version="0.92">
    <channel>
        <title>ASF JIRA</title>
        <link>https://issues.apache.org/jira/issues/?jql=project+%3D+COLLECTIONS+and+type+%3D+bug+and+%28status+%3D+RESOLVED+or+status+%3D+closed%29+and+resolution+%3D+Fixed+and+fixVersion+%21%3D+None++and+affectedVersion+%21%3D+None++and+affectedVersion+%21%3D+%22Nightly+Build%22</link>
        <description>An XML representation of a search request</description>
                <language>en-uk</language>
                        <issue start="0" end="105" total="105" />
                <build-info>
            <version>8.20.1</version>
            <build-number>820001</build-number>
            <build-date>28-10-2021</build-date>
        </build-info>

<item>
            <title>[COLLECTIONS-553] TransformedMultiValuedMap.equals() fails when comparing the value with itself</title>
                <link>https://issues.apache.org/jira/browse/COLLECTIONS-553</link>
                <project id="12310465" key="COLLECTIONS">Commons Collections</project>
                    <description>&lt;p&gt;TransformedMultiValuedMap.equals() does not return true when comparing a value of a Collection key with itself. Is it allowed to put Collection as a key in TransformedMultiValuedMap at all? If not, I think it should be specified in the document. Or, equals() should be fixed accordingly. &lt;/p&gt;

&lt;p&gt;Reproduce step&lt;/p&gt;
&lt;div class="code panel" style="border-style: solid;border-width: 1px;"&gt;&lt;div class="codeHeader panelHeader" style="border-bottom-width: 1px;border-bottom-style: solid;"&gt;&lt;b&gt;Test.java&lt;/b&gt;&lt;/div&gt;&lt;div class="codeContent panelContent"&gt;
&lt;pre class="code-java"&gt;&lt;span class="code-keyword"&gt;public&lt;/span&gt; void test()
{
  TransformedMultiValuedMap map = TransformedMultiValuedMap.transformingMap((MultiValuedMap)&lt;span class="code-keyword"&gt;new&lt;/span&gt; MultiValuedHashMap(),TransformerUtils.stringValueTransformer(),  TransformerUtils.stringValueTransformer());
  
  MultiValuedHashMap helperMap = &lt;span class="code-keyword"&gt;new&lt;/span&gt; MultiValuedHashMap();
  helperMap.put(&lt;span class="code-quote"&gt;"KEY"&lt;/span&gt;, &lt;span class="code-quote"&gt;"Value"&lt;/span&gt;);
  Collection key = helperMap.keySet();
  map.put(key, &lt;span class="code-quote"&gt;"Hi"&lt;/span&gt;);
  Collection value = map.get(key);
  assertTrue(&lt;span class="code-quote"&gt;"Contract failed: value.equals(value)"&lt;/span&gt;, value.equals(value));
}
&lt;/pre&gt;
&lt;/div&gt;&lt;/div&gt;</description>
                <environment />
        <key id="12775398">COLLECTIONS-553</key>
            <summary>TransformedMultiValuedMap.equals() fails when comparing the value with itself</summary>
                <type id="1" iconUrl="https://issues.apache.org/jira/secure/viewavatar?size=xsmall&amp;avatarId=21133&amp;avatarType=issuetype">Bug</type>
                                            <priority id="3" iconUrl="https://issues.apache.org/jira/images/icons/priorities/major.svg">Major</priority>
                        <status id="6" iconUrl="https://issues.apache.org/jira/images/icons/statuses/closed.png" description="The issue is considered finished, the resolution is correct. Issues which are not closed can be reopened.">Closed</status>
                    <statusCategory id="3" key="done" colorName="green" />
                                    <resolution id="1">Fixed</resolution>
                                        <assignee username="-1">Unassigned</assignee>
                                    <reporter username="mjkim0324">M Kim</reporter>
                        <labels>
                    </labels>
                <created>Mon, 16 Feb 2015 16:09:39 +0000</created>
                <updated>Fri, 27 Nov 2015 21:11:17 +0000</updated>
                            <resolved>Tue, 7 Apr 2015 11:41:46 +0000</resolved>
                                    <version>4.0</version>
                                    <fixVersion>4.1</fixVersion>
                                    <component>Map</component>
                        <due />
                            <votes>0</votes>
                                    <watches>1</watches>
                                                                <comments>
                            <comment id="14483055" author="tn" created="Tue, 7 Apr 2015 11:41:46 +0000">&lt;p&gt;Problem solved after fixing &lt;a href="https://issues.apache.org/jira/browse/COLLECTIONS-543" title="AbstractCollectionDecorator should not delegate equals and hashcode" class="issue-link" data-issue-key="COLLECTIONS-543"&gt;&lt;del&gt;COLLECTIONS-543&lt;/del&gt;&lt;/a&gt;.&lt;/p&gt;</comment>
                    </comments>
                <issuelinks>
                            <issuelinktype id="12310010">
                    <name>Incorporates</name>
                                                                <inwardlinks description="is part of">
                                        <issuelink>
            <issuekey id="12765478">COLLECTIONS-543</issuekey>
        </issuelink>
                            </inwardlinks>
                                    </issuelinktype>
                    </issuelinks>
                <attachments>
                    </attachments>
                <subtasks>
                    </subtasks>
                <customfields>
                                                                                                                                                                                                                                                                                                                                                                                                                                                                                                                                                                                                                                                                                                                    <customfield id="customfield_12314020" key="com.atlassian.jira.plugins.jira-development-integration-plugin:devsummary">
                        <customfieldname>Development</customfieldname>
                        <customfieldvalues>
                            
                        </customfieldvalues>
                    </customfield>
                                                                                                                        <customfield id="customfield_12313422" key="com.atlassian.jirafisheyeplugin:jobcheckbox">
                        <customfieldname>Enable Automatic Patch Review</customfieldname>
                        <customfieldvalues>
                            <customfieldvalue>false</customfieldvalue>

                        </customfieldvalues>
                    </customfield>
                                                                                                                                                                                                                                                                                                                                                                                                                                                                                                                                                                                                                                                <customfield id="customfield_12310420" key="com.pyxis.greenhopper.jira:gh-global-rank">
                        <customfieldname>Global Rank</customfieldname>
                        <customfieldvalues>
                            <customfieldvalue>9223372036854775807</customfieldvalue>
                        </customfieldvalues>
                    </customfield>
                                                                                                                                                                                                                                                                                                                                                                                                                                                                        <customfield id="customfield_12311820" key="com.pyxis.greenhopper.jira:gh-lexo-rank">
                        <customfieldname>Rank</customfieldname>
                        <customfieldvalues>
                            <customfieldvalue>0|i25onj:</customfieldvalue>

                        </customfieldvalues>
                    </customfield>
                                                                <customfield id="customfield_12310920" key="com.pyxis.greenhopper.jira:gh-global-rank">
                        <customfieldname>Rank (Obsolete)</customfieldname>
                        <customfieldvalues>
                            <customfieldvalue>9223372036854775807</customfieldvalue>
                        </customfieldvalues>
                    </customfield>
                                                                                                                                                                                                                                                                                                                                                                                                                                                                                                                                                                                                                                                                                                                                                                                            </customfields>
    </item>


</channel>
</rss>