<rss version="0.92">
    <channel>
        <title>ASF JIRA</title>
        <link>https://issues.apache.org/jira/issues/?jql=project+%3D+COLLECTIONS+and+type+%3D+bug+and+%28status+%3D+RESOLVED+or+status+%3D+closed%29+and+resolution+%3D+Fixed+and+fixVersion+%21%3D+None++and+affectedVersion+%21%3D+None++and+affectedVersion+%21%3D+%22Nightly+Build%22</link>
        <description>An XML representation of a search request</description>
                <language>en-uk</language>
                        <issue start="0" end="105" total="105" />
                <build-info>
            <version>8.20.1</version>
            <build-number>820001</build-number>
            <build-date>28-10-2021</build-date>
        </build-info>

<item>
            <title>[COLLECTIONS-799] UnmodifiableNavigableSet can be modified by pollFirst() and pollLast()</title>
                <link>https://issues.apache.org/jira/browse/COLLECTIONS-799</link>
                <project id="12310465" key="COLLECTIONS">Commons Collections</project>
                    <description>&lt;p&gt;&lt;a href="https://docs.oracle.com/javase/7/docs/api/java/util/NavigableSet.html#pollFirst()" class="external-link" target="_blank" rel="nofollow noopener"&gt;&lt;tt&gt;pollFirst()&lt;/tt&gt;&lt;/a&gt; and &lt;a href="https://docs.oracle.com/javase/7/docs/api/java/util/NavigableSet.html#pollLast()" class="external-link" target="_blank" rel="nofollow noopener"&gt;&lt;tt&gt;pollLast()&lt;/tt&gt;&lt;/a&gt; are successfully executed and do not throw an &lt;tt&gt;UnsupportedOperationException&lt;/tt&gt; on an &lt;tt&gt;UnmodifiableNavigableSet&lt;/tt&gt; instance.&lt;/p&gt;

&lt;p&gt;In my opinion, &lt;tt&gt;org.apache.commons.collections4.set.UnmodifiableNavigableSet&lt;/tt&gt; should have an implementation similar to &lt;tt&gt;java.util.Collections.UnmodifiableNavigableSet&lt;/tt&gt;, where both methods throw an &lt;tt&gt;UnsupportedOperationException&lt;/tt&gt;: &lt;a href="https://github.com/openjdk/jdk/blob/708407eddc9d52c01de02e3986c05e1c6225fa85/src/java.base/share/classes/java/util/Collections.java#L1278-L1279" class="external-link" target="_blank" rel="nofollow noopener"&gt;https://github.com/openjdk/jdk/blob/708407eddc9d52c01de02e3986c05e1c6225fa85/src/java.base/share/classes/java/util/Collections.java#L1278-L1279&lt;/a&gt;&lt;/p&gt;

&lt;p&gt;This was detected during working on &lt;a href="https://github.com/assertj/assertj-core/pull/2328" class="external-link" target="_blank" rel="nofollow noopener"&gt;https://github.com/assertj/assertj-core/pull/2328&lt;/a&gt;.&lt;/p&gt;</description>
                <environment />
        <key id="13399856">COLLECTIONS-799</key>
            <summary>UnmodifiableNavigableSet can be modified by pollFirst() and pollLast()</summary>
                <type id="1" iconUrl="https://issues.apache.org/jira/secure/viewavatar?size=xsmall&amp;avatarId=21133&amp;avatarType=issuetype">Bug</type>
                                            <priority id="3" iconUrl="https://issues.apache.org/jira/images/icons/priorities/major.svg">Major</priority>
                        <status id="5" iconUrl="https://issues.apache.org/jira/images/icons/statuses/resolved.png" description="A resolution has been taken, and it is awaiting verification by reporter. From here issues are either reopened, or are closed.">Resolved</status>
                    <statusCategory id="3" key="done" colorName="green" />
                                    <resolution id="1">Fixed</resolution>
                                        <assignee username="kinow">Bruno P. Kinoshita</assignee>
                                    <reporter username="scordio">Stefano Cordio</reporter>
                        <labels>
                    </labels>
                <created>Tue, 7 Sep 2021 21:07:20 +0000</created>
                <updated>Sun, 16 Jan 2022 22:51:02 +0000</updated>
                            <resolved>Sat, 9 Oct 2021 01:52:36 +0000</resolved>
                                    <version>4.4</version>
                                    <fixVersion>4.5</fixVersion>
                                    <component>Collection</component>
                    <component>Set</component>
                        <due />
                            <votes>0</votes>
                                    <watches>1</watches>
                                            <timeestimate seconds="0">0h</timeestimate>
                            <timespent seconds="6600">1h 50m</timespent>
                                <comments>
                            <comment id="17411518" author="scordio" created="Tue, 7 Sep 2021 21:33:25 +0000">&lt;p&gt;&lt;a href="https://github.com/apache/commons-collections/pull/250" class="external-link" target="_blank" rel="nofollow noopener"&gt;https://github.com/apache/commons-collections/pull/250&lt;/a&gt; raised to fix it.&lt;/p&gt;</comment>
                    </comments>
                    <attachments>
                    </attachments>
                <subtasks>
                    </subtasks>
                <customfields>
                                                                                                                                                                                                                                                                                                                                                                                                                                                                                                                                                                                                                                                                                                                    <customfield id="customfield_12314020" key="com.atlassian.jira.plugins.jira-development-integration-plugin:devsummary">
                        <customfieldname>Development</customfieldname>
                        <customfieldvalues>
                            
                        </customfieldvalues>
                    </customfield>
                                                                                                                        <customfield id="customfield_12313422" key="com.atlassian.jirafisheyeplugin:jobcheckbox">
                        <customfieldname>Enable Automatic Patch Review</customfieldname>
                        <customfieldvalues>
                            <customfieldvalue>false</customfieldvalue>

                        </customfieldvalues>
                    </customfield>
                                                                                                                                                                                                                                                                                                <customfield id="customfield_12311020" key="com.atlassian.jira.plugin.system.customfieldtypes:url">
                        <customfieldname>External issue URL</customfieldname>
                        <customfieldvalues>
                            <customfieldvalue>https://github.com/apache/commons-collections/pull/250</customfieldvalue>

                        </customfieldvalues>
                    </customfield>
                                                                                                                                                                                                                                                                                                                                                                                    <customfield id="customfield_12310420" key="com.pyxis.greenhopper.jira:gh-global-rank">
                        <customfieldname>Global Rank</customfieldname>
                        <customfieldvalues>
                            <customfieldvalue>9223372036854775807</customfieldvalue>
                        </customfieldvalues>
                    </customfield>
                                                                                                                                                                                                                                                                                                                                                                                                                                                                        <customfield id="customfield_12311820" key="com.pyxis.greenhopper.jira:gh-lexo-rank">
                        <customfieldname>Rank</customfieldname>
                        <customfieldvalues>
                            <customfieldvalue>0|z0up3s:</customfieldvalue>

                        </customfieldvalues>
                    </customfield>
                                                                <customfield id="customfield_12310920" key="com.pyxis.greenhopper.jira:gh-global-rank">
                        <customfieldname>Rank (Obsolete)</customfieldname>
                        <customfieldvalues>
                            <customfieldvalue>9223372036854775807</customfieldvalue>
                        </customfieldvalues>
                    </customfield>
                                                                                                                                                                                                                                                                                                                                                                                                                                                                                                                                                                                                                                                                                                                                                                                            </customfields>
    </item>


</channel>
</rss>