<rss version="0.92">
    <channel>
        <title>ASF JIRA</title>
        <link>https://issues.apache.org/jira/issues/?jql=project+%3D+COLLECTIONS+and+type+%3D+bug+and+%28status+%3D+RESOLVED+or+status+%3D+closed%29+and+resolution+%3D+Fixed+and+fixVersion+%21%3D+None++and+affectedVersion+%21%3D+None++and+affectedVersion+%21%3D+%22Nightly+Build%22</link>
        <description>An XML representation of a search request</description>
                <language>en-uk</language>
                        <issue start="0" end="105" total="105" />
                <build-info>
            <version>8.20.1</version>
            <build-number>820001</build-number>
            <build-date>28-10-2021</build-date>
        </build-info>

<item>
            <title>[COLLECTIONS-409] ListOrderedSet.addAll() is very slow</title>
                <link>https://issues.apache.org/jira/browse/COLLECTIONS-409</link>
                <project id="12310465" key="COLLECTIONS">Commons Collections</project>
                    <description>&lt;p&gt;Hi,&lt;/p&gt;

&lt;p&gt;I am encountering a performance problem in ListOrderedSet.addAll().&lt;br/&gt;
It appears in version 3.2.1 and also in revision 1351465 (18 Jun&lt;br/&gt;
2012). I have attached a test that exposes this problem and a&lt;br/&gt;
three-line patch that fixes it. On my machine, for this test, the&lt;br/&gt;
patch provides a 79X speedup.&lt;/p&gt;

&lt;p&gt;To run the test, just do:&lt;/p&gt;

&lt;p&gt;$ java Test&lt;/p&gt;

&lt;p&gt;The output for the un-patched version is:&lt;br/&gt;
Time is 1837&lt;/p&gt;

&lt;p&gt;The output for the patched version is:&lt;br/&gt;
Time is 23&lt;/p&gt;

&lt;p&gt;As the patch shows, the problem is that &lt;br/&gt;
ListOrderedSet.addAll(int index, Collection&amp;lt;? extends E&amp;gt; coll) &lt;br/&gt;
performs:&lt;br/&gt;
"setOrder.add(index++, e)" for each element in "coll".  This is very &lt;br/&gt;
expensive, because "setOrder" is an ArrayList, and inserting an&lt;br/&gt;
element in the middle of an ArrayList shifts all the elements to the&lt;br/&gt;
right.&lt;/p&gt;

&lt;p&gt;The patched version avoids this cost by inserting all the elements at&lt;br/&gt;
once, thus performing only one insert.&lt;/p&gt;

&lt;p&gt;Is this a bug?  If so, can you please confirm that the patch is&lt;br/&gt;
correct?&lt;/p&gt;

&lt;p&gt;Thanks,&lt;/p&gt;

&lt;p&gt;Adrian&lt;/p&gt;</description>
                <environment>&lt;p&gt;java 1.6.0_24&lt;br/&gt;
Ubuntu 11.10&lt;/p&gt;</environment>
        <key id="12595135">COLLECTIONS-409</key>
            <summary>ListOrderedSet.addAll() is very slow</summary>
                <type id="1" iconUrl="https://issues.apache.org/jira/secure/viewavatar?size=xsmall&amp;avatarId=21133&amp;avatarType=issuetype">Bug</type>
                                            <priority id="3" iconUrl="https://issues.apache.org/jira/images/icons/priorities/major.svg">Major</priority>
                        <status id="6" iconUrl="https://issues.apache.org/jira/images/icons/statuses/closed.png" description="The issue is considered finished, the resolution is correct. Issues which are not closed can be reopened.">Closed</status>
                    <statusCategory id="3" key="done" colorName="green" />
                                    <resolution id="1">Fixed</resolution>
                                        <assignee username="-1">Unassigned</assignee>
                                    <reporter username="adriannistor">Adrian Nistor</reporter>
                        <labels>
                    </labels>
                <created>Tue, 19 Jun 2012 16:00:19 +0000</created>
                <updated>Sun, 9 Nov 2014 14:31:29 +0000</updated>
                            <resolved>Tue, 19 Jun 2012 19:52:30 +0000</resolved>
                                    <version>3.2.1</version>
                                    <fixVersion>4.0-alpha1</fixVersion>
                    <fixVersion>4.0</fixVersion>
                                        <due />
                            <votes>0</votes>
                                    <watches>2</watches>
                                                                <comments>
                            <comment id="13397021" author="tn" created="Tue, 19 Jun 2012 19:52:30 +0000">&lt;p&gt;Applied the patch in r1351821.&lt;/p&gt;

&lt;p&gt;Thanks for reporting!&lt;/p&gt;</comment>
                            <comment id="13397032" author="hudson" created="Tue, 19 Jun 2012 20:06:31 +0000">&lt;p&gt;Integrated in commons-collections #23 (See &lt;a href="https://builds.apache.org/job/commons-collections/23/" class="external-link" target="_blank" rel="nofollow noopener"&gt;https://builds.apache.org/job/commons-collections/23/&lt;/a&gt;)&lt;br/&gt;
    &lt;a href="https://issues.apache.org/jira/browse/COLLECTIONS-409" title="ListOrderedSet.addAll() is very slow" class="issue-link" data-issue-key="COLLECTIONS-409"&gt;&lt;del&gt;COLLECTIONS-409&lt;/del&gt;&lt;/a&gt; Improve performance of ListOrderedSet#addAll, add missing javadoc. Thanks to Adrian Nistor for reporting and providing a patch. (Revision 1351821)&lt;/p&gt;

&lt;p&gt;     Result = SUCCESS&lt;br/&gt;
tn : &lt;a href="http://svn.apache.org/viewvc/?view=rev&amp;amp;rev=1351821" class="external-link" target="_blank" rel="nofollow noopener"&gt;http://svn.apache.org/viewvc/?view=rev&amp;amp;rev=1351821&lt;/a&gt;&lt;br/&gt;
Files : &lt;/p&gt;
&lt;ul&gt;
	&lt;li&gt;/commons/proper/collections/trunk/src/main/java/org/apache/commons/collections/set/ListOrderedSet.java&lt;/li&gt;
&lt;/ul&gt;
</comment>
                    </comments>
                <issuelinks>
                            <issuelinktype id="10030">
                    <name>Reference</name>
                                                                <inwardlinks description="is related to">
                                        <issuelink>
            <issuekey id="12558984">COLLECTIONS-407</issuekey>
        </issuelink>
                            </inwardlinks>
                                    </issuelinktype>
                    </issuelinks>
                <attachments>
                            <attachment id="12532570" name="Test.java" size="704" author="adriannistor" created="Tue, 19 Jun 2012 16:00:55 +0000" />
                            <attachment id="12532569" name="patch.diff" size="816" author="adriannistor" created="Tue, 19 Jun 2012 16:00:55 +0000" />
                    </attachments>
                <subtasks>
                    </subtasks>
                <customfields>
                                                                                                                                                                                                                                                                                                                                                                                                                                                                                                                                                                                                                                                                                                                    <customfield id="customfield_12314020" key="com.atlassian.jira.plugins.jira-development-integration-plugin:devsummary">
                        <customfieldname>Development</customfieldname>
                        <customfieldvalues>
                            
                        </customfieldvalues>
                    </customfield>
                                                                                                                        <customfield id="customfield_12313422" key="com.atlassian.jirafisheyeplugin:jobcheckbox">
                        <customfieldname>Enable Automatic Patch Review</customfieldname>
                        <customfieldvalues>
                            <customfieldvalue>false</customfieldvalue>

                        </customfieldvalues>
                    </customfield>
                                                                                                                                                                                                                                                                                                                                                                                                                                                                                                                                                                                                                                                <customfield id="customfield_12310420" key="com.pyxis.greenhopper.jira:gh-global-rank">
                        <customfieldname>Global Rank</customfieldname>
                        <customfieldvalues>
                            <customfieldvalue>292949</customfieldvalue>
                        </customfieldvalues>
                    </customfield>
                                                                                                                                                                                                                                                                                                                                                                                                                                                                        <customfield id="customfield_12311820" key="com.pyxis.greenhopper.jira:gh-lexo-rank">
                        <customfieldname>Rank</customfieldname>
                        <customfieldvalues>
                            <customfieldvalue>0|i0shqn:</customfieldvalue>

                        </customfieldvalues>
                    </customfield>
                                                                <customfield id="customfield_12310920" key="com.pyxis.greenhopper.jira:gh-global-rank">
                        <customfieldname>Rank (Obsolete)</customfieldname>
                        <customfieldvalues>
                            <customfieldvalue>164351</customfieldvalue>
                        </customfieldvalues>
                    </customfield>
                                                                                                                                                                                                                                                                                                                                                                                                                                                                                                                                                                                                                                                                                                                                                                                            </customfields>
    </item>


</channel>
</rss>