<rss version="0.92">
    <channel>
        <title>ASF JIRA</title>
        <link>https://issues.apache.org/jira/issues/?jql=project+%3D+COLLECTIONS+and+type+%3D+bug+and+%28status+%3D+RESOLVED+or+status+%3D+closed%29+and+resolution+%3D+Fixed+and+fixVersion+%21%3D+None++and+affectedVersion+%21%3D+None++and+affectedVersion+%21%3D+%22Nightly+Build%22</link>
        <description>An XML representation of a search request</description>
                <language>en-uk</language>
                        <issue start="0" end="105" total="105" />
                <build-info>
            <version>8.20.1</version>
            <build-number>820001</build-number>
            <build-date>28-10-2021</build-date>
        </build-info>

<item>
            <title>[COLLECTIONS-710] NullPointerExceptions in CompositeCollection, CompositeSet, and CompositeMap</title>
                <link>https://issues.apache.org/jira/browse/COLLECTIONS-710</link>
                <project id="12310465" key="COLLECTIONS">Commons Collections</project>
                    <description>&lt;p&gt;If we first add a null element into CompositeCollection by CompositeCollection.addComposited(nullElement), projects will crash and throw&#160;java.lang.NullPointerException when we call CompositeCollection.size().&lt;/p&gt;

&lt;p&gt;For example, we have following code:&lt;/p&gt;

&lt;p&gt;ArrayList&amp;lt;String&amp;gt; nullList = null;&lt;br/&gt;
CompositeCollection&amp;lt;String&amp;gt; cc = new CompositeCollection&amp;lt;String&amp;gt;(list);&lt;br/&gt;
cc.addComposited(nullList);&lt;br/&gt;
System.out.println(cc.size());&lt;/p&gt;

&lt;p&gt;&#160;&lt;/p&gt;

&lt;p&gt;We will get:&lt;/p&gt;

&lt;p&gt;&lt;tt&gt;Exception in thread "main" java.lang.NullPointerException&lt;/tt&gt;&lt;br/&gt;
at org.apache.commons.collections4.collection.CompositeCollection.size(CompositeCollection.java:103)&lt;/p&gt;

&lt;p&gt;&#160;&lt;/p&gt;

&lt;p&gt;Because in CompositeCollection.size(), it iterate all items in the Collection, call item.size() and sum up their size. If the item point to null, the program will crash.&lt;/p&gt;

&lt;p&gt;&#160;&lt;/p&gt;

&lt;p&gt;This bug also exists in other methods of CompositeCollection. Moreover, CompositeSet and CompositeMap have the same bug.&lt;/p&gt;</description>
                <environment>&lt;p&gt;Windows 10&lt;/p&gt;

&lt;p&gt;Eclipse IDE for Java Developers&#160; &#160; &#160;Version: 2018-09 (4.9.0)&lt;/p&gt;</environment>
        <key id="13212660">COLLECTIONS-710</key>
            <summary>NullPointerExceptions in CompositeCollection, CompositeSet, and CompositeMap</summary>
                <type id="1" iconUrl="https://issues.apache.org/jira/secure/viewavatar?size=xsmall&amp;avatarId=21133&amp;avatarType=issuetype">Bug</type>
                                            <priority id="3" iconUrl="https://issues.apache.org/jira/images/icons/priorities/major.svg">Major</priority>
                        <status id="5" iconUrl="https://issues.apache.org/jira/images/icons/statuses/resolved.png" description="A resolution has been taken, and it is awaiting verification by reporter. From here issues are either reopened, or are closed.">Resolved</status>
                    <statusCategory id="3" key="done" colorName="green" />
                                    <resolution id="1">Fixed</resolution>
                                        <assignee username="-1">Unassigned</assignee>
                                    <reporter username="sychelsea">Yu Shi</reporter>
                        <labels>
                            <label>nullpointerexception</label>
                    </labels>
                <created>Tue, 29 Jan 2019 22:00:18 +0000</created>
                <updated>Sat, 9 Feb 2019 23:01:58 +0000</updated>
                            <resolved>Sat, 9 Feb 2019 23:01:58 +0000</resolved>
                                    <version>4.2</version>
                                    <fixVersion>4.4</fixVersion>
                                    <component>Collection</component>
                    <component>Map</component>
                    <component>Set</component>
                        <due />
                            <votes>0</votes>
                                    <watches>1</watches>
                                    <timeoriginalestimate seconds="3600">1h</timeoriginalestimate>
                            <timeestimate seconds="3600">1h</timeestimate>
                                        <comments>
                            <comment id="16764259" author="garydgregory" created="Sat, 9 Feb 2019 23:01:58 +0000">&lt;p&gt;&lt;a href="https://issues.apache.org/jira/secure/ViewProfile.jspa?name=sychelsea" class="user-hover" rel="sychelsea"&gt;sychelsea&lt;/a&gt;,&lt;/p&gt;

&lt;p&gt;Thank you for your report.&lt;/p&gt;

&lt;p&gt;Fixes are in git master. Please verify and close. If there are still problems, please provide a PR on GitHub.&lt;/p&gt;

&lt;p&gt;Gary&lt;/p&gt;</comment>
                    </comments>
                    <attachments>
                    </attachments>
                <subtasks>
                    </subtasks>
                <customfields>
                                                                                                                                                                                                                                                                                                                                                                                                                                                                                                                                                                                                                                                                                                                    <customfield id="customfield_12314020" key="com.atlassian.jira.plugins.jira-development-integration-plugin:devsummary">
                        <customfieldname>Development</customfieldname>
                        <customfieldvalues>
                            
                        </customfieldvalues>
                    </customfield>
                                                                                                                        <customfield id="customfield_12313422" key="com.atlassian.jirafisheyeplugin:jobcheckbox">
                        <customfieldname>Enable Automatic Patch Review</customfieldname>
                        <customfieldvalues>
                            <customfieldvalue>false</customfieldvalue>

                        </customfieldvalues>
                    </customfield>
                                                                                                                                                                                                                                                                                                                                                                                                                                                                                                                                                                                                                                                <customfield id="customfield_12310420" key="com.pyxis.greenhopper.jira:gh-global-rank">
                        <customfieldname>Global Rank</customfieldname>
                        <customfieldvalues>
                            <customfieldvalue>9223372036854775807</customfieldvalue>
                        </customfieldvalues>
                    </customfield>
                                                                                                                                                                                                                                                                                                                                                                                                                                                                        <customfield id="customfield_12311820" key="com.pyxis.greenhopper.jira:gh-lexo-rank">
                        <customfieldname>Rank</customfieldname>
                        <customfieldvalues>
                            <customfieldvalue>0|yi0gfk:</customfieldvalue>

                        </customfieldvalues>
                    </customfield>
                                                                <customfield id="customfield_12310920" key="com.pyxis.greenhopper.jira:gh-global-rank">
                        <customfieldname>Rank (Obsolete)</customfieldname>
                        <customfieldvalues>
                            <customfieldvalue>9223372036854775807</customfieldvalue>
                        </customfieldvalues>
                    </customfield>
                                                                                                                                                                                                                                                                                                                                                                                                                                                                                                                                                                                                                                                                                                                                                                                            </customfields>
    </item>


</channel>
</rss>