<rss version="0.92">
    <channel>
        <title>ASF JIRA</title>
        <link>https://issues.apache.org/jira/issues/?jql=project+%3D+COLLECTIONS+and+type+%3D+bug+and+%28status+%3D+RESOLVED+or+status+%3D+closed%29+and+resolution+%3D+Fixed+and+fixVersion+%21%3D+None++and+affectedVersion+%21%3D+None++and+affectedVersion+%21%3D+%22Nightly+Build%22</link>
        <description>An XML representation of a search request</description>
                <language>en-uk</language>
                        <issue start="0" end="105" total="105" />
                <build-info>
            <version>8.20.1</version>
            <build-number>820001</build-number>
            <build-date>28-10-2021</build-date>
        </build-info>

<item>
            <title>[COLLECTIONS-734]  Encountered an IllegalStateException while traversing with Flat3Map.entrySet()</title>
                <link>https://issues.apache.org/jira/browse/COLLECTIONS-734</link>
                <project id="12310465" key="COLLECTIONS">Commons Collections</project>
                    <description>&lt;p&gt; Encountered an IllegalStateException while traversing with Flat3Map.entrySet()&lt;/p&gt;
&lt;div class="code panel" style="border-width: 1px;"&gt;&lt;div class="codeContent panelContent"&gt;
&lt;pre class="code-java"&gt;
&lt;span class="code-comment"&gt;//&#20195;&#30721;&#31034;&#20363;
&lt;/span&gt;    &lt;span class="code-keyword"&gt;public&lt;/span&gt; void testEntrySet() {
        &lt;span class="code-keyword"&gt;final&lt;/span&gt; Flat3Map&amp;lt;&lt;span class="code-object"&gt;Integer&lt;/span&gt;, &lt;span class="code-object"&gt;String&lt;/span&gt;&amp;gt; map = &lt;span class="code-keyword"&gt;new&lt;/span&gt; Flat3Map&amp;lt;&amp;gt;();
        map.put(1, &lt;span class="code-quote"&gt;"A"&lt;/span&gt;);
        map.put(2, &lt;span class="code-quote"&gt;"B"&lt;/span&gt;);
        map.put(3, &lt;span class="code-quote"&gt;"C"&lt;/span&gt;);
        Iterator&amp;lt;Map.Entry&amp;lt;&lt;span class="code-object"&gt;Integer&lt;/span&gt;, &lt;span class="code-object"&gt;String&lt;/span&gt;&amp;gt;&amp;gt; it = map.entrySet().iterator();        Map.Entry&amp;lt;&lt;span class="code-object"&gt;Integer&lt;/span&gt;, &lt;span class="code-object"&gt;String&lt;/span&gt;&amp;gt; mapEntry1 = it.next();
        Map.Entry&amp;lt;&lt;span class="code-object"&gt;Integer&lt;/span&gt;, &lt;span class="code-object"&gt;String&lt;/span&gt;&amp;gt; mapEntry2 = it.next();
        Map.Entry&amp;lt;&lt;span class="code-object"&gt;Integer&lt;/span&gt;, &lt;span class="code-object"&gt;String&lt;/span&gt;&amp;gt; mapEntry3 = it.next();
        it.remove();        assertEquals(2, map.size());
    }
&lt;/pre&gt;
&lt;/div&gt;&lt;/div&gt;
&lt;p&gt;Using the above code will generate an IllegalStateException.&lt;br/&gt;
The reason for this problem is that there is a problem with the EntryIterator.remove() method in the Flat3Map java class.&lt;/p&gt;


&lt;p&gt;I submitted a &lt;a href="https://github.com/apache/commons-collections/pull/115" class="external-link" target="_blank" rel="nofollow noopener"&gt;PR&lt;/a&gt;(&lt;a href="https://github.com/apache/commons-collections/pull/115" class="external-link" target="_blank" rel="nofollow noopener"&gt;https://github.com/apache/commons-collections/pull/115&lt;/a&gt;) to fix this bug.&lt;/p&gt;</description>
                <environment />
        <key id="13267420">COLLECTIONS-734</key>
            <summary> Encountered an IllegalStateException while traversing with Flat3Map.entrySet()</summary>
                <type id="1" iconUrl="https://issues.apache.org/jira/secure/viewavatar?size=xsmall&amp;avatarId=21133&amp;avatarType=issuetype">Bug</type>
                                            <priority id="3" iconUrl="https://issues.apache.org/jira/images/icons/priorities/major.svg">Major</priority>
                        <status id="5" iconUrl="https://issues.apache.org/jira/images/icons/statuses/resolved.png" description="A resolution has been taken, and it is awaiting verification by reporter. From here issues are either reopened, or are closed.">Resolved</status>
                    <statusCategory id="3" key="done" colorName="green" />
                                    <resolution id="1">Fixed</resolution>
                                        <assignee username="-1">Unassigned</assignee>
                                    <reporter username="Guoping1">Chen</reporter>
                        <labels>
                    </labels>
                <created>Mon, 11 Nov 2019 08:07:29 +0000</created>
                <updated>Thu, 5 Dec 2019 16:13:34 +0000</updated>
                            <resolved>Thu, 5 Dec 2019 16:13:34 +0000</resolved>
                                    <version>3.0</version>
                                    <fixVersion>4.5</fixVersion>
                                    <component>Map</component>
                        <due />
                            <votes>0</votes>
                                    <watches>1</watches>
                                            <timeestimate seconds="0">0h</timeestimate>
                            <timespent seconds="1200">20m</timespent>
                                <comments>
                            <comment id="16988943" author="garydgregory" created="Thu, 5 Dec 2019 16:13:34 +0000">&lt;p&gt;A slightly different patch for the test is now in git master. Please verify and close.&lt;/p&gt;

&lt;p&gt;&#160;&lt;/p&gt;</comment>
                    </comments>
                    <attachments>
                    </attachments>
                <subtasks>
                    </subtasks>
                <customfields>
                                                                                                                                                                                                                                                                                                                                                                                                                                                                                                                                                                                                                                                                                                                    <customfield id="customfield_12314020" key="com.atlassian.jira.plugins.jira-development-integration-plugin:devsummary">
                        <customfieldname>Development</customfieldname>
                        <customfieldvalues>
                            
                        </customfieldvalues>
                    </customfield>
                                                                                                                        <customfield id="customfield_12313422" key="com.atlassian.jirafisheyeplugin:jobcheckbox">
                        <customfieldname>Enable Automatic Patch Review</customfieldname>
                        <customfieldvalues>
                            <customfieldvalue>false</customfieldvalue>

                        </customfieldvalues>
                    </customfield>
                                                                                                                                                                                                                                                                                                                                                                                                                                                                                                                                                                                                                                                <customfield id="customfield_12310420" key="com.pyxis.greenhopper.jira:gh-global-rank">
                        <customfieldname>Global Rank</customfieldname>
                        <customfieldvalues>
                            <customfieldvalue>9223372036854775807</customfieldvalue>
                        </customfieldvalues>
                    </customfield>
                                                                                                                                                                                                                                                                                                                                                                                                                                                                        <customfield id="customfield_12311820" key="com.pyxis.greenhopper.jira:gh-lexo-rank">
                        <customfieldname>Rank</customfieldname>
                        <customfieldvalues>
                            <customfieldvalue>0|z08gjk:</customfieldvalue>

                        </customfieldvalues>
                    </customfield>
                                                                <customfield id="customfield_12310920" key="com.pyxis.greenhopper.jira:gh-global-rank">
                        <customfieldname>Rank (Obsolete)</customfieldname>
                        <customfieldvalues>
                            <customfieldvalue>9223372036854775807</customfieldvalue>
                        </customfieldvalues>
                    </customfield>
                                                                                                                                                                                                                                                                                                                                                                                                                                                                                                                                                                                                                                                                                                                                                                                            </customfields>
    </item>


</channel>
</rss>