<rss version="0.92">
    <channel>
        <title>ASF JIRA</title>
        <link>https://issues.apache.org/jira/issues/?jql=project+%3D+COLLECTIONS+and+type+%3D+bug+and+%28status+%3D+RESOLVED+or+status+%3D+closed%29+and+resolution+%3D+Fixed+and+fixVersion+%21%3D+None++and+affectedVersion+%21%3D+None++and+affectedVersion+%21%3D+%22Nightly+Build%22</link>
        <description>An XML representation of a search request</description>
                <language>en-uk</language>
                        <issue start="0" end="105" total="105" />
                <build-info>
            <version>8.20.1</version>
            <build-number>820001</build-number>
            <build-date>28-10-2021</build-date>
        </build-info>

<item>
            <title>[COLLECTIONS-1] [collections] Collections Javadoc warnings with JDK 1.4.2</title>
                <link>https://issues.apache.org/jira/browse/COLLECTIONS-1</link>
                <project id="12310465" key="COLLECTIONS">Commons Collections</project>
                    <description>&lt;p&gt;Numerous javadoc warnings when doing "ant dist" target under JDK 1.4.2.  Partial&lt;br/&gt;
patch to follow&lt;/p&gt;</description>
                <environment>&lt;p&gt;Operating System: All&lt;br/&gt;
Platform: All&lt;/p&gt;</environment>
        <key id="12341022">COLLECTIONS-1</key>
            <summary>[collections] Collections Javadoc warnings with JDK 1.4.2</summary>
                <type id="1" iconUrl="https://issues.apache.org/jira/secure/viewavatar?size=xsmall&amp;avatarId=21133&amp;avatarType=issuetype">Bug</type>
                                            <priority id="3" iconUrl="https://issues.apache.org/jira/images/icons/priorities/major.svg">Major</priority>
                        <status id="6" iconUrl="https://issues.apache.org/jira/images/icons/statuses/closed.png" description="The issue is considered finished, the resolution is correct. Issues which are not closed can be reopened.">Closed</status>
                    <statusCategory id="3" key="done" colorName="green" />
                                    <resolution id="1">Fixed</resolution>
                                        <assignee username="-1">Unassigned</assignee>
                                    <reporter username="eric@tibco.com">Eric Johnson</reporter>
                        <labels>
                    </labels>
                <created>Thu, 9 Oct 2003 00:57:37 +0000</created>
                <updated>Fri, 14 Jul 2006 05:48:22 +0000</updated>
                            <resolved>Fri, 14 Jul 2006 05:48:22 +0000</resolved>
                                    <version>Nightly Builds</version>
                                    <fixVersion>3.0</fixVersion>
                                        <due />
                            <votes>0</votes>
                                    <watches>0</watches>
                                                                <comments>
                            <comment id="12405236" author="eric@tibco.com" created="Thu, 9 Oct 2003 01:04:02 +0000">&lt;p&gt;Created an attachment (id=8495)&lt;br/&gt;
Fix JDK 1.4.2 Javadoc errors for API classes.&lt;/p&gt;</comment>
                            <comment id="12405237" author="scolebourne@joda.org" created="Fri, 10 Oct 2003 04:03:44 +0000">&lt;p&gt;Patch applied, thanks.&lt;br/&gt;
I made a few minor changes, so I hope that I didn't break anything again &lt;img class="emoticon" src="https://issues.apache.org/jira/images/icons/emoticons/wink.png" height="16" width="16" align="absmiddle" alt="" border="0"/&gt;&lt;/p&gt;</comment>
                            <comment id="12405238" author="eric@tibco.com" created="Fri, 10 Oct 2003 20:47:55 +0000">&lt;p&gt;Thanks for applying (most of) my first patch!&lt;/p&gt;

&lt;p&gt;I've got two patches to follow.  The first one notes the remaining issues with&lt;br/&gt;
the collection classes themselves, and the second will be for the test classes.&lt;/p&gt;</comment>
                            <comment id="12405239" author="eric@tibco.com" created="Fri, 10 Oct 2003 20:48:54 +0000">&lt;p&gt;Created an attachment (id=8522)&lt;br/&gt;
Additional Javadoc issues.&lt;/p&gt;</comment>
                            <comment id="12405240" author="eric@tibco.com" created="Fri, 10 Oct 2003 20:56:00 +0000">&lt;p&gt;Comments about previous patch:&lt;/p&gt;

&lt;p&gt;1) I changed CommonsLinkedList to "public", if only because it is extended by&lt;br/&gt;
NodeCachingLinkedList which is public. Via protected functions,&lt;br/&gt;
NodeCachingLinkedList references protected functions of it CommonsLinkedList. &lt;br/&gt;
For consistency, either those functions on NodeCachingLinkedList should be&lt;br/&gt;
private, or CommonsLinkedList should be public.  In my ignorance of the details&lt;br/&gt;
and history, I thought more transparency was better, and opted for the "public"&lt;br/&gt;
change.&lt;/p&gt;

&lt;p&gt;2) In several files, I added an import, where the import serves only to block&lt;br/&gt;
warnings by javadoc, and is not needed by the code itself.  The alternative&lt;br/&gt;
would be to fully qualify all the references to StandardModificationHandler in&lt;br/&gt;
the comments, but I thought this change more concise.&lt;/p&gt;

&lt;p&gt;Thanks for considering these additional changes.&lt;/p&gt;</comment>
                            <comment id="12405241" author="eric@tibco.com" created="Fri, 10 Oct 2003 21:56:18 +0000">&lt;p&gt;Created an attachment (id=8525)&lt;br/&gt;
Javadoc issues with test framework&lt;/p&gt;</comment>
                            <comment id="12405242" author="scolebourne@joda.org" created="Sat, 11 Oct 2003 04:29:55 +0000">&lt;p&gt;Patches applied.&lt;/p&gt;

&lt;p&gt;I can't make CommonsLinkedList public until it has a test case, so I have to &lt;br/&gt;
take the javadoc issues instead.&lt;/p&gt;

&lt;p&gt;I prefer the imports to not throw up 'unused import' in Eclipse, so I'm leaving &lt;br/&gt;
the StandardModificationHandler in the javadoc even though its long. With the &lt;br/&gt;
iterators I got around this by directly referencing the iterator in code.&lt;/p&gt;

&lt;p&gt;Thanks&lt;/p&gt;</comment>
                            <comment id="12405243" author="eric@tibco.com" created="Mon, 13 Oct 2003 23:00:02 +0000">&lt;p&gt;Created an attachment (id=8557)&lt;br/&gt;
Last cleanups for StandardModificationHandler - no import change&lt;/p&gt;</comment>
                            <comment id="12405244" author="eric@tibco.com" created="Mon, 13 Oct 2003 23:00:48 +0000">&lt;p&gt;Attached patch with last issues related to StandardModificationHandler.&lt;/p&gt;

&lt;p&gt;Thanks for applying previous patches.&lt;/p&gt;</comment>
                            <comment id="12405245" author="scolebourne@joda.org" created="Tue, 14 Oct 2003 04:32:37 +0000">&lt;p&gt;Patch applied, thanks.&lt;/p&gt;</comment>
                            <comment id="12405246" author="eric@tibco.com" created="Tue, 14 Oct 2003 21:03:45 +0000">&lt;p&gt;Cool.&lt;/p&gt;</comment>
                            <comment id="12405247" author="dennisl@apache.org" created="Thu, 28 Jul 2005 20:01:48 +0000">&lt;p&gt;This issue has been fixed and commit. Shouldn't it be closed in bugzilla?&lt;/p&gt;</comment>
                    </comments>
                    <attachments>
                            <attachment id="12332571" name="ASF.LICENSE.NOT.GRANTED--javadoc.patch" size="7729" author="eric@tibco.com" created="Fri, 10 Oct 2003 20:48:54 +0000" />
                            <attachment id="12332570" name="ASF.LICENSE.NOT.GRANTED--javadoc.patch" size="42995" author="eric@tibco.com" created="Thu, 9 Oct 2003 01:04:02 +0000" />
                            <attachment id="12332573" name="ASF.LICENSE.NOT.GRANTED--lastjavadocpatch.patch" size="9197" author="eric@tibco.com" created="Mon, 13 Oct 2003 23:00:02 +0000" />
                            <attachment id="12332572" name="ASF.LICENSE.NOT.GRANTED--test-javadoc.patch" size="14142" author="eric@tibco.com" created="Fri, 10 Oct 2003 21:56:18 +0000" />
                    </attachments>
                <subtasks>
                    </subtasks>
                <customfields>
                                                                                                                                                                                                                                                                                                                                                                                                                                                                                                                                                                                                    <customfield id="customfield_10010" key="com.atlassian.jira.plugin.system.customfieldtypes:importid">
                        <customfieldname>Bugzilla Id</customfieldname>
                        <customfieldvalues>
                            <customfieldvalue>23680</customfieldvalue>
                        </customfieldvalues>
                    </customfield>
                                                                                                                                                    <customfield id="customfield_12314020" key="com.atlassian.jira.plugins.jira-development-integration-plugin:devsummary">
                        <customfieldname>Development</customfieldname>
                        <customfieldvalues>
                            
                        </customfieldvalues>
                    </customfield>
                                                                                                                        <customfield id="customfield_12313422" key="com.atlassian.jirafisheyeplugin:jobcheckbox">
                        <customfieldname>Enable Automatic Patch Review</customfieldname>
                        <customfieldvalues>
                            <customfieldvalue>false</customfieldvalue>

                        </customfieldvalues>
                    </customfield>
                                                                                                                                                                                                                                                                                                                                                                                                                                                                                                                                                                                                                                                <customfield id="customfield_12310420" key="com.pyxis.greenhopper.jira:gh-global-rank">
                        <customfieldname>Global Rank</customfieldname>
                        <customfieldvalues>
                            <customfieldvalue>18997</customfieldvalue>
                        </customfieldvalues>
                    </customfield>
                                                                                                                                                                                                                                                                                                                                                                                                                                                                        <customfield id="customfield_12311820" key="com.pyxis.greenhopper.jira:gh-lexo-rank">
                        <customfieldname>Rank</customfieldname>
                        <customfieldvalues>
                            <customfieldvalue>0|i0sjxr:</customfieldvalue>

                        </customfieldvalues>
                    </customfield>
                                                                <customfield id="customfield_12310920" key="com.pyxis.greenhopper.jira:gh-global-rank">
                        <customfieldname>Rank (Obsolete)</customfieldname>
                        <customfieldvalues>
                            <customfieldvalue>164707</customfieldvalue>
                        </customfieldvalues>
                    </customfield>
                                                                                                                                                                                                                                                                                                                                                                                                                                                                                                                                                                                                                                                                                                                                                                                            </customfields>
    </item>
</channel>
</rss>