<rss version="0.92">
    <channel>
        <title>ASF JIRA</title>
        <link>https://issues.apache.org/jira/issues/?jql=project+%3D+COLLECTIONS+and+type+%3D+bug+and+%28status+%3D+RESOLVED+or+status+%3D+closed%29+and+resolution+%3D+Fixed+and+fixVersion+%21%3D+None++and+affectedVersion+%21%3D+None++and+affectedVersion+%21%3D+%22Nightly+Build%22</link>
        <description>An XML representation of a search request</description>
                <language>en-uk</language>
                        <issue start="0" end="105" total="105" />
                <build-info>
            <version>8.20.1</version>
            <build-number>820001</build-number>
            <build-date>28-10-2021</build-date>
        </build-info>

<item>
            <title>[COLLECTIONS-512] equals/hashCode mismatch</title>
                <link>https://issues.apache.org/jira/browse/COLLECTIONS-512</link>
                <project id="12310465" key="COLLECTIONS">Commons Collections</project>
                    <description>&lt;p&gt;We used Randoop on the collection classes, which found several test cases where two objects are equal but their hash code differs.&lt;/p&gt;

&lt;p&gt;I will attach a file containing two test cases that are different; the other tests seem to be longer versions showing the same issue.&lt;/p&gt;</description>
                <environment>&lt;p&gt;Mac OS 10.9, Java 6 and Java 7&lt;/p&gt;</environment>
        <key id="12707621">COLLECTIONS-512</key>
            <summary>equals/hashCode mismatch</summary>
                <type id="1" iconUrl="https://issues.apache.org/jira/secure/viewavatar?size=xsmall&amp;avatarId=21133&amp;avatarType=issuetype">Bug</type>
                                            <priority id="3" iconUrl="https://issues.apache.org/jira/images/icons/priorities/major.svg">Major</priority>
                        <status id="6" iconUrl="https://issues.apache.org/jira/images/icons/statuses/closed.png" description="The issue is considered finished, the resolution is correct. Issues which are not closed can be reopened.">Closed</status>
                    <statusCategory id="3" key="done" colorName="green" />
                                    <resolution id="1">Fixed</resolution>
                                        <assignee username="-1">Unassigned</assignee>
                                    <reporter username="Telcontar">Cyrille Artho</reporter>
                        <labels>
                    </labels>
                <created>Thu, 10 Apr 2014 01:56:30 +0000</created>
                <updated>Fri, 27 Nov 2015 21:11:14 +0000</updated>
                            <resolved>Fri, 2 Jan 2015 13:03:08 +0000</resolved>
                                    <version>4.0</version>
                                    <fixVersion>4.1</fixVersion>
                                    <component>Collection</component>
                    <component>Comparator</component>
                        <due />
                            <votes>0</votes>
                                    <watches>2</watches>
                                                                <comments>
                            <comment id="13964896" author="telcontar" created="Thu, 10 Apr 2014 01:57:34 +0000">&lt;p&gt;This file contains two unit tests (for JUnit) to reproduce the problems.&lt;/p&gt;</comment>
                            <comment id="13964975" author="telcontar" created="Thu, 10 Apr 2014 04:26:34 +0000">&lt;p&gt;We found another test case that does not seem to overlap with the existing tests. It shows the same issue but uses a different sequence with (mostly) different classes.&lt;/p&gt;</comment>
                            <comment id="13965911" author="tn" created="Thu, 10 Apr 2014 21:55:57 +0000">&lt;p&gt;Fixed the issue with the TransformingComparator in r1586477.&lt;/p&gt;</comment>
                            <comment id="13965925" author="tn" created="Thu, 10 Apr 2014 22:12:09 +0000">&lt;p&gt;The same wrong statement is also used in FixedOrderComparator, so this might be affected too.&lt;/p&gt;</comment>
                            <comment id="13991104" author="tn" created="Tue, 6 May 2014 20:42:36 +0000">&lt;p&gt;Fixed FixedOrderComparator in r1592874.&lt;/p&gt;</comment>
                            <comment id="14044595" author="brentworden" created="Thu, 26 Jun 2014 12:03:11 +0000">&lt;p&gt;&lt;a href="https://issues.apache.org/jira/secure/ViewProfile.jspa?name=tn" class="user-hover" rel="tn"&gt;tn&lt;/a&gt; Can this be marked as resolved?&lt;/p&gt;</comment>
                            <comment id="14044606" author="tn" created="Thu, 26 Jun 2014 12:26:36 +0000">&lt;p&gt;Not yet, as discussed here: &lt;a href="http://markmail.org/message/n5hmqap7z3ftv7jw" class="external-link" target="_blank" rel="nofollow noopener"&gt;http://markmail.org/message/n5hmqap7z3ftv7jw&lt;/a&gt; we should document the behavior of equals for the decorators in collections.&lt;/p&gt;</comment>
                            <comment id="14262874" author="tn" created="Fri, 2 Jan 2015 13:03:08 +0000">&lt;p&gt;Added note to AbstractCollectionDecorator#equals in r1649014.&lt;/p&gt;</comment>
                    </comments>
                <issuelinks>
                            <issuelinktype id="10030">
                    <name>Reference</name>
                                            <outwardlinks description="relates to">
                                        <issuelink>
            <issuekey id="12765478">COLLECTIONS-543</issuekey>
        </issuelink>
                            </outwardlinks>
                                                        </issuelinktype>
                    </issuelinks>
                <attachments>
                            <attachment id="12639513" name="BugReport1.java" size="1869" author="Telcontar" created="Thu, 10 Apr 2014 01:57:34 +0000" />
                            <attachment id="12639528" name="BugReport1_1.java" size="767" author="Telcontar" created="Thu, 10 Apr 2014 04:26:34 +0000" />
                    </attachments>
                <subtasks>
                    </subtasks>
                <customfields>
                                                                                                                                                                                                                                                                                                                                                                                                                                                                                                                                                                                                                                                                                                                    <customfield id="customfield_12314020" key="com.atlassian.jira.plugins.jira-development-integration-plugin:devsummary">
                        <customfieldname>Development</customfieldname>
                        <customfieldvalues>
                            
                        </customfieldvalues>
                    </customfield>
                                                                                                                        <customfield id="customfield_12313422" key="com.atlassian.jirafisheyeplugin:jobcheckbox">
                        <customfieldname>Enable Automatic Patch Review</customfieldname>
                        <customfieldvalues>
                            <customfieldvalue>false</customfieldvalue>

                        </customfieldvalues>
                    </customfield>
                                                                                                                                                                                                                                                                                                                                                                                                                                                                                                                                                                                                                                                <customfield id="customfield_12310420" key="com.pyxis.greenhopper.jira:gh-global-rank">
                        <customfieldname>Global Rank</customfieldname>
                        <customfieldvalues>
                            <customfieldvalue>385944</customfieldvalue>
                        </customfieldvalues>
                    </customfield>
                                                                                                                                                                                                                                                                                                                                                                                                                                                                        <customfield id="customfield_12311820" key="com.pyxis.greenhopper.jira:gh-lexo-rank">
                        <customfieldname>Rank</customfieldname>
                        <customfieldvalues>
                            <customfieldvalue>0|i1uhjj:</customfieldvalue>

                        </customfieldvalues>
                    </customfield>
                                                                <customfield id="customfield_12310920" key="com.pyxis.greenhopper.jira:gh-global-rank">
                        <customfieldname>Rank (Obsolete)</customfieldname>
                        <customfieldvalues>
                            <customfieldvalue>386208</customfieldvalue>
                        </customfieldvalues>
                    </customfield>
                                                                                                                                                                                                                                                                                                                                                                                                                                                                                                                                                                                                                                                                                                                                                                                            </customfields>
    </item>


</channel>
</rss>