<rss version="0.92">
    <channel>
        <title>ASF JIRA</title>
        <link>https://issues.apache.org/jira/issues/?jql=project+%3D+COLLECTIONS+and+type+%3D+bug+and+%28status+%3D+RESOLVED+or+status+%3D+closed%29+and+resolution+%3D+Fixed+and+fixVersion+%21%3D+None++and+affectedVersion+%21%3D+None++and+affectedVersion+%21%3D+%22Nightly+Build%22</link>
        <description>An XML representation of a search request</description>
                <language>en-uk</language>
                        <issue start="0" end="105" total="105" />
                <build-info>
            <version>8.20.1</version>
            <build-number>820001</build-number>
            <build-date>28-10-2021</build-date>
        </build-info>

<item>
            <title>[COLLECTIONS-414] Collections does not compile with openjdk 1.6.0_24</title>
                <link>https://issues.apache.org/jira/browse/COLLECTIONS-414</link>
                <project id="12310465" key="COLLECTIONS">Commons Collections</project>
                    <description>&lt;p&gt;There are several classes for which generic type inference does not work when using the openjdk 1.6.0_24 compiler:&lt;/p&gt;

&lt;div class="preformatted panel" style="border-width: 1px;"&gt;&lt;div class="preformattedContent panelContent"&gt;
&lt;pre&gt;[ERROR] /home/tn/workspace/apache/commons-collections/src/main/java/org/apache/commons/collections/functors/OnePredicate.java:[66,38] invalid inferred types for T; actual arguments do not conforms to inferred formal arguments
[ERROR] required: org.apache.commons.collections.Predicate&amp;lt;? super java.lang.Object&amp;gt;[]
[ERROR] found: org.apache.commons.collections.Predicate&amp;lt;? super T&amp;gt;[]
&lt;/pre&gt;
&lt;/div&gt;&lt;/div&gt;

&lt;p&gt;This is mainly due to re-using a method argument that is restricted by Predicate&amp;lt;? super T&amp;gt; to assign methods results of type Predicate&amp;lt;T&amp;gt;.&lt;/p&gt;

&lt;p&gt;The eclipse compiler does not report an error in these cases.&lt;/p&gt;</description>
                <environment />
        <key id="12595681">COLLECTIONS-414</key>
            <summary>Collections does not compile with openjdk 1.6.0_24</summary>
                <type id="1" iconUrl="https://issues.apache.org/jira/secure/viewavatar?size=xsmall&amp;avatarId=21133&amp;avatarType=issuetype">Bug</type>
                                            <priority id="3" iconUrl="https://issues.apache.org/jira/images/icons/priorities/major.svg">Major</priority>
                        <status id="6" iconUrl="https://issues.apache.org/jira/images/icons/statuses/closed.png" description="The issue is considered finished, the resolution is correct. Issues which are not closed can be reopened.">Closed</status>
                    <statusCategory id="3" key="done" colorName="green" />
                                    <resolution id="1">Fixed</resolution>
                                        <assignee username="-1">Unassigned</assignee>
                                    <reporter username="tn">Thomas Neidhart</reporter>
                        <labels>
                    </labels>
                <created>Sat, 23 Jun 2012 12:31:59 +0000</created>
                <updated>Sun, 9 Nov 2014 14:31:53 +0000</updated>
                            <resolved>Sun, 15 Jul 2012 11:19:15 +0000</resolved>
                                    <version>Nightly Builds</version>
                                    <fixVersion>4.0-alpha1</fixVersion>
                    <fixVersion>4.0</fixVersion>
                                        <due />
                            <votes>0</votes>
                                    <watches>1</watches>
                                                                <comments>
                            <comment id="13399945" author="hudson" created="Sat, 23 Jun 2012 13:06:28 +0000">&lt;p&gt;Integrated in commons-collections #31 (See &lt;a href="https://builds.apache.org/job/commons-collections/31/" class="external-link" target="_blank" rel="nofollow noopener"&gt;https://builds.apache.org/job/commons-collections/31/&lt;/a&gt;)&lt;br/&gt;
    &lt;a href="https://issues.apache.org/jira/browse/COLLECTIONS-414" title="Collections does not compile with openjdk 1.6.0_24" class="issue-link" data-issue-key="COLLECTIONS-414"&gt;&lt;del&gt;COLLECTIONS-414&lt;/del&gt;&lt;/a&gt; Fix type inference problems. (Revision 1353123)&lt;/p&gt;

&lt;p&gt;     Result = SUCCESS&lt;br/&gt;
tn : &lt;a href="http://svn.apache.org/viewvc/?view=rev&amp;amp;rev=1353123" class="external-link" target="_blank" rel="nofollow noopener"&gt;http://svn.apache.org/viewvc/?view=rev&amp;amp;rev=1353123&lt;/a&gt;&lt;br/&gt;
Files : &lt;/p&gt;
&lt;ul&gt;
	&lt;li&gt;/commons/proper/collections/trunk/src/main/java/org/apache/commons/collections/functors/ChainedClosure.java&lt;/li&gt;
	&lt;li&gt;/commons/proper/collections/trunk/src/main/java/org/apache/commons/collections/functors/ChainedTransformer.java&lt;/li&gt;
	&lt;li&gt;/commons/proper/collections/trunk/src/main/java/org/apache/commons/collections/functors/NonePredicate.java&lt;/li&gt;
	&lt;li&gt;/commons/proper/collections/trunk/src/main/java/org/apache/commons/collections/functors/OnePredicate.java&lt;/li&gt;
	&lt;li&gt;/commons/proper/collections/trunk/src/main/java/org/apache/commons/collections/functors/SwitchClosure.java&lt;/li&gt;
	&lt;li&gt;/commons/proper/collections/trunk/src/main/java/org/apache/commons/collections/functors/SwitchTransformer.java&lt;/li&gt;
&lt;/ul&gt;
</comment>
                            <comment id="13399956" author="tn" created="Sat, 23 Jun 2012 13:32:28 +0000">&lt;p&gt;This is related to the following bugs:&lt;/p&gt;

&lt;p&gt;&lt;a href="http://bugs.sun.com/bugdatabase/view_bug.do?bug_id=6302954" class="external-link" target="_blank" rel="nofollow noopener"&gt;http://bugs.sun.com/bugdatabase/view_bug.do?bug_id=6302954&lt;/a&gt;&lt;br/&gt;
&lt;a href="https://bugs.eclipse.org/bugs/show_bug.cgi?id=98379" class="external-link" target="_blank" rel="nofollow noopener"&gt;https://bugs.eclipse.org/bugs/show_bug.cgi?id=98379&lt;/a&gt;&lt;/p&gt;</comment>
                            <comment id="13399965" author="hudson" created="Sat, 23 Jun 2012 14:35:41 +0000">&lt;p&gt;Integrated in commons-collections #32 (See &lt;a href="https://builds.apache.org/job/commons-collections/32/" class="external-link" target="_blank" rel="nofollow noopener"&gt;https://builds.apache.org/job/commons-collections/32/&lt;/a&gt;)&lt;br/&gt;
    &lt;a href="https://issues.apache.org/jira/browse/COLLECTIONS-414" title="Collections does not compile with openjdk 1.6.0_24" class="issue-link" data-issue-key="COLLECTIONS-414"&gt;&lt;del&gt;COLLECTIONS-414&lt;/del&gt;&lt;/a&gt; work-around for test-case when providing null argument to static method that infers return type based on input argument. (Revision 1353130)&lt;/p&gt;

&lt;p&gt;     Result = SUCCESS&lt;br/&gt;
tn : &lt;a href="http://svn.apache.org/viewvc/?view=rev&amp;amp;rev=1353130" class="external-link" target="_blank" rel="nofollow noopener"&gt;http://svn.apache.org/viewvc/?view=rev&amp;amp;rev=1353130&lt;/a&gt;&lt;br/&gt;
Files : &lt;/p&gt;
&lt;ul&gt;
	&lt;li&gt;/commons/proper/collections/trunk/src/test/java/org/apache/commons/collections/TestCollectionUtils.java&lt;/li&gt;
&lt;/ul&gt;
</comment>
                    </comments>
                    <attachments>
                    </attachments>
                <subtasks>
                    </subtasks>
                <customfields>
                                                                                                                                                                                                                                                                                                                                                                                                                                                                                                                                                                                                                                                                                                                    <customfield id="customfield_12314020" key="com.atlassian.jira.plugins.jira-development-integration-plugin:devsummary">
                        <customfieldname>Development</customfieldname>
                        <customfieldvalues>
                            
                        </customfieldvalues>
                    </customfield>
                                                                                                                        <customfield id="customfield_12313422" key="com.atlassian.jirafisheyeplugin:jobcheckbox">
                        <customfieldname>Enable Automatic Patch Review</customfieldname>
                        <customfieldvalues>
                            <customfieldvalue>false</customfieldvalue>

                        </customfieldvalues>
                    </customfield>
                                                                                                                                                                                                                                                                                                                                                                                                                                                                                                                                                                                                                                                <customfield id="customfield_12310420" key="com.pyxis.greenhopper.jira:gh-global-rank">
                        <customfieldname>Global Rank</customfieldname>
                        <customfieldvalues>
                            <customfieldvalue>292944</customfieldvalue>
                        </customfieldvalues>
                    </customfield>
                                                                                                                                                                                                                                                                                                                                                                                                                                                                        <customfield id="customfield_12311820" key="com.pyxis.greenhopper.jira:gh-lexo-rank">
                        <customfieldname>Rank</customfieldname>
                        <customfieldvalues>
                            <customfieldvalue>0|i0shpj:</customfieldvalue>

                        </customfieldvalues>
                    </customfield>
                                                                <customfield id="customfield_12310920" key="com.pyxis.greenhopper.jira:gh-global-rank">
                        <customfieldname>Rank (Obsolete)</customfieldname>
                        <customfieldvalues>
                            <customfieldvalue>164346</customfieldvalue>
                        </customfieldvalues>
                    </customfield>
                                                                                                                                                                                                                                                                                                                                                                                                                                                                                                                                                                                                                                                                                                                                                                                            </customfields>
    </item>


</channel>
</rss>