<rss version="0.92">
    <channel>
        <title>ASF JIRA</title>
        <link>https://issues.apache.org/jira/issues/?jql=project+%3D+COLLECTIONS+and+type+%3D+bug+and+%28status+%3D+RESOLVED+or+status+%3D+closed%29+and+resolution+%3D+Fixed+and+fixVersion+%21%3D+None++and+affectedVersion+%21%3D+None++and+affectedVersion+%21%3D+%22Nightly+Build%22</link>
        <description>An XML representation of a search request</description>
                <language>en-uk</language>
                        <issue start="0" end="105" total="105" />
                <build-info>
            <version>8.20.1</version>
            <build-number>820001</build-number>
            <build-date>28-10-2021</build-date>
        </build-info>

<item>
            <title>[COLLECTIONS-538] ExtendedProperties causes AccessControlException when framework is called from a script</title>
                <link>https://issues.apache.org/jira/browse/COLLECTIONS-538</link>
                <project id="12310465" key="COLLECTIONS">Commons Collections</project>
                    <description>&lt;p&gt;We're using Velocity 1.7, which depends upon Commons Collections 3.x series' ExtendedProperties class.&lt;/p&gt;

&lt;p&gt;ExtendedProperties has these constructors where it looks up the file separator using the least convenient means possible:&lt;/p&gt;

&lt;div class="code panel" style="border-width: 1px;"&gt;&lt;div class="codeContent panelContent"&gt;
&lt;pre class="code-java"&gt;    &lt;span class="code-keyword"&gt;public&lt;/span&gt; ExtendedProperties() {
        &lt;span class="code-keyword"&gt;this&lt;/span&gt;.fileSeparator = &lt;span class="code-object"&gt;System&lt;/span&gt;.getProperty(&lt;span class="code-quote"&gt;"file.separator"&lt;/span&gt;);
        &lt;span class="code-comment"&gt;// ...
&lt;/span&gt;    }
&lt;/pre&gt;
&lt;/div&gt;&lt;/div&gt;

&lt;p&gt;For us, this is all being called from untrusted code, so this fails with AccessControlException.&lt;/p&gt;

&lt;p&gt;I think that instead of using the system property here, it is customary to use the File.separator constant.&lt;/p&gt;

&lt;p&gt;If you absolutely &lt;em&gt;must&lt;/em&gt; use System.getProperty() to fetch this value, it should at least be done from a doPrivileged() block.&lt;/p&gt;

&lt;p&gt;Also I had a quick check of Commons Collections 4 to see if this issue had been fixed, but couldn't immediately see what happened to this class. If it did turn out to have been fixed in v4, maybe Velocity could be encouraged to update to v4, but I haven't seen any updates from them in 4 years, so it's probably not a good sign.&lt;/p&gt;
</description>
                <environment>&lt;p&gt;Java security manager enabled&lt;/p&gt;</environment>
        <key id="12759317">COLLECTIONS-538</key>
            <summary>ExtendedProperties causes AccessControlException when framework is called from a script</summary>
                <type id="1" iconUrl="https://issues.apache.org/jira/secure/viewavatar?size=xsmall&amp;avatarId=21133&amp;avatarType=issuetype">Bug</type>
                                            <priority id="3" iconUrl="https://issues.apache.org/jira/images/icons/priorities/major.svg">Major</priority>
                        <status id="6" iconUrl="https://issues.apache.org/jira/images/icons/statuses/closed.png" description="The issue is considered finished, the resolution is correct. Issues which are not closed can be reopened.">Closed</status>
                    <statusCategory id="3" key="done" colorName="green" />
                                    <resolution id="1">Fixed</resolution>
                                        <assignee username="-1">Unassigned</assignee>
                                    <reporter username="trejkaz">Trejkaz</reporter>
                        <labels>
                    </labels>
                <created>Wed, 3 Dec 2014 23:58:01 +0000</created>
                <updated>Fri, 27 Nov 2015 21:11:12 +0000</updated>
                            <resolved>Sun, 8 Nov 2015 15:08:07 +0000</resolved>
                                    <version>3.2.1</version>
                                    <fixVersion>3.2.2</fixVersion>
                                    <component>Collection</component>
                        <due />
                            <votes>0</votes>
                                    <watches>1</watches>
                                                                <comments>
                            <comment id="14234061" author="tn" created="Thu, 4 Dec 2014 09:33:41 +0000">&lt;p&gt;Is it possible for you to do the relevant call to velocity within a privileged block?&lt;/p&gt;

&lt;p&gt;Currently, it is very unlikely that the 3.x branch will see a new release. The respective class (ExtendedProperties) has been removed from collections 4.0 (see the release notes for alternatives).&lt;/p&gt;</comment>
                            <comment id="14246334" author="trejkaz" created="Mon, 15 Dec 2014 05:31:25 +0000">&lt;p&gt;We use templates as something the user can customise. Users can therefore pass templates around to other users, and a particularly malicious user might find a way to have the template write to arbitrary files or something.&lt;/p&gt;

&lt;p&gt;Velocity may not be lowering privileges when calling methods on template objects either. I don't know either way, but I figure it's better not to trust it unless someone shows that it's doing things safely.&lt;/p&gt;

&lt;p&gt;If we called Velocity in a privileged block, we might be opening up the final link in that attack vector, so I'm not exactly keen, no.&lt;/p&gt;
</comment>
                            <comment id="14249885" author="tn" created="Wed, 17 Dec 2014 14:22:16 +0000">&lt;p&gt;And giving the permission to read system properties to the commons-collections lib is not an option in your case?&lt;/p&gt;

&lt;p&gt;I understand it is annoying, but as I said, it is very unlikely that we will release a new 3.x lib, at least in the near future.&lt;/p&gt;</comment>
                            <comment id="14250738" author="trejkaz" created="Wed, 17 Dec 2014 22:53:10 +0000">&lt;p&gt;I think the situation is that the application has permission to read system properties anyway, but it's evaluating some JavaScript at some point.&lt;/p&gt;

&lt;p&gt;The script being down somewhere in the stack means that the entire stack is treated as unprivileged. I don't know if there is a way around that... I couldn't immediately see any APIs around ScriptEngine or ScriptContext which allowed me to set the privileges for the script. The script itself is running is from the same directory as the rest of our code, so it should presumably have had the same privileges as everything else, but for whatever reason, I guess script engines don't work like that.&lt;/p&gt;

&lt;p&gt;What I might do is fork the project into our local repo and make the change just for our copy.&lt;/p&gt;</comment>
                            <comment id="14259076" author="tn" created="Fri, 26 Dec 2014 13:30:31 +0000">&lt;p&gt;Ok, I will then mark it as to be fixed for 3.2.2 in case somebody is really willing to make a new point release for the 3.x branch.&lt;/p&gt;</comment>
                            <comment id="14995661" author="tn" created="Sun, 8 Nov 2015 15:08:07 +0000">&lt;p&gt;Fixed in commit r1713233.&lt;/p&gt;

&lt;p&gt;The system property is now accessed via a call to doPrivileged. If the call fails with a SecurityException, File#separator is used instead.&lt;/p&gt;</comment>
                    </comments>
                    <attachments>
                    </attachments>
                <subtasks>
                    </subtasks>
                <customfields>
                                                                                                                                                                                                                                                                                                                                                                                                                                                                                                                                                                                                                                                                                                                    <customfield id="customfield_12314020" key="com.atlassian.jira.plugins.jira-development-integration-plugin:devsummary">
                        <customfieldname>Development</customfieldname>
                        <customfieldvalues>
                            
                        </customfieldvalues>
                    </customfield>
                                                                                                                        <customfield id="customfield_12313422" key="com.atlassian.jirafisheyeplugin:jobcheckbox">
                        <customfieldname>Enable Automatic Patch Review</customfieldname>
                        <customfieldvalues>
                            <customfieldvalue>false</customfieldvalue>

                        </customfieldvalues>
                    </customfield>
                                                                                                                                                                                                                                                                                                                                                                                                                                                                                                                                                                                                                                                <customfield id="customfield_12310420" key="com.pyxis.greenhopper.jira:gh-global-rank">
                        <customfieldname>Global Rank</customfieldname>
                        <customfieldvalues>
                            <customfieldvalue>9223372036854775807</customfieldvalue>
                        </customfieldvalues>
                    </customfield>
                                                                                                                                                                                                                                                                                                                                                                                                                                                                        <customfield id="customfield_12311820" key="com.pyxis.greenhopper.jira:gh-lexo-rank">
                        <customfieldname>Rank</customfieldname>
                        <customfieldvalues>
                            <customfieldvalue>0|i231d3:</customfieldvalue>

                        </customfieldvalues>
                    </customfield>
                                                                <customfield id="customfield_12310920" key="com.pyxis.greenhopper.jira:gh-global-rank">
                        <customfieldname>Rank (Obsolete)</customfieldname>
                        <customfieldvalues>
                            <customfieldvalue>9223372036854775807</customfieldvalue>
                        </customfieldvalues>
                    </customfield>
                                                                                                                                                                                                                                                                                                                                                                                                                                                                                                                                                                                                                                                                                                                                                                                            </customfields>
    </item>


</channel>
</rss>