<rss version="0.92">
    <channel>
        <title>ASF JIRA</title>
        <link>https://issues.apache.org/jira/issues/?jql=project+%3D+COLLECTIONS+and+type+%3D+bug+and+%28status+%3D+RESOLVED+or+status+%3D+closed%29+and+resolution+%3D+Fixed+and+fixVersion+%21%3D+None++and+affectedVersion+%21%3D+None++and+affectedVersion+%21%3D+%22Nightly+Build%22</link>
        <description>An XML representation of a search request</description>
                <language>en-uk</language>
                        <issue start="0" end="105" total="105" />
                <build-info>
            <version>8.20.1</version>
            <build-number>820001</build-number>
            <build-date>28-10-2021</build-date>
        </build-info>

<item>
            <title>[COLLECTIONS-221] CompositeCollection, CompositeMap, CompositeSet should implement Serializable</title>
                <link>https://issues.apache.org/jira/browse/COLLECTIONS-221</link>
                <project id="12310465" key="COLLECTIONS">Commons Collections</project>
                    <description>&lt;p&gt;These classes should implement Serializable as usually all generial collection classes do. (At least I cannot think of a reason why they shouldn't and currently their usage is quite limited, like in RMI or http-sessions.)&lt;/p&gt;</description>
                <environment />
        <key id="12347852">COLLECTIONS-221</key>
            <summary>CompositeCollection, CompositeMap, CompositeSet should implement Serializable</summary>
                <type id="1" iconUrl="https://issues.apache.org/jira/secure/viewavatar?size=xsmall&amp;avatarId=21133&amp;avatarType=issuetype">Bug</type>
                                            <priority id="4" iconUrl="https://issues.apache.org/jira/images/icons/priorities/minor.svg">Minor</priority>
                        <status id="6" iconUrl="https://issues.apache.org/jira/images/icons/statuses/closed.png" description="The issue is considered finished, the resolution is correct. Issues which are not closed can be reopened.">Closed</status>
                    <statusCategory id="3" key="done" colorName="green" />
                                    <resolution id="1">Fixed</resolution>
                                        <assignee username="-1">Unassigned</assignee>
                                    <reporter username="denespal">Pal Denes</reporter>
                        <labels>
                    </labels>
                <created>Sat, 12 Aug 2006 17:10:01 +0000</created>
                <updated>Sun, 9 Nov 2014 14:31:55 +0000</updated>
                            <resolved>Thu, 28 Feb 2013 20:08:07 +0000</resolved>
                                    <version>3.2</version>
                                    <fixVersion>4.0-alpha1</fixVersion>
                    <fixVersion>4.0</fixVersion>
                                    <component>Collection</component>
                    <component>Map</component>
                    <component>Set</component>
                        <due />
                            <votes>1</votes>
                                    <watches>1</watches>
                                                                <comments>
                            <comment id="12493479" author="bayard" created="Thu, 3 May 2007 19:39:30 +0000">&lt;p&gt;+1&lt;/p&gt;</comment>
                            <comment id="12531258" author="alanmehio" created="Sat, 29 Sep 2007 17:07:33 +0000">&lt;p&gt;+1&lt;br/&gt;
Can somebody mention one reason why these classes( CompLsiteCollection, CompositeMap, CompositeSet) should not be Serializabel if the  ArrayList, HashSet, LinkedHashSet, HashMap, TreeMap and so on ... &lt;br/&gt;
are Serializable.&lt;/p&gt;


&lt;p&gt;Regards,&lt;br/&gt;
Alan Mehio&lt;br/&gt;
London, UK&lt;/p&gt;</comment>
                            <comment id="12596301" author="bayard" created="Tue, 13 May 2008 06:52:06 +0000">&lt;p&gt;Patch to make these serializable. Patch doesn't include the binary .obj files as it only supports text.&lt;/p&gt;</comment>
                            <comment id="12596302" author="bayard" created="Tue, 13 May 2008 06:53:50 +0000">&lt;p&gt;svn ci -m "Applying my patch from &lt;a href="https://issues.apache.org/jira/browse/COLLECTIONS-221" title="CompositeCollection, CompositeMap, CompositeSet should implement Serializable" class="issue-link" data-issue-key="COLLECTIONS-221"&gt;&lt;del&gt;COLLECTIONS-221&lt;/del&gt;&lt;/a&gt; - making the CompositeMap, CompositeSet and CompositeCollection serializable. The only difference from the patch is that the creation of the obj files in TestCompositeMap is commented out"&lt;/p&gt;

&lt;p&gt;Adding  (bin)  data/test/CompositeCollection.emptyCollection.version3.3.obj&lt;br/&gt;
Adding  (bin)  data/test/CompositeCollection.fullCollection.version3.3.obj&lt;br/&gt;
Adding  (bin)  data/test/CompositeMap.emptyCollection.version3.3.obj&lt;br/&gt;
Adding  (bin)  data/test/CompositeMap.fullCollection.version3.3.obj&lt;br/&gt;
Adding  (bin)  data/test/CompositeSet.emptyCollection.version3.3.obj&lt;br/&gt;
Adding  (bin)  data/test/CompositeSet.fullCollection.version3.3.obj&lt;br/&gt;
Sending        src/java/org/apache/commons/collections/collection/CompositeCollection.java&lt;br/&gt;
Sending        src/java/org/apache/commons/collections/map/CompositeMap.java&lt;br/&gt;
Sending        src/test/org/apache/commons/collections/collection/TestCompositeCollection.java&lt;br/&gt;
Adding         src/test/org/apache/commons/collections/map/EmptyMapMutator.java&lt;br/&gt;
Sending        src/test/org/apache/commons/collections/map/TestCompositeMap.java&lt;br/&gt;
Adding         src/test/org/apache/commons/collections/set/EmptySetMutator.java&lt;br/&gt;
Sending        src/test/org/apache/commons/collections/set/TestCompositeSet.java&lt;br/&gt;
Transmitting file data .............&lt;br/&gt;
Committed revision 655751.&lt;/p&gt;</comment>
                    </comments>
                    <attachments>
                            <attachment id="12381931" name="COLLECTIONS-221.patch" size="13850" author="bayard" created="Tue, 13 May 2008 06:52:06 +0000" />
                    </attachments>
                <subtasks>
                    </subtasks>
                <customfields>
                                                                                                                                                                                                                                                                                                                                                                                                                                                                                                                                                                                                                                                                                                                    <customfield id="customfield_12314020" key="com.atlassian.jira.plugins.jira-development-integration-plugin:devsummary">
                        <customfieldname>Development</customfieldname>
                        <customfieldvalues>
                            
                        </customfieldvalues>
                    </customfield>
                                                                                                                        <customfield id="customfield_12313422" key="com.atlassian.jirafisheyeplugin:jobcheckbox">
                        <customfieldname>Enable Automatic Patch Review</customfieldname>
                        <customfieldvalues>
                            <customfieldvalue>false</customfieldvalue>

                        </customfieldvalues>
                    </customfield>
                                                                                                                                                                                                                                                                                                                                                                                                                                                                                                                                                                                                                                                <customfield id="customfield_12310420" key="com.pyxis.greenhopper.jira:gh-global-rank">
                        <customfieldname>Global Rank</customfieldname>
                        <customfieldvalues>
                            <customfieldvalue>18778</customfieldvalue>
                        </customfieldvalues>
                    </customfield>
                                                                                                                                                                                                                                                                                                                                                                                                                                                                        <customfield id="customfield_12311820" key="com.pyxis.greenhopper.jira:gh-lexo-rank">
                        <customfieldname>Rank</customfieldname>
                        <customfieldvalues>
                            <customfieldvalue>0|i0simf:</customfieldvalue>

                        </customfieldvalues>
                    </customfield>
                                                                <customfield id="customfield_12310920" key="com.pyxis.greenhopper.jira:gh-global-rank">
                        <customfieldname>Rank (Obsolete)</customfieldname>
                        <customfieldvalues>
                            <customfieldvalue>164494</customfieldvalue>
                        </customfieldvalues>
                    </customfield>
                                                                                                                                                                                                                                                                                                                                                                                                                                                                                                                                                                                                                                                                                                                                                                                            </customfields>
    </item>


</channel>
</rss>