<rss version="0.92">
    <channel>
        <title>ASF JIRA</title>
        <link>https://issues.apache.org/jira/issues/?jql=project+%3D+COLLECTIONS+and+type+%3D+bug+and+%28status+%3D+RESOLVED+or+status+%3D+closed%29+and+resolution+%3D+Fixed+and+fixVersion+%21%3D+None++and+affectedVersion+%21%3D+None++and+affectedVersion+%21%3D+%22Nightly+Build%22</link>
        <description>An XML representation of a search request</description>
                <language>en-uk</language>
                        <issue start="0" end="105" total="105" />
                <build-info>
            <version>8.20.1</version>
            <build-number>820001</build-number>
            <build-date>28-10-2021</build-date>
        </build-info>

<item>
            <title>[COLLECTIONS-558] ListOrderedSet#remove(int) should return E instead of Object</title>
                <link>https://issues.apache.org/jira/browse/COLLECTIONS-558</link>
                <project id="12310465" key="COLLECTIONS">Commons Collections</project>
                    <description>&lt;p&gt;Since &lt;tt&gt;List#remove(int)&lt;/tt&gt; returns &lt;tt&gt;E&lt;/tt&gt; the implementation in &lt;tt&gt;ListOrderedSet&lt;/tt&gt; should also return &lt;tt&gt;E&lt;/tt&gt;.&lt;/p&gt;

&lt;p&gt;Minimal example that fails to compile:&lt;/p&gt;
&lt;div class="code panel" style="border-width: 1px;"&gt;&lt;div class="codeContent panelContent"&gt;
&lt;pre class="code-java"&gt;ListOrderedSet&amp;lt;&lt;span class="code-object"&gt;String&lt;/span&gt;&amp;gt; los = &lt;span class="code-keyword"&gt;new&lt;/span&gt; ListOrderedSet&amp;lt;&lt;span class="code-object"&gt;String&lt;/span&gt;&amp;gt;();
los.add(&lt;span class="code-quote"&gt;"foo"&lt;/span&gt;);
&lt;span class="code-object"&gt;String&lt;/span&gt; s = los.remove(0);
&lt;/pre&gt;
&lt;/div&gt;&lt;/div&gt;</description>
                <environment />
        <key id="12785536">COLLECTIONS-558</key>
            <summary>ListOrderedSet#remove(int) should return E instead of Object</summary>
                <type id="1" iconUrl="https://issues.apache.org/jira/secure/viewavatar?size=xsmall&amp;avatarId=21133&amp;avatarType=issuetype">Bug</type>
                                            <priority id="3" iconUrl="https://issues.apache.org/jira/images/icons/priorities/major.svg">Major</priority>
                        <status id="6" iconUrl="https://issues.apache.org/jira/images/icons/statuses/closed.png" description="The issue is considered finished, the resolution is correct. Issues which are not closed can be reopened.">Closed</status>
                    <statusCategory id="3" key="done" colorName="green" />
                                    <resolution id="1">Fixed</resolution>
                                        <assignee username="-1">Unassigned</assignee>
                                    <reporter username="frabe">Felix Rabe</reporter>
                        <labels>
                    </labels>
                <created>Wed, 25 Mar 2015 14:46:41 +0000</created>
                <updated>Fri, 27 Nov 2015 21:11:16 +0000</updated>
                            <resolved>Wed, 25 Mar 2015 16:03:04 +0000</resolved>
                                    <version>4.0</version>
                                    <fixVersion>4.1</fixVersion>
                                    <component>Set</component>
                        <due />
                            <votes>0</votes>
                                    <watches>1</watches>
                                                                <comments>
                            <comment id="14380119" author="tn" created="Wed, 25 Mar 2015 16:03:04 +0000">&lt;p&gt;Fixed in r1669140.&lt;/p&gt;

&lt;p&gt;Thanks for the report!&lt;/p&gt;</comment>
                            <comment id="14380835" author="frabe" created="Wed, 25 Mar 2015 21:40:16 +0000">&lt;p&gt;Well, thank you for your work and thanks for the Apache Commons Collections &lt;img class="emoticon" src="https://issues.apache.org/jira/images/icons/emoticons/smile.png" height="16" width="16" align="absmiddle" alt="" border="0"/&gt;&lt;/p&gt;</comment>
                    </comments>
                    <attachments>
                    </attachments>
                <subtasks>
                    </subtasks>
                <customfields>
                                                                                                                                                                                                                                                                                                                                                                                                                                                                                                                                                                                                                                                                                                                    <customfield id="customfield_12314020" key="com.atlassian.jira.plugins.jira-development-integration-plugin:devsummary">
                        <customfieldname>Development</customfieldname>
                        <customfieldvalues>
                            
                        </customfieldvalues>
                    </customfield>
                                                                                                                        <customfield id="customfield_12313422" key="com.atlassian.jirafisheyeplugin:jobcheckbox">
                        <customfieldname>Enable Automatic Patch Review</customfieldname>
                        <customfieldvalues>
                            <customfieldvalue>false</customfieldvalue>

                        </customfieldvalues>
                    </customfield>
                                                                                                                                                                                                                                                                                                                                                                                                                                                                                                                                                                                                                                                <customfield id="customfield_12310420" key="com.pyxis.greenhopper.jira:gh-global-rank">
                        <customfieldname>Global Rank</customfieldname>
                        <customfieldvalues>
                            <customfieldvalue>9223372036854775807</customfieldvalue>
                        </customfieldvalues>
                    </customfield>
                                                                                                                                                                                                                                                                                                                                                                                                                                                                        <customfield id="customfield_12311820" key="com.pyxis.greenhopper.jira:gh-lexo-rank">
                        <customfieldname>Rank</customfieldname>
                        <customfieldvalues>
                            <customfieldvalue>0|i27c8f:</customfieldvalue>

                        </customfieldvalues>
                    </customfield>
                                                                <customfield id="customfield_12310920" key="com.pyxis.greenhopper.jira:gh-global-rank">
                        <customfieldname>Rank (Obsolete)</customfieldname>
                        <customfieldvalues>
                            <customfieldvalue>9223372036854775807</customfieldvalue>
                        </customfieldvalues>
                    </customfield>
                                                                                                                                                                                                                                                                                                                                                                                                                                                                                                                                                                                                                                                                                                                                                                                            </customfields>
    </item>


</channel>
</rss>