<rss version="0.92">
    <channel>
        <title>ASF JIRA</title>
        <link>https://issues.apache.org/jira/issues/?jql=project+%3D+COLLECTIONS+and+type+%3D+bug+and+%28status+%3D+RESOLVED+or+status+%3D+closed%29+and+resolution+%3D+Fixed+and+fixVersion+%21%3D+None++and+affectedVersion+%21%3D+None++and+affectedVersion+%21%3D+%22Nightly+Build%22</link>
        <description>An XML representation of a search request</description>
                <language>en-uk</language>
                        <issue start="0" end="105" total="105" />
                <build-info>
            <version>8.20.1</version>
            <build-number>820001</build-number>
            <build-date>28-10-2021</build-date>
        </build-info>

<item>
            <title>[COLLECTIONS-660] Uncomment test in AbstractMapTest regarding LRUMap equals</title>
                <link>https://issues.apache.org/jira/browse/COLLECTIONS-660</link>
                <project id="12310465" key="COLLECTIONS">Commons Collections</project>
                    <description>&lt;p&gt;AbstractMapTest has a &lt;a href="https://github.com/apache/commons-collections/blob/c8bdf60d1d0be609094e14054be0b9af0fb05521/src/test/java/org/apache/commons/collections4/map/AbstractMapTest.java#L1959" class="external-link" target="_blank" rel="nofollow noopener"&gt;commented out&lt;/a&gt; line, with a comment as follows:&lt;/p&gt;

&lt;blockquote&gt;&lt;p&gt;his fails for LRUMap because confirmed.equals() somehow modifies map, causing concurrent modification exceptions.&lt;/p&gt;&lt;/blockquote&gt;

&lt;p&gt;While working on another test failing on Windows, I believe I've found the why for that comment, and how to fix it. Just need to finish debugging another part, and find a good Internet connection to push the fix.&lt;/p&gt;</description>
                <environment />
        <key id="13106652">COLLECTIONS-660</key>
            <summary>Uncomment test in AbstractMapTest regarding LRUMap equals</summary>
                <type id="1" iconUrl="https://issues.apache.org/jira/secure/viewavatar?size=xsmall&amp;avatarId=21133&amp;avatarType=issuetype">Bug</type>
                                            <priority id="4" iconUrl="https://issues.apache.org/jira/images/icons/priorities/minor.svg">Minor</priority>
                        <status id="5" iconUrl="https://issues.apache.org/jira/images/icons/statuses/resolved.png" description="A resolution has been taken, and it is awaiting verification by reporter. From here issues are either reopened, or are closed.">Resolved</status>
                    <statusCategory id="3" key="done" colorName="green" />
                                    <resolution id="1">Fixed</resolution>
                                        <assignee username="kinow">Bruno P. Kinoshita</assignee>
                                    <reporter username="kinow">Bruno P. Kinoshita</reporter>
                        <labels>
                    </labels>
                <created>Tue, 3 Oct 2017 09:41:18 +0000</created>
                <updated>Wed, 4 Oct 2017 04:44:06 +0000</updated>
                            <resolved>Wed, 4 Oct 2017 04:39:14 +0000</resolved>
                                    <version>4.1</version>
                                    <fixVersion>4.2</fixVersion>
                                    <component>Map</component>
                        <due />
                            <votes>0</votes>
                                    <watches>1</watches>
                                                                <comments>
                            <comment id="16190799" author="kinow" created="Wed, 4 Oct 2017 04:40:27 +0000">&lt;p&gt;Due to the order of the arguments of the assertEquals, we were calling TreeMap#equals, which would create a normal iterator instead of calling mapIterator().&lt;/p&gt;

&lt;p&gt;This would change the modCount in the parent, resulting finally in the concurrent modification exception.&lt;/p&gt;</comment>
                            <comment id="16190806" author="kinow" created="Wed, 4 Oct 2017 04:44:06 +0000">&lt;p&gt;Fixed in 9d4f2ba886b003980f2c37a4de7a3e6c3c701820, and changes.xml entry in 1d21a49c27d9eab8d02785a783fcfba387a3e8e1&lt;/p&gt;</comment>
                    </comments>
                    <attachments>
                    </attachments>
                <subtasks>
                    </subtasks>
                <customfields>
                                                                                                                                                                                                                                                                                                                                                                                                                                                                                                                                                                                                                                                                                                                    <customfield id="customfield_12314020" key="com.atlassian.jira.plugins.jira-development-integration-plugin:devsummary">
                        <customfieldname>Development</customfieldname>
                        <customfieldvalues>
                            
                        </customfieldvalues>
                    </customfield>
                                                                                                                        <customfield id="customfield_12313422" key="com.atlassian.jirafisheyeplugin:jobcheckbox">
                        <customfieldname>Enable Automatic Patch Review</customfieldname>
                        <customfieldvalues>
                            <customfieldvalue>false</customfieldvalue>

                        </customfieldvalues>
                    </customfield>
                                                                                                                                                                                                                                                                                                                                                                                    <customfield id="customfield_12310250" key="com.atlassian.jira.plugin.system.customfieldtypes:multicheckboxes">
                        <customfieldname>Flags</customfieldname>
                        <customfieldvalues>
                                <customfieldvalue key="10430">Patch</customfieldvalue>
    
                        </customfieldvalues>
                    </customfield>
                                                                                                                                                                                                                                                                                                <customfield id="customfield_12310420" key="com.pyxis.greenhopper.jira:gh-global-rank">
                        <customfieldname>Global Rank</customfieldname>
                        <customfieldvalues>
                            <customfieldvalue>9223372036854775807</customfieldvalue>
                        </customfieldvalues>
                    </customfield>
                                                                                                                                                                                                                                                                                                                                                                                                                                                                        <customfield id="customfield_12311820" key="com.pyxis.greenhopper.jira:gh-lexo-rank">
                        <customfieldname>Rank</customfieldname>
                        <customfieldvalues>
                            <customfieldvalue>0|i3ktfz:</customfieldvalue>

                        </customfieldvalues>
                    </customfield>
                                                                <customfield id="customfield_12310920" key="com.pyxis.greenhopper.jira:gh-global-rank">
                        <customfieldname>Rank (Obsolete)</customfieldname>
                        <customfieldvalues>
                            <customfieldvalue>9223372036854775807</customfieldvalue>
                        </customfieldvalues>
                    </customfield>
                                                                                                                                                                                                                                                                                                                                                                                                                                                                                                                                                                                                                                                                                                                                                                                            </customfields>
    </item>


</channel>
</rss>