<rss version="0.92">
    <channel>
        <title>ASF JIRA</title>
        <link>https://issues.apache.org/jira/issues/?jql=project+%3D+COLLECTIONS+and+type+%3D+bug+and+%28status+%3D+RESOLVED+or+status+%3D+closed%29+and+resolution+%3D+Fixed+and+fixVersion+%21%3D+None++and+affectedVersion+%21%3D+None++and+affectedVersion+%21%3D+%22Nightly+Build%22</link>
        <description>An XML representation of a search request</description>
                <language>en-uk</language>
                        <issue start="0" end="105" total="105" />
                <build-info>
            <version>8.20.1</version>
            <build-number>820001</build-number>
            <build-date>28-10-2021</build-date>
        </build-info>

<item>
            <title>[COLLECTIONS-413] Performance problem in DualHashBidiMap</title>
                <link>https://issues.apache.org/jira/browse/COLLECTIONS-413</link>
                <project id="12310465" key="COLLECTIONS">Commons Collections</project>
                    <description>&lt;p&gt;Hi,&lt;/p&gt;

&lt;p&gt;I am encountering a performance problem in DualHashBidiMap.  It&lt;br/&gt;
appears in version 3.2.1 and also in revision 1352574 (21 June 2012).&lt;br/&gt;
I attached a test that exposes this problem and a patch that fixes it.&lt;br/&gt;
On my machine, for this test, the patch provides a 173X speedup.&lt;/p&gt;

&lt;p&gt;To run the test, just do:&lt;/p&gt;

&lt;p&gt;$ java Test&lt;/p&gt;

&lt;p&gt;The output for the un-patched version is:&lt;br/&gt;
Time is 5029&lt;/p&gt;

&lt;p&gt;The output for the patched version is:&lt;br/&gt;
Time is 29&lt;/p&gt;

&lt;p&gt;The attached test shows that, for a "DualHashBidiMap bidi" object, the&lt;br/&gt;
following operation is very slow:&lt;/p&gt;

&lt;p&gt;bidi.entrySet().removeAll(toRemove);&lt;/p&gt;

&lt;p&gt;DualHashBidiMap.entrySet() returns a&lt;br/&gt;
"DualHashBidiMap.EntrySet" object, which inherits &lt;br/&gt;
removeAll(Collection&amp;lt;?&amp;gt; coll) from "DualHashBidiMap.View".  &lt;/p&gt;

&lt;p&gt;As the patch shows, the problem is that&lt;br/&gt;
"DualHashBidiMap.View.removeAll(Collection&amp;lt;?&amp;gt; coll)" performs&lt;br/&gt;
"coll.contains(it.next())" for each element in the View.&lt;br/&gt;
"coll.contains(it.next())" can be very slow, e.g., if "coll" is a&lt;br/&gt;
list.&lt;/p&gt;

&lt;p&gt;The patch avoids this cost by using remove(Object obj) (defined in&lt;br/&gt;
"EntrySet&amp;lt;K, V&amp;gt;", "KeySet&amp;lt;K&amp;gt;", and "Values&amp;lt;V&amp;gt;"), which is fast because&lt;br/&gt;
it uses only operations on sets.&lt;/p&gt;

&lt;p&gt;Is this a bug, or am I misunderstanding something? If so, can you&lt;br/&gt;
please confirm that the patch is correct?&lt;/p&gt;

&lt;p&gt;Thanks,&lt;/p&gt;

&lt;p&gt;Adrian&lt;/p&gt;

</description>
                <environment>&lt;p&gt;java 1.6.0_24&lt;br/&gt;
Ubuntu 11.10&lt;/p&gt;</environment>
        <key id="12595468">COLLECTIONS-413</key>
            <summary>Performance problem in DualHashBidiMap</summary>
                <type id="1" iconUrl="https://issues.apache.org/jira/secure/viewavatar?size=xsmall&amp;avatarId=21133&amp;avatarType=issuetype">Bug</type>
                                            <priority id="3" iconUrl="https://issues.apache.org/jira/images/icons/priorities/major.svg">Major</priority>
                        <status id="6" iconUrl="https://issues.apache.org/jira/images/icons/statuses/closed.png" description="The issue is considered finished, the resolution is correct. Issues which are not closed can be reopened.">Closed</status>
                    <statusCategory id="3" key="done" colorName="green" />
                                    <resolution id="1">Fixed</resolution>
                                        <assignee username="-1">Unassigned</assignee>
                                    <reporter username="adriannistor">Adrian Nistor</reporter>
                        <labels>
                    </labels>
                <created>Thu, 21 Jun 2012 18:38:48 +0000</created>
                <updated>Sun, 9 Nov 2014 14:31:26 +0000</updated>
                            <resolved>Sat, 23 Jun 2012 12:06:24 +0000</resolved>
                                    <version>3.2.1</version>
                                    <fixVersion>4.0-alpha1</fixVersion>
                    <fixVersion>4.0</fixVersion>
                                        <due />
                            <votes>0</votes>
                                    <watches>2</watches>
                                                                <comments>
                            <comment id="13399926" author="tn" created="Sat, 23 Jun 2012 12:06:24 +0000">&lt;p&gt;Applied patch in r1353115.&lt;/p&gt;

&lt;p&gt;Thanks for reporting and providing a patch!&lt;/p&gt;</comment>
                            <comment id="13399932" author="hudson" created="Sat, 23 Jun 2012 12:35:26 +0000">&lt;p&gt;Integrated in commons-collections #30 (See &lt;a href="https://builds.apache.org/job/commons-collections/30/" class="external-link" target="_blank" rel="nofollow noopener"&gt;https://builds.apache.org/job/commons-collections/30/&lt;/a&gt;)&lt;br/&gt;
    &lt;a href="https://issues.apache.org/jira/browse/COLLECTIONS-413" title="Performance problem in DualHashBidiMap" class="issue-link" data-issue-key="COLLECTIONS-413"&gt;&lt;del&gt;COLLECTIONS-413&lt;/del&gt;&lt;/a&gt; Improve performance of DualBidiMap#removeAll. Thanks to Adrian Nistor for report and patch. (Revision 1353115)&lt;/p&gt;

&lt;p&gt;     Result = SUCCESS&lt;br/&gt;
tn : &lt;a href="http://svn.apache.org/viewvc/?view=rev&amp;amp;rev=1353115" class="external-link" target="_blank" rel="nofollow noopener"&gt;http://svn.apache.org/viewvc/?view=rev&amp;amp;rev=1353115&lt;/a&gt;&lt;br/&gt;
Files : &lt;/p&gt;
&lt;ul&gt;
	&lt;li&gt;/commons/proper/collections/trunk/src/main/java/org/apache/commons/collections/bidimap/AbstractDualBidiMap.java&lt;/li&gt;
&lt;/ul&gt;
</comment>
                    </comments>
                    <attachments>
                            <attachment id="12532923" name="Test.java" size="911" author="adriannistor" created="Thu, 21 Jun 2012 18:39:08 +0000" />
                            <attachment id="12533130" name="removeAll.diff" size="826" author="adriannistor" created="Fri, 22 Jun 2012 23:32:47 +0000" />
                    </attachments>
                <subtasks>
                    </subtasks>
                <customfields>
                                                                                                                                                                                                                                                                                                                                                                                                                                                                                                                                                                                                                                                                                                                    <customfield id="customfield_12314020" key="com.atlassian.jira.plugins.jira-development-integration-plugin:devsummary">
                        <customfieldname>Development</customfieldname>
                        <customfieldvalues>
                            
                        </customfieldvalues>
                    </customfield>
                                                                                                                        <customfield id="customfield_12313422" key="com.atlassian.jirafisheyeplugin:jobcheckbox">
                        <customfieldname>Enable Automatic Patch Review</customfieldname>
                        <customfieldvalues>
                            <customfieldvalue>false</customfieldvalue>

                        </customfieldvalues>
                    </customfield>
                                                                                                                                                                                                                                                                                                                                                                                                                                                                                                                                                                                                                                                <customfield id="customfield_12310420" key="com.pyxis.greenhopper.jira:gh-global-rank">
                        <customfieldname>Global Rank</customfieldname>
                        <customfieldvalues>
                            <customfieldvalue>292945</customfieldvalue>
                        </customfieldvalues>
                    </customfield>
                                                                                                                                                                                                                                                                                                                                                                                                                                                                        <customfield id="customfield_12311820" key="com.pyxis.greenhopper.jira:gh-lexo-rank">
                        <customfieldname>Rank</customfieldname>
                        <customfieldvalues>
                            <customfieldvalue>0|i0shpr:</customfieldvalue>

                        </customfieldvalues>
                    </customfield>
                                                                <customfield id="customfield_12310920" key="com.pyxis.greenhopper.jira:gh-global-rank">
                        <customfieldname>Rank (Obsolete)</customfieldname>
                        <customfieldvalues>
                            <customfieldvalue>164347</customfieldvalue>
                        </customfieldvalues>
                    </customfield>
                                                                                                                                                                                                                                                                                                                                                                                                                                                                                                                                                                                                                                                                                                                                                                                            </customfields>
    </item>


</channel>
</rss>