<rss version="0.92">
    <channel>
        <title>ASF JIRA</title>
        <link>https://issues.apache.org/jira/issues/?jql=project+%3D+COMPRESS+and+type+%3D+bug+and+%28status+%3D+RESOLVED+or+status+%3D+closed%29+and+resolution+%3D+Fixed+and+fixVersion+%21%3D+None++and+affectedVersion+%21%3D+None++and+affectedVersion+%21%3D+%22Nightly+Build%22</link>
        <description>An XML representation of a search request</description>
                <language>en-uk</language>
                        <issue start="0" end="188" total="188" />
                <build-info>
            <version>8.20.1</version>
            <build-number>820001</build-number>
            <build-date>28-10-2021</build-date>
        </build-info>

<item>
            <title>[COMPRESS-283] Zip file timestamps contain spurious millisecond values</title>
                <link>https://issues.apache.org/jira/browse/COMPRESS-283</link>
                <project id="12310904" key="COMPRESS">Commons Compress</project>
                    <description>&lt;p&gt;Running under Java 8, Commons Compress' timestamps from zip files seem to include a random millisecond value.&lt;/p&gt;

&lt;p&gt;The workaround we're applying is to round down to the nearest multiple of 1000, a workaround which could move into Commons Compress itself.&lt;/p&gt;</description>
                <environment>&lt;p&gt;Java 8u5&lt;/p&gt;</environment>
        <key id="12718771">COMPRESS-283</key>
            <summary>Zip file timestamps contain spurious millisecond values</summary>
                <type id="1" iconUrl="https://issues.apache.org/jira/secure/viewavatar?size=xsmall&amp;avatarId=21133&amp;avatarType=issuetype">Bug</type>
                                            <priority id="3" iconUrl="https://issues.apache.org/jira/images/icons/priorities/major.svg">Major</priority>
                        <status id="5" iconUrl="https://issues.apache.org/jira/images/icons/statuses/resolved.png" description="A resolution has been taken, and it is awaiting verification by reporter. From here issues are either reopened, or are closed.">Resolved</status>
                    <statusCategory id="3" key="done" colorName="green" />
                                    <resolution id="1">Fixed</resolution>
                                        <assignee username="-1">Unassigned</assignee>
                                    <reporter username="trejkaz">Trejkaz</reporter>
                        <labels>
                    </labels>
                <created>Fri, 6 Jun 2014 04:35:06 +0000</created>
                <updated>Fri, 6 Jun 2014 07:38:38 +0000</updated>
                            <resolved>Fri, 6 Jun 2014 07:38:37 +0000</resolved>
                                    <version>1.5</version>
                                    <fixVersion>1.6</fixVersion>
                                    <component>Archivers</component>
                        <due />
                            <votes>0</votes>
                                    <watches>2</watches>
                                                                <comments>
                            <comment id="14019644" author="bodewig" created="Fri, 6 Jun 2014 07:38:37 +0000">&lt;p&gt;I stumbled over this myself when I played with some Java8 pre-releases.&lt;/p&gt;

&lt;p&gt;&lt;a href="http://svn.apache.org/viewvc/commons/proper/compress/trunk/src/main/java/org/apache/commons/compress/archivers/zip/ZipUtil.java?r1=1454874&amp;amp;r2=1529645" class="external-link" target="_blank" rel="nofollow noopener"&gt;http://svn.apache.org/viewvc/commons/proper/compress/trunk/src/main/java/org/apache/commons/compress/archivers/zip/ZipUtil.java?r1=1454874&amp;amp;r2=1529645&lt;/a&gt;&lt;/p&gt;

&lt;p&gt;I never created a JIRA ticket for it and didn't even add a note to che changelog.  I'll add it to the know issues section.&lt;/p&gt;</comment>
                    </comments>
                    <attachments>
                    </attachments>
                <subtasks>
                    </subtasks>
                <customfields>
                                                                                                                                                                                                                                                                                                                                                                                                                                                                                                                                                                                                                                                                                                                    <customfield id="customfield_12314020" key="com.atlassian.jira.plugins.jira-development-integration-plugin:devsummary">
                        <customfieldname>Development</customfieldname>
                        <customfieldvalues>
                            
                        </customfieldvalues>
                    </customfield>
                                                                                                                        <customfield id="customfield_12313422" key="com.atlassian.jirafisheyeplugin:jobcheckbox">
                        <customfieldname>Enable Automatic Patch Review</customfieldname>
                        <customfieldvalues>
                            <customfieldvalue>false</customfieldvalue>

                        </customfieldvalues>
                    </customfield>
                                                                                                                                                                                                                                                                                                                                                                                                                                                                                                                                                                                                                                                <customfield id="customfield_12310420" key="com.pyxis.greenhopper.jira:gh-global-rank">
                        <customfieldname>Global Rank</customfieldname>
                        <customfieldvalues>
                            <customfieldvalue>396970</customfieldvalue>
                        </customfieldvalues>
                    </customfield>
                                                                                                                                                                                                                                                                                                                                                                                                                                                                        <customfield id="customfield_12311820" key="com.pyxis.greenhopper.jira:gh-lexo-rank">
                        <customfieldname>Rank</customfieldname>
                        <customfieldvalues>
                            <customfieldvalue>0|i1wcdb:</customfieldvalue>

                        </customfieldvalues>
                    </customfield>
                                                                <customfield id="customfield_12310920" key="com.pyxis.greenhopper.jira:gh-global-rank">
                        <customfieldname>Rank (Obsolete)</customfieldname>
                        <customfieldvalues>
                            <customfieldvalue>397088</customfieldvalue>
                        </customfieldvalues>
                    </customfield>
                                                                                                                                                                                                                                                                                                                                                                                                                                                                                                                                                                                                                                                                                                                                                                                            </customfields>
    </item>


</channel>
</rss>