<rss version="0.92">
    <channel>
        <title>ASF JIRA</title>
        <link>https://issues.apache.org/jira/issues/?jql=project+%3D+COMPRESS+and+type+%3D+bug+and+%28status+%3D+RESOLVED+or+status+%3D+closed%29+and+resolution+%3D+Fixed+and+fixVersion+%21%3D+None++and+affectedVersion+%21%3D+None++and+affectedVersion+%21%3D+%22Nightly+Build%22</link>
        <description>An XML representation of a search request</description>
                <language>en-uk</language>
                        <issue start="0" end="188" total="188" />
                <build-info>
            <version>8.20.1</version>
            <build-number>820001</build-number>
            <build-date>28-10-2021</build-date>
        </build-info>

<item>
            <title>[COMPRESS-104] The SHA1 files uploaded to the maven repository are not formatted correctly, and make it impossible to use Commons-Compress with maven or ivy</title>
                <link>https://issues.apache.org/jira/browse/COMPRESS-104</link>
                <project id="12310904" key="COMPRESS">Commons Compress</project>
                    <description>&lt;p&gt;In the maven repository at &lt;a href="http://repo1.maven.org/maven2/org/apache/commons/commons-compress/1.0/" class="external-link" target="_blank" rel="nofollow noopener"&gt;http://repo1.maven.org/maven2/org/apache/commons/commons-compress/1.0/&lt;/a&gt; (and mirrors), the SHA1 file for each uploaded file looks like this (shown is commons-compress-1.0.pom.sha1):&lt;/p&gt;

&lt;p&gt;commons-compress-1.0.pom: 3259 80A0 9DBB D0C1 08EC  E8E7 733B 462B 00E6 F2A8&lt;/p&gt;

&lt;p&gt;This file is in the wrong format for maven and ivy to parse, causing them not to be able to download and use commons-compress.&lt;/p&gt;

&lt;p&gt;The file should contain only the sha1 hash, with no spaces, as&lt;/p&gt;

&lt;p&gt;325980a09dbbd0c108ece8e7733b462b00e6f2a8&lt;/p&gt;

&lt;p&gt;Please fix the sha1 key for all files and re-upload.  &lt;/p&gt;

&lt;p&gt;(For reference, see: &lt;a href="http://maven.apache.org/guides/mini/guide-central-repository-upload.html" class="external-link" target="_blank" rel="nofollow noopener"&gt;http://maven.apache.org/guides/mini/guide-central-repository-upload.html&lt;/a&gt;)&lt;/p&gt;

&lt;p&gt;See corresponding maven upload bug report at &lt;a href="http://jira.codehaus.org/browse/MAVENUPLOAD-2756" class="external-link" target="_blank" rel="nofollow noopener"&gt;http://jira.codehaus.org/browse/MAVENUPLOAD-2756&lt;/a&gt;&lt;/p&gt;</description>
                <environment>&lt;p&gt;maven 2.0&lt;br/&gt;
ivy 2.1.0&lt;/p&gt;</environment>
        <key id="12459612">COMPRESS-104</key>
            <summary>The SHA1 files uploaded to the maven repository are not formatted correctly, and make it impossible to use Commons-Compress with maven or ivy</summary>
                <type id="1" iconUrl="https://issues.apache.org/jira/secure/viewavatar?size=xsmall&amp;avatarId=21133&amp;avatarType=issuetype">Bug</type>
                                            <priority id="3" iconUrl="https://issues.apache.org/jira/images/icons/priorities/major.svg">Major</priority>
                        <status id="5" iconUrl="https://issues.apache.org/jira/images/icons/statuses/resolved.png" description="A resolution has been taken, and it is awaiting verification by reporter. From here issues are either reopened, or are closed.">Resolved</status>
                    <statusCategory id="3" key="done" colorName="green" />
                                    <resolution id="1">Fixed</resolution>
                                        <assignee username="-1">Unassigned</assignee>
                                    <reporter username="kmsquire">Kevin Squire</reporter>
                        <labels>
                            <label>maven</label>
                    </labels>
                <created>Fri, 19 Mar 2010 07:34:56 +0000</created>
                <updated>Thu, 29 Apr 2010 08:20:46 +0000</updated>
                            <resolved>Thu, 29 Apr 2010 08:20:46 +0000</resolved>
                                    <version>1.0</version>
                                    <fixVersion>1.0</fixVersion>
                                        <due />
                            <votes>0</votes>
                                    <watches>0</watches>
                                    <timeoriginalestimate seconds="1800">0.5h</timeoriginalestimate>
                            <timeestimate seconds="1800">0.5h</timeestimate>
                                        <comments>
                            <comment id="12847259" author="kmsquire" created="Fri, 19 Mar 2010 07:47:44 +0000">&lt;p&gt;Maven dependency:&lt;/p&gt;

&lt;p&gt;&amp;lt;dependency&amp;gt;&lt;br/&gt;
    &amp;lt;groupId&amp;gt;org.apache.commons&amp;lt;/groupId&amp;gt;&lt;br/&gt;
    &amp;lt;artifactId&amp;gt;commons-compress&amp;lt;/artifactId&amp;gt;&lt;br/&gt;
    &amp;lt;version&amp;gt;1.0&amp;lt;/version&amp;gt;&lt;br/&gt;
&amp;lt;/dependency&amp;gt;&lt;/p&gt;


&lt;p&gt;Ivy dependency:&lt;/p&gt;

&lt;p&gt;  &amp;lt;dependency org="org.apache.commons" name="commons-compress" rev="1.0"/&amp;gt;&lt;/p&gt;

&lt;p&gt;(from: &lt;a href="http://mvnrepository.com/artifact/org.apache.commons/commons-compress/1.0" class="external-link" target="_blank" rel="nofollow noopener"&gt;http://mvnrepository.com/artifact/org.apache.commons/commons-compress/1.0&lt;/a&gt;)&lt;/p&gt;</comment>
                            <comment id="12862128" author="sebb@apache.org" created="Thu, 29 Apr 2010 08:20:46 +0000">&lt;p&gt;Reported on dev@maven, and the problem has been fixed.&lt;/p&gt;</comment>
                    </comments>
                    <attachments>
                    </attachments>
                <subtasks>
                    </subtasks>
                <customfields>
                                                                                                                                                                                                                                                                                                                                                                                                                                                                                                                                                                                                                                                                                                                    <customfield id="customfield_12314020" key="com.atlassian.jira.plugins.jira-development-integration-plugin:devsummary">
                        <customfieldname>Development</customfieldname>
                        <customfieldvalues>
                            
                        </customfieldvalues>
                    </customfield>
                                                                                                                        <customfield id="customfield_12313422" key="com.atlassian.jirafisheyeplugin:jobcheckbox">
                        <customfieldname>Enable Automatic Patch Review</customfieldname>
                        <customfieldvalues>
                            <customfieldvalue>false</customfieldvalue>

                        </customfieldvalues>
                    </customfield>
                                                                                                                                                                                                                                                                                                                                                                                                                                                                                                                                                                                                                                                <customfield id="customfield_12310420" key="com.pyxis.greenhopper.jira:gh-global-rank">
                        <customfieldname>Global Rank</customfieldname>
                        <customfieldvalues>
                            <customfieldvalue>110606</customfieldvalue>
                        </customfieldvalues>
                    </customfield>
                                                                                                                                                                                                                                                                                                                                                                                                                                                                        <customfield id="customfield_12311820" key="com.pyxis.greenhopper.jira:gh-lexo-rank">
                        <customfieldname>Rank</customfieldname>
                        <customfieldvalues>
                            <customfieldvalue>0|i0b4pj:</customfieldvalue>

                        </customfieldvalues>
                    </customfield>
                                                                <customfield id="customfield_12310920" key="com.pyxis.greenhopper.jira:gh-global-rank">
                        <customfieldname>Rank (Obsolete)</customfieldname>
                        <customfieldvalues>
                            <customfieldvalue>62875</customfieldvalue>
                        </customfieldvalues>
                    </customfield>
                                                                                                                                                                                                                                                                                                                                                                                                                                                                                                                                                                                                                                                                                                                                                                                            </customfields>
    </item>


</channel>
</rss>