<rss version="0.92">
    <channel>
        <title>ASF JIRA</title>
        <link>https://issues.apache.org/jira/issues/?jql=project+%3D+COMPRESS+and+type+%3D+bug+and+%28status+%3D+RESOLVED+or+status+%3D+closed%29+and+resolution+%3D+Fixed+and+fixVersion+%21%3D+None++and+affectedVersion+%21%3D+None++and+affectedVersion+%21%3D+%22Nightly+Build%22</link>
        <description>An XML representation of a search request</description>
                <language>en-uk</language>
                        <issue start="0" end="188" total="188" />
                <build-info>
            <version>8.20.1</version>
            <build-number>820001</build-number>
            <build-date>28-10-2021</build-date>
        </build-info>

<item>
            <title>[COMPRESS-486] Expander causes "Cleaning up unclosed ZipFile" to be written to stderr</title>
                <link>https://issues.apache.org/jira/browse/COMPRESS-486</link>
                <project id="12310904" key="COMPRESS">Commons Compress</project>
                    <description>&lt;p&gt;Using the Expander, I found that it will create a zip file that is not closed which results in an error message being written to std-err when garbage collection (and finalization) occurs.&#160;&lt;/p&gt;

&lt;p&gt;I believe it is &lt;a href="https://github.com/apache/commons-compress/blob/master/src/main/java/org/apache/commons/compress/archivers/examples/Expander.java#L140" class="external-link" target="_blank" rel="nofollow noopener"&gt;line&#160;140 of the Expander&lt;/a&gt; as it creates a zip file that&#160;does not appear to be&#160;closed.&lt;/p&gt;
&lt;div class="code panel" style="border-width: 1px;"&gt;&lt;div class="codeContent panelContent"&gt;
&lt;pre class="code-java"&gt;
140: expand(&lt;span class="code-keyword"&gt;new&lt;/span&gt; ZipFile(archive), targetDirectory);&lt;/pre&gt;
&lt;/div&gt;&lt;/div&gt;
&lt;p&gt;I have created a test that demonstrates the behavior. It runs Expander.expand(file, file)&#160;followed by&#160;garbage collection and finalize, and passes if stderr was not written to.&#160;&lt;/p&gt;

&lt;p&gt;Currently the test fails as "Cleaning up unclosed ZipFile for archive unknown archive" is written to stderr.&lt;/p&gt;
&lt;div class="code panel" style="border-width: 1px;"&gt;&lt;div class="codeContent panelContent"&gt;
&lt;pre class="code-java"&gt;
&lt;span class="code-keyword"&gt;import&lt;/span&gt; java.io.ByteArrayOutputStream;
&lt;span class="code-keyword"&gt;import&lt;/span&gt; java.io.File;
&lt;span class="code-keyword"&gt;import&lt;/span&gt; java.io.FileOutputStream;
&lt;span class="code-keyword"&gt;import&lt;/span&gt; java.io.IOException;
&lt;span class="code-keyword"&gt;import&lt;/span&gt; java.io.OutputStream;
&lt;span class="code-keyword"&gt;import&lt;/span&gt; java.io.PrintStream;
&lt;span class="code-keyword"&gt;import&lt;/span&gt; java.nio.charset.StandardCharsets;

&lt;span class="code-keyword"&gt;import&lt;/span&gt; org.apache.commons.compress.archivers.ArchiveException;
&lt;span class="code-keyword"&gt;import&lt;/span&gt; org.apache.commons.compress.archivers.ArchiveOutputStream;
&lt;span class="code-keyword"&gt;import&lt;/span&gt; org.apache.commons.compress.archivers.ArchiveStreamFactory;
&lt;span class="code-keyword"&gt;import&lt;/span&gt; org.apache.commons.compress.archivers.examples.Expander;
&lt;span class="code-keyword"&gt;import&lt;/span&gt; org.codehaus.plexus.util.StringUtils;
&lt;span class="code-keyword"&gt;import&lt;/span&gt; org.junit.jupiter.api.Test;
&lt;span class="code-keyword"&gt;import&lt;/span&gt; org.springframework.util.Assert;

&lt;span class="code-keyword"&gt;public&lt;/span&gt; &lt;span class="code-keyword"&gt;class &lt;/span&gt;ExpanderCloseTest {
    @Test
    &lt;span class="code-keyword"&gt;public&lt;/span&gt; void testExpanderClosesZipFile() {
        &lt;span class="code-keyword"&gt;final&lt;/span&gt; ByteArrayOutputStream errOutputStream = &lt;span class="code-keyword"&gt;new&lt;/span&gt; ByteArrayOutputStream();

        &lt;span class="code-keyword"&gt;try&lt;/span&gt; {
            &lt;span class="code-keyword"&gt;final&lt;/span&gt; File sourceArchiveFile = createSampleZip();
            &lt;span class="code-keyword"&gt;final&lt;/span&gt; File targetExpansionDirectory = File.createTempFile(&lt;span class="code-quote"&gt;"dest.zip"&lt;/span&gt;, &lt;span class="code-keyword"&gt;null&lt;/span&gt;);

            &lt;span class="code-keyword"&gt;try&lt;/span&gt; (PrintStream ps = &lt;span class="code-keyword"&gt;new&lt;/span&gt; PrintStream(errOutputStream, &lt;span class="code-keyword"&gt;true&lt;/span&gt;, &lt;span class="code-quote"&gt;"UTF-8"&lt;/span&gt;)) {
                &lt;span class="code-object"&gt;System&lt;/span&gt;.setErr(ps);

                Expander expander = &lt;span class="code-keyword"&gt;new&lt;/span&gt; Expander();
                expander.expand(sourceArchiveFile, targetExpansionDirectory);

                &lt;span class="code-object"&gt;System&lt;/span&gt;.gc();
                &lt;span class="code-object"&gt;System&lt;/span&gt;.runFinalization();
            }
        } &lt;span class="code-keyword"&gt;catch&lt;/span&gt; (Exception e) {
            &lt;span class="code-keyword"&gt;throw&lt;/span&gt; &lt;span class="code-keyword"&gt;new&lt;/span&gt; RuntimeException(e);
        }
        &lt;span class="code-object"&gt;String&lt;/span&gt; stderr = &lt;span class="code-keyword"&gt;new&lt;/span&gt; &lt;span class="code-object"&gt;String&lt;/span&gt;(errOutputStream.toByteArray(), StandardCharsets.UTF_8);
        Assert.isTrue(StringUtils.isBlank(stderr), &lt;span class="code-quote"&gt;"Nothing should have been written to stderr, but &lt;span class="code-keyword"&gt;this&lt;/span&gt; was: "&lt;/span&gt; + stderr);
    }

    &lt;span class="code-keyword"&gt;private&lt;/span&gt; File createSampleZip() &lt;span class="code-keyword"&gt;throws&lt;/span&gt; IOException, ArchiveException {
        &lt;span class="code-keyword"&gt;final&lt;/span&gt; File sourceArchiveFile = File.createTempFile(&lt;span class="code-quote"&gt;"example.zip"&lt;/span&gt;, &lt;span class="code-keyword"&gt;null&lt;/span&gt;);
        OutputStream archiveStream = &lt;span class="code-keyword"&gt;new&lt;/span&gt; FileOutputStream(sourceArchiveFile);
        ArchiveOutputStream archive = &lt;span class="code-keyword"&gt;new&lt;/span&gt; ArchiveStreamFactory().createArchiveOutputStream(ArchiveStreamFactory.ZIP, archiveStream);

        archive.finish();
        archiveStream.close();

        &lt;span class="code-keyword"&gt;return&lt;/span&gt; sourceArchiveFile;
    }
}
&lt;/pre&gt;
&lt;/div&gt;&lt;/div&gt;</description>
                <environment>&lt;p&gt;Java 1.8, Windows 10, IntelliJ 2018.2.7&lt;/p&gt;</environment>
        <key id="13232279">COMPRESS-486</key>
            <summary>Expander causes "Cleaning up unclosed ZipFile" to be written to stderr</summary>
                <type id="1" iconUrl="https://issues.apache.org/jira/secure/viewavatar?size=xsmall&amp;avatarId=21133&amp;avatarType=issuetype">Bug</type>
                                            <priority id="4" iconUrl="https://issues.apache.org/jira/images/icons/priorities/minor.svg">Minor</priority>
                        <status id="5" iconUrl="https://issues.apache.org/jira/images/icons/statuses/resolved.png" description="A resolution has been taken, and it is awaiting verification by reporter. From here issues are either reopened, or are closed.">Resolved</status>
                    <statusCategory id="3" key="done" colorName="green" />
                                    <resolution id="1">Fixed</resolution>
                                        <assignee username="-1">Unassigned</assignee>
                                    <reporter username="jpiscitelli">Jordan Piscitelli</reporter>
                        <labels>
                    </labels>
                <created>Wed, 8 May 2019 17:12:52 +0000</created>
                <updated>Fri, 9 Aug 2019 15:42:35 +0000</updated>
                            <resolved>Fri, 9 Aug 2019 15:20:41 +0000</resolved>
                                    <version>1.18</version>
                                    <fixVersion>1.19</fixVersion>
                                    <component>Examples</component>
                        <due />
                            <votes>0</votes>
                                    <watches>2</watches>
                                                                <comments>
                            <comment id="16838038" author="bodewig" created="Sun, 12 May 2019 10:28:34 +0000">&lt;p&gt;The reason here is the &lt;tt&gt;ZipFile&lt;/tt&gt; instance gets created in the &lt;tt&gt;expand&lt;/tt&gt; overload that expects a &lt;tt&gt;SeekableByteChannel&lt;/tt&gt; and we explicitly don't close the &lt;tt&gt;ZipFile&lt;/tt&gt; as this would close the channel which - in general - is not owned by &lt;tt&gt;Expander&lt;/tt&gt;.&lt;/p&gt;

&lt;p&gt;This is easily solved for the case where the channel-arg expand is called from one of the &lt;tt&gt;File&lt;/tt&gt;-arg versions but not in the general case.&lt;/p&gt;</comment>
                            <comment id="16903975" author="bodewig" created="Fri, 9 Aug 2019 15:20:41 +0000">&lt;p&gt;Fixed in master for the cases where Expander/Archiver own the stream/channel and added a callback mechanism for the remaining cases that allows the calling code to close the resources.&lt;/p&gt;</comment>
                    </comments>
                    <attachments>
                    </attachments>
                <subtasks>
                    </subtasks>
                <customfields>
                                                                                                                                                                                                                                                                                                                                                                                                                                                                                                                                                                                                                                                                                                                    <customfield id="customfield_12314020" key="com.atlassian.jira.plugins.jira-development-integration-plugin:devsummary">
                        <customfieldname>Development</customfieldname>
                        <customfieldvalues>
                            
                        </customfieldvalues>
                    </customfield>
                                                                                                                        <customfield id="customfield_12313422" key="com.atlassian.jirafisheyeplugin:jobcheckbox">
                        <customfieldname>Enable Automatic Patch Review</customfieldname>
                        <customfieldvalues>
                            <customfieldvalue>false</customfieldvalue>

                        </customfieldvalues>
                    </customfield>
                                                                                                                                                                                                                                                                                                                                                                                                                                                                                                                                                                                                                                                <customfield id="customfield_12310420" key="com.pyxis.greenhopper.jira:gh-global-rank">
                        <customfieldname>Global Rank</customfieldname>
                        <customfieldvalues>
                            <customfieldvalue>9223372036854775807</customfieldvalue>
                        </customfieldvalues>
                    </customfield>
                                                                                                                                                                                                                                                                                                                                                                                                                                                                        <customfield id="customfield_12311820" key="com.pyxis.greenhopper.jira:gh-lexo-rank">
                        <customfieldname>Rank</customfieldname>
                        <customfieldvalues>
                            <customfieldvalue>0|z02idk:</customfieldvalue>

                        </customfieldvalues>
                    </customfield>
                                                                <customfield id="customfield_12310920" key="com.pyxis.greenhopper.jira:gh-global-rank">
                        <customfieldname>Rank (Obsolete)</customfieldname>
                        <customfieldvalues>
                            <customfieldvalue>9223372036854775807</customfieldvalue>
                        </customfieldvalues>
                    </customfield>
                                                                                                                                                                                                                                                                                                                                                                                                                                                                                                                                                                                                                                                                                                                                                                                            </customfields>
    </item>


</channel>
</rss>