<rss version="0.92">
    <channel>
        <title>ASF JIRA</title>
        <link>https://issues.apache.org/jira/issues/?jql=project+%3D+COMPRESS+and+type+%3D+bug+and+%28status+%3D+RESOLVED+or+status+%3D+closed%29+and+resolution+%3D+Fixed+and+fixVersion+%21%3D+None++and+affectedVersion+%21%3D+None++and+affectedVersion+%21%3D+%22Nightly+Build%22</link>
        <description>An XML representation of a search request</description>
                <language>en-uk</language>
                        <issue start="0" end="188" total="188" />
                <build-info>
            <version>8.20.1</version>
            <build-number>820001</build-number>
            <build-date>28-10-2021</build-date>
        </build-info>

<item>
            <title>[COMPRESS-237] Long link support for TarArchiveOutputStream</title>
                <link>https://issues.apache.org/jira/browse/COMPRESS-237</link>
                <project id="12310904" key="COMPRESS">Commons Compress</project>
                    <description>&lt;p&gt;TarArchiveOutputStream doesn't handle properly long link names, they are truncated silently in most cases.&lt;/p&gt;
&lt;ul&gt;
	&lt;li&gt;In GNU mode a @LongLink entry should be created similarly to long names but with the 'K' type (&lt;tt&gt;GNU_LONGLINK&lt;/tt&gt;) instead of 'L' (&lt;tt&gt;GNU_LONGNAME&lt;/tt&gt;)&lt;/li&gt;
	&lt;li&gt;In POSIX mode a pax header with the &lt;tt&gt;linkpath&lt;/tt&gt; keyword should be added. This is already implemented for links containing a non ASCII character.&lt;/li&gt;
	&lt;li&gt;In the default ERROR mode no exception is thrown and the link is truncated.&lt;/li&gt;
&lt;/ul&gt;


&lt;p&gt;The logic for adding a pax header on non ASCII characters should probably be reworked, as it seems possible to have pax headers mixed with GNU @LongLink entries. I'm not sure this is desirable.&lt;/p&gt;</description>
                <environment />
        <key id="12662236">COMPRESS-237</key>
            <summary>Long link support for TarArchiveOutputStream</summary>
                <type id="1" iconUrl="https://issues.apache.org/jira/secure/viewavatar?size=xsmall&amp;avatarId=21133&amp;avatarType=issuetype">Bug</type>
                                            <priority id="3" iconUrl="https://issues.apache.org/jira/images/icons/priorities/major.svg">Major</priority>
                        <status id="5" iconUrl="https://issues.apache.org/jira/images/icons/statuses/resolved.png" description="A resolution has been taken, and it is awaiting verification by reporter. From here issues are either reopened, or are closed.">Resolved</status>
                    <statusCategory id="3" key="done" colorName="green" />
                                    <resolution id="1">Fixed</resolution>
                                        <assignee username="-1">Unassigned</assignee>
                                    <reporter username="ebourg">Emmanuel Bourg</reporter>
                        <labels>
                    </labels>
                <created>Tue, 6 Aug 2013 22:35:37 +0000</created>
                <updated>Fri, 9 Aug 2013 09:18:18 +0000</updated>
                            <resolved>Fri, 9 Aug 2013 09:18:18 +0000</resolved>
                                    <version>1.5</version>
                                    <fixVersion>1.6</fixVersion>
                                    <component>Archivers</component>
                        <due />
                            <votes>0</votes>
                                    <watches>2</watches>
                                                                <comments>
                            <comment id="13731423" author="ebourg" created="Tue, 6 Aug 2013 23:11:38 +0000">&lt;p&gt;I attached a patch to handle link names like entry names. If it looks good I'll commit it and add some test cases.&lt;/p&gt;</comment>
                            <comment id="13734479" author="bodewig" created="Fri, 9 Aug 2013 06:52:51 +0000">&lt;p&gt;I took the opportunity for a tiny refactoring in svn revision 1512161 - sorry I overlooked the "I'll commit it part" until I committed it myself.&lt;/p&gt;

&lt;p&gt;Yes, additional tests would be great.&lt;/p&gt;

&lt;p&gt;Thanks!&lt;/p&gt;</comment>
                            <comment id="13734578" author="ebourg" created="Fri, 9 Aug 2013 09:18:18 +0000">&lt;p&gt;Thank you Stefan. I added the tests.&lt;/p&gt;</comment>
                    </comments>
                    <attachments>
                            <attachment id="12596450" name="longlink.patch" size="2524" author="ebourg" created="Tue, 6 Aug 2013 23:11:38 +0000" />
                    </attachments>
                <subtasks>
                    </subtasks>
                <customfields>
                                                                                                                                                                                                                                                                                                                                                                                                                                                                                                                                                                                                                                                                                                                    <customfield id="customfield_12314020" key="com.atlassian.jira.plugins.jira-development-integration-plugin:devsummary">
                        <customfieldname>Development</customfieldname>
                        <customfieldvalues>
                            
                        </customfieldvalues>
                    </customfield>
                                                                                                                        <customfield id="customfield_12313422" key="com.atlassian.jirafisheyeplugin:jobcheckbox">
                        <customfieldname>Enable Automatic Patch Review</customfieldname>
                        <customfieldvalues>
                            <customfieldvalue>false</customfieldvalue>

                        </customfieldvalues>
                    </customfield>
                                                                                                                                                                                                                                                                                                                                                                                                                                                                                                                                                                                                                                                <customfield id="customfield_12310420" key="com.pyxis.greenhopper.jira:gh-global-rank">
                        <customfieldname>Global Rank</customfieldname>
                        <customfieldvalues>
                            <customfieldvalue>342240</customfieldvalue>
                        </customfieldvalues>
                    </customfield>
                                                                                                                                                                                                                                                                                                                                                                                                                                                                        <customfield id="customfield_12311820" key="com.pyxis.greenhopper.jira:gh-lexo-rank">
                        <customfieldname>Rank</customfieldname>
                        <customfieldvalues>
                            <customfieldvalue>0|i1n0tz:</customfieldvalue>

                        </customfieldvalues>
                    </customfield>
                                                                <customfield id="customfield_12310920" key="com.pyxis.greenhopper.jira:gh-global-rank">
                        <customfieldname>Rank (Obsolete)</customfieldname>
                        <customfieldvalues>
                            <customfieldvalue>342545</customfieldvalue>
                        </customfieldvalues>
                    </customfield>
                                                                                                                                                                                                                                                                                                                                                                                                                                                                                                                                                                                                                                                                                                                                                                                            </customfields>
    </item>


</channel>
</rss>