<rss version="0.92">
    <channel>
        <title>ASF JIRA</title>
        <link>https://issues.apache.org/jira/issues/?jql=project+%3D+COMPRESS+and+type+%3D+bug+and+%28status+%3D+RESOLVED+or+status+%3D+closed%29+and+resolution+%3D+Fixed+and+fixVersion+%21%3D+None++and+affectedVersion+%21%3D+None++and+affectedVersion+%21%3D+%22Nightly+Build%22</link>
        <description>An XML representation of a search request</description>
                <language>en-uk</language>
                        <issue start="0" end="188" total="188" />
                <build-info>
            <version>8.20.1</version>
            <build-number>820001</build-number>
            <build-date>28-10-2021</build-date>
        </build-info>

<item>
            <title>[COMPRESS-253] BZip2CompressorInputStream reads fewer bytes from truncated file than CPython's bz2 implementation</title>
                <link>https://issues.apache.org/jira/browse/COMPRESS-253</link>
                <project id="12310904" key="COMPRESS">Commons Compress</project>
                    <description>&lt;p&gt;Jython includes support for decompressing bz2 files using commons compress and shares regression tests with CPython. The CPython test &lt;a href="https://bitbucket.org/jython/jython/src/b2890af7a5e817e30f6ca2325f6dcdb14a59f32b/lib-python/2.7/test/test_bz2.py?at=default#cl-331" class="external-link" target="_blank" rel="nofollow noopener"&gt;test_read_truncated&lt;/a&gt; in test_bz2.py passes under CPython but fails under Jython.&lt;/p&gt;

&lt;p&gt;The BZip2CompressorInputStream is able to read 769 bytes from the truncated data rather than the 770 bytes that the CPython bz2 implementation can read.&lt;/p&gt;</description>
                <environment />
        <key id="12687612">COMPRESS-253</key>
            <summary>BZip2CompressorInputStream reads fewer bytes from truncated file than CPython's bz2 implementation</summary>
                <type id="1" iconUrl="https://issues.apache.org/jira/secure/viewavatar?size=xsmall&amp;avatarId=21133&amp;avatarType=issuetype">Bug</type>
                                            <priority id="4" iconUrl="https://issues.apache.org/jira/images/icons/priorities/minor.svg">Minor</priority>
                        <status id="5" iconUrl="https://issues.apache.org/jira/images/icons/statuses/resolved.png" description="A resolution has been taken, and it is awaiting verification by reporter. From here issues are either reopened, or are closed.">Resolved</status>
                    <statusCategory id="3" key="done" colorName="green" />
                                    <resolution id="1">Fixed</resolution>
                                        <assignee username="-1">Unassigned</assignee>
                                    <reporter username="indra">Indra Talip</reporter>
                        <labels>
                            <label>bzip</label>
                            <label>patch</label>
                    </labels>
                <created>Tue, 7 Jan 2014 10:09:12 +0000</created>
                <updated>Mon, 20 Jan 2014 13:26:44 +0000</updated>
                            <resolved>Mon, 20 Jan 2014 13:26:44 +0000</resolved>
                                    <version>1.4.1</version>
                    <version>1.6</version>
                    <version>1.7</version>
                                    <fixVersion>1.8</fixVersion>
                                    <component>Compressors</component>
                        <due />
                            <votes>0</votes>
                                    <watches>2</watches>
                                                                <comments>
                            <comment id="13864058" author="indra" created="Tue, 7 Jan 2014 10:11:07 +0000">&lt;p&gt;Attached file contains test cases translated to commons-compress/junit from the Jython/CPython regression tests for reading truncated files.&lt;/p&gt;</comment>
                            <comment id="13864098" author="bodewig" created="Tue, 7 Jan 2014 11:02:53 +0000">&lt;p&gt;The reason for this is that BZIp2CompressorInputStream always calculates the next byte when reading one.&lt;/p&gt;

&lt;p&gt;The attached patch (against current trunk) changes this and removes a piece of state at the same time.  All existing tests inside Common Compress pass with the change but we are pretty close to release 1.7 and I don't feel well adding the change now without more extensive testing.&lt;/p&gt;</comment>
                            <comment id="13865148" author="indra" created="Wed, 8 Jan 2014 07:07:38 +0000">&lt;p&gt;With the patch applied to commons-compress all the Jython regression tests from commit &lt;a href="https://bitbucket.org/indratalip/jython/commits/b1304c8ba094963119a54206b2cb7995502ea055" class="external-link" target="_blank" rel="nofollow noopener"&gt;b1304c8&lt;/a&gt; on my fork of Jython for the bz2 module pass successfully. Thanks &lt;img class="emoticon" src="https://issues.apache.org/jira/images/icons/emoticons/smile.png" height="16" width="16" align="absmiddle" alt="" border="0"/&gt; &lt;/p&gt;</comment>
                            <comment id="13876448" author="bodewig" created="Mon, 20 Jan 2014 13:26:44 +0000">&lt;p&gt;fixed with svn revision 1559687&lt;/p&gt;</comment>
                    </comments>
                    <attachments>
                            <attachment id="12621769" name="PythonTruncatedBzip2Test.java" size="3677" author="indra" created="Tue, 7 Jan 2014 10:11:07 +0000" />
                            <attachment id="12621773" name="compress-253.patch" size="12633" author="bodewig" created="Tue, 7 Jan 2014 11:02:53 +0000" />
                    </attachments>
                <subtasks>
                    </subtasks>
                <customfields>
                                                                                                                                                                                                                                                                                                                                                                                                                                                                                                                                                                                                                                                                                                                    <customfield id="customfield_12314020" key="com.atlassian.jira.plugins.jira-development-integration-plugin:devsummary">
                        <customfieldname>Development</customfieldname>
                        <customfieldvalues>
                            
                        </customfieldvalues>
                    </customfield>
                                                                                                                        <customfield id="customfield_12313422" key="com.atlassian.jirafisheyeplugin:jobcheckbox">
                        <customfieldname>Enable Automatic Patch Review</customfieldname>
                        <customfieldvalues>
                            <customfieldvalue>false</customfieldvalue>

                        </customfieldvalues>
                    </customfield>
                                                                                                                                                                                                                                                                                                                                                                                                                                                                                                                                                                                                                                                <customfield id="customfield_12310420" key="com.pyxis.greenhopper.jira:gh-global-rank">
                        <customfieldname>Global Rank</customfieldname>
                        <customfieldvalues>
                            <customfieldvalue>366613</customfieldvalue>
                        </customfieldvalues>
                    </customfield>
                                                                                                                                                                                                                                                                                                                                                                                                                                                                        <customfield id="customfield_12311820" key="com.pyxis.greenhopper.jira:gh-lexo-rank">
                        <customfieldname>Rank</customfieldname>
                        <customfieldvalues>
                            <customfieldvalue>0|i1r6zz:</customfieldvalue>

                        </customfieldvalues>
                    </customfield>
                                                                <customfield id="customfield_12310920" key="com.pyxis.greenhopper.jira:gh-global-rank">
                        <customfieldname>Rank (Obsolete)</customfieldname>
                        <customfieldvalues>
                            <customfieldvalue>366924</customfieldvalue>
                        </customfieldvalues>
                    </customfield>
                                                                                                                                                                                                                                                                                                                                                                                                                                                                                                                                                                                                                                                                                                                                                                                            </customfields>
    </item>


</channel>
</rss>