<rss version="0.92">
    <channel>
        <title>ASF JIRA</title>
        <link>https://issues.apache.org/jira/issues/?jql=project+%3D+COMPRESS+and+type+%3D+bug+and+%28status+%3D+RESOLVED+or+status+%3D+closed%29+and+resolution+%3D+Fixed+and+fixVersion+%21%3D+None++and+affectedVersion+%21%3D+None++and+affectedVersion+%21%3D+%22Nightly+Build%22</link>
        <description>An XML representation of a search request</description>
                <language>en-uk</language>
                        <issue start="0" end="188" total="188" />
                <build-info>
            <version>8.20.1</version>
            <build-number>820001</build-number>
            <build-date>28-10-2021</build-date>
        </build-info>

<item>
            <title>[COMPRESS-236] IllegalArgumentException reading CPIO generated by Redline RPM</title>
                <link>https://issues.apache.org/jira/browse/COMPRESS-236</link>
                <project id="12310904" key="COMPRESS">Commons Compress</project>
                    <description>&lt;p&gt;&lt;a href="http://redline-rpm.org/" class="external-link" target="_blank" rel="nofollow noopener"&gt;http://redline-rpm.org/&lt;/a&gt; creates CPIO archives with a non-zero file mode on the trailer. This causes an IllegalArgumentException when reading the file. I've attached a patch and test archive to fix this.&lt;/p&gt;</description>
                <environment />
        <key id="12661376">COMPRESS-236</key>
            <summary>IllegalArgumentException reading CPIO generated by Redline RPM</summary>
                <type id="1" iconUrl="https://issues.apache.org/jira/secure/viewavatar?size=xsmall&amp;avatarId=21133&amp;avatarType=issuetype">Bug</type>
                                            <priority id="3" iconUrl="https://issues.apache.org/jira/images/icons/priorities/major.svg">Major</priority>
                        <status id="5" iconUrl="https://issues.apache.org/jira/images/icons/statuses/resolved.png" description="A resolution has been taken, and it is awaiting verification by reporter. From here issues are either reopened, or are closed.">Resolved</status>
                    <statusCategory id="3" key="done" colorName="green" />
                                    <resolution id="1">Fixed</resolution>
                                        <assignee username="-1">Unassigned</assignee>
                                    <reporter username="andrew_duffy">Andrew Duffy</reporter>
                        <labels>
                    </labels>
                <created>Fri, 2 Aug 2013 10:31:14 +0000</created>
                <updated>Thu, 8 Aug 2013 16:19:20 +0000</updated>
                            <resolved>Thu, 8 Aug 2013 16:19:20 +0000</resolved>
                                    <version>1.5</version>
                    <version>1.6</version>
                                    <fixVersion>1.6</fixVersion>
                                    <component>Archivers</component>
                        <due />
                            <votes>0</votes>
                                    <watches>2</watches>
                                                                <comments>
                            <comment id="13727549" author="andrew_duffy" created="Fri, 2 Aug 2013 10:32:33 +0000">&lt;p&gt;Patch, plus the test archive because I couldn't get &lt;tt&gt;patch&lt;/tt&gt; to create it.&lt;/p&gt;</comment>
                            <comment id="13733641" author="bodewig" created="Thu, 8 Aug 2013 16:19:20 +0000">&lt;p&gt;should be fixed with svn revision 1511850&lt;/p&gt;</comment>
                    </comments>
                    <attachments>
                            <attachment id="12595587" name="redline.cpio" size="268" author="andrew_duffy" created="Fri, 2 Aug 2013 10:32:33 +0000" />
                            <attachment id="12595586" name="redline.patch" size="4658" author="andrew_duffy" created="Fri, 2 Aug 2013 10:32:33 +0000" />
                    </attachments>
                <subtasks>
                    </subtasks>
                <customfields>
                                                                                                                                                                                                                                                                                                                                                                                                                                                                                                                                                                                                                                                                                                                    <customfield id="customfield_12314020" key="com.atlassian.jira.plugins.jira-development-integration-plugin:devsummary">
                        <customfieldname>Development</customfieldname>
                        <customfieldvalues>
                            
                        </customfieldvalues>
                    </customfield>
                                                                                                                        <customfield id="customfield_12313422" key="com.atlassian.jirafisheyeplugin:jobcheckbox">
                        <customfieldname>Enable Automatic Patch Review</customfieldname>
                        <customfieldvalues>
                            <customfieldvalue>false</customfieldvalue>

                        </customfieldvalues>
                    </customfield>
                                                                                                                                                                                                                                                                                                                                                                                                                                                                                                                                                                                                                                                <customfield id="customfield_12310420" key="com.pyxis.greenhopper.jira:gh-global-rank">
                        <customfieldname>Global Rank</customfieldname>
                        <customfieldvalues>
                            <customfieldvalue>341565</customfieldvalue>
                        </customfieldvalues>
                    </customfield>
                                                                                                                                                                                                                                                                                                                                                                                                                                                                        <customfield id="customfield_12311820" key="com.pyxis.greenhopper.jira:gh-lexo-rank">
                        <customfieldname>Rank</customfieldname>
                        <customfieldvalues>
                            <customfieldvalue>0|i1mwof:</customfieldvalue>

                        </customfieldvalues>
                    </customfield>
                                                                <customfield id="customfield_12310920" key="com.pyxis.greenhopper.jira:gh-global-rank">
                        <customfieldname>Rank (Obsolete)</customfieldname>
                        <customfieldvalues>
                            <customfieldvalue>341872</customfieldvalue>
                        </customfieldvalues>
                    </customfield>
                                                                                                                                                                                                                                                                                                                                                                                                                                                                                                                                                                                                                                                                                                                                                                                            </customfields>
    </item>


</channel>
</rss>