<rss version="0.92">
    <channel>
        <title>ASF JIRA</title>
        <link>https://issues.apache.org/jira/issues/?jql=project+%3D+COMPRESS+and+type+%3D+bug+and+%28status+%3D+RESOLVED+or+status+%3D+closed%29+and+resolution+%3D+Fixed+and+fixVersion+%21%3D+None++and+affectedVersion+%21%3D+None++and+affectedVersion+%21%3D+%22Nightly+Build%22</link>
        <description>An XML representation of a search request</description>
                <language>en-uk</language>
                        <issue start="0" end="188" total="188" />
                <build-info>
            <version>8.20.1</version>
            <build-number>820001</build-number>
            <build-date>28-10-2021</build-date>
        </build-info>

<item>
            <title>[COMPRESS-252] Writing 7z empty entries produces incorrect or corrupt archive</title>
                <link>https://issues.apache.org/jira/browse/COMPRESS-252</link>
                <project id="12310904" key="COMPRESS">Commons Compress</project>
                    <description>&lt;p&gt;I couldn't find an exact rule that causes this incorrect behavior, but I tried to reduce it to some simple scenarios to reproduce it:&lt;/p&gt;

&lt;p&gt;Input: A folder with certain files -&amp;gt; tried to archive it.&lt;br/&gt;
If the folder contains more than 7 files the incorrect behavior appears.&lt;/p&gt;

&lt;p&gt;Scenario 1: 7 empty files&lt;br/&gt;
Result: The created archive contains a single folder entry with the name of the archive (no matter which was the name of the file)&lt;/p&gt;

&lt;p&gt;Scenario 2: 7 files, some empty, some with content&lt;br/&gt;
Result: The created archive contains a folder entry with the name of the archive and a number of file entries also with the name of the archive. The number of the entries is equal to the number of non empty files.&lt;/p&gt;

&lt;p&gt;Scenario 3: 8 empty files&lt;br/&gt;
Result: 7zip Manager cannot open archive and stops working.&lt;/p&gt;

&lt;p&gt;Scenario 4.1: 8 files: some empty, some with content, last file (alphabetically) with content&lt;br/&gt;
Result: same behavior as described for Scenario 2.&lt;/p&gt;

&lt;p&gt;Scenario 4.2: 8 files, some empty, some with content, last file empy&lt;br/&gt;
Result: archive is corrupt, the following message is received: "Cannot open file 'archivename.7z' as archive" (7Zip Manager does not crash).&lt;/p&gt;</description>
                <environment>&lt;p&gt;eclipse 3.7.2, java 1.7&lt;/p&gt;</environment>
        <key id="12685407">COMPRESS-252</key>
            <summary>Writing 7z empty entries produces incorrect or corrupt archive</summary>
                <type id="1" iconUrl="https://issues.apache.org/jira/secure/viewavatar?size=xsmall&amp;avatarId=21133&amp;avatarType=issuetype">Bug</type>
                                            <priority id="1" iconUrl="https://issues.apache.org/jira/images/icons/priorities/blocker.svg">Blocker</priority>
                        <status id="5" iconUrl="https://issues.apache.org/jira/images/icons/statuses/resolved.png" description="A resolution has been taken, and it is awaiting verification by reporter. From here issues are either reopened, or are closed.">Resolved</status>
                    <statusCategory id="3" key="done" colorName="green" />
                                    <resolution id="1">Fixed</resolution>
                                        <assignee username="-1">Unassigned</assignee>
                                    <reporter username="Livia">Livia Sarbu</reporter>
                        <labels>
                            <label>7z</label>
                    </labels>
                <created>Wed, 18 Dec 2013 16:12:34 +0000</created>
                <updated>Wed, 8 Jan 2014 05:19:52 +0000</updated>
                            <resolved>Wed, 8 Jan 2014 05:19:52 +0000</resolved>
                                    <version>1.6</version>
                                    <fixVersion>1.7</fixVersion>
                                    <component>Archivers</component>
                        <due />
                            <votes>0</votes>
                                    <watches>2</watches>
                                                                <comments>
                            <comment id="13852954" author="bodewig" created="Thu, 19 Dec 2013 15:11:18 +0000">&lt;p&gt;since you point out LZMA2 in the subject, does that mean things are fine when you select a different compression method?&lt;/p&gt;</comment>
                            <comment id="13853795" author="livia" created="Fri, 20 Dec 2013 08:54:10 +0000">&lt;p&gt;I didn't test with other compression methods, than. Did that now, and it's the same, so I will delete that part from the description.&lt;/p&gt;</comment>
                            <comment id="13853799" author="bodewig" created="Fri, 20 Dec 2013 08:57:29 +0000">&lt;p&gt;I was afraid you'd say so.  Thanks for checking.&lt;/p&gt;</comment>
                            <comment id="13853869" author="bodewig" created="Fri, 20 Dec 2013 11:11:45 +0000">&lt;p&gt;I think I found the problem, need to add a bunch of more tests and commit then.  "7 or more" really is a magic number as the method writing bitsets has an off-by-one bug.  Will comment here, when I've committed the fix.&lt;/p&gt;

&lt;p&gt;Do you think you can build Compress from trunk and verify it works for you after that?&lt;/p&gt;</comment>
                            <comment id="13853897" author="bodewig" created="Fri, 20 Dec 2013 12:13:27 +0000">&lt;p&gt;svn revision 1552608&lt;/p&gt;</comment>
                            <comment id="13853924" author="livia" created="Fri, 20 Dec 2013 12:40:18 +0000">&lt;p&gt;I will take it from trunk and check it, but I am not sure I will have time today; I will let you know when I do.&lt;/p&gt;</comment>
                            <comment id="13853951" author="bodewig" created="Fri, 20 Dec 2013 13:26:37 +0000">&lt;p&gt;Thanks.&lt;/p&gt;</comment>
                            <comment id="13854119" author="sebb@apache.org" created="Fri, 20 Dec 2013 16:25:12 +0000">&lt;p&gt;Note: the Continuum CI server is not working currently, but I have deployed 1.7-SNAPSHOT to the ASF SNAPSHOT repo at &lt;a href="http://repository.apache.org/snapshots" class="external-link" target="_blank" rel="nofollow noopener"&gt;http://repository.apache.org/snapshots&lt;/a&gt; in case that is of any use.&lt;/p&gt;</comment>
                            <comment id="13862999" author="bodewig" created="Mon, 6 Jan 2014 14:01:44 +0000">&lt;p&gt;Happy New Year Livia - have you had a chance to give Compress' trunk a try?&lt;/p&gt;</comment>
                            <comment id="13864599" author="livia" created="Tue, 7 Jan 2014 19:36:58 +0000">&lt;p&gt;Hi Stefan, Happy New Year to you too!... happy indeed it seems, as I just checked the new version from trunk and it works &lt;img class="emoticon" src="https://issues.apache.org/jira/images/icons/emoticons/smile.png" height="16" width="16" align="absmiddle" alt="" border="0"/&gt; Thank you for the prompt fix and I am sorry for not having time to check it earlier.&lt;/p&gt;</comment>
                            <comment id="13865084" author="bodewig" created="Wed, 8 Jan 2014 05:19:52 +0000">&lt;p&gt;Thanks.&lt;/p&gt;</comment>
                    </comments>
                    <attachments>
                            <attachment id="12619355" name="CreateArchiveTest.java" size="2273" author="Livia" created="Wed, 18 Dec 2013 16:27:57 +0000" />
                            <attachment id="12619358" name="EmptyTest.zip" size="1292" author="Livia" created="Wed, 18 Dec 2013 16:30:37 +0000" />
                            <attachment id="12619360" name="Scenario2and4.1.jpg" size="48029" author="Livia" created="Wed, 18 Dec 2013 16:35:22 +0000" />
                            <attachment id="12619362" name="Scenario3.jpg" size="44733" author="Livia" created="Wed, 18 Dec 2013 16:39:10 +0000" />
                            <attachment id="12619363" name="Scenario4.2.jpg" size="13306" author="Livia" created="Wed, 18 Dec 2013 16:42:01 +0000" />
                    </attachments>
                <subtasks>
                    </subtasks>
                <customfields>
                                                                                                                                                                                                                                                                                                                                                                                                                                                                                                                                                                                                                                                                                                                    <customfield id="customfield_12314020" key="com.atlassian.jira.plugins.jira-development-integration-plugin:devsummary">
                        <customfieldname>Development</customfieldname>
                        <customfieldvalues>
                            
                        </customfieldvalues>
                    </customfield>
                                                                                                                        <customfield id="customfield_12313422" key="com.atlassian.jirafisheyeplugin:jobcheckbox">
                        <customfieldname>Enable Automatic Patch Review</customfieldname>
                        <customfieldvalues>
                            <customfieldvalue>false</customfieldvalue>

                        </customfieldvalues>
                    </customfield>
                                                                                                                                                                                                                                                                                                                                                                                                                                                                                                                                                                                                                                                <customfield id="customfield_12310420" key="com.pyxis.greenhopper.jira:gh-global-rank">
                        <customfieldname>Global Rank</customfieldname>
                        <customfieldvalues>
                            <customfieldvalue>364484</customfieldvalue>
                        </customfieldvalues>
                    </customfield>
                                                                                                                                                                                                                                                                                                                                                                                                                                                                        <customfield id="customfield_12311820" key="com.pyxis.greenhopper.jira:gh-lexo-rank">
                        <customfieldname>Rank</customfieldname>
                        <customfieldvalues>
                            <customfieldvalue>0|i1qtpb:</customfieldvalue>

                        </customfieldvalues>
                    </customfield>
                                                                <customfield id="customfield_12310920" key="com.pyxis.greenhopper.jira:gh-global-rank">
                        <customfieldname>Rank (Obsolete)</customfieldname>
                        <customfieldvalues>
                            <customfieldvalue>364784</customfieldvalue>
                        </customfieldvalues>
                    </customfield>
                                                                                                                                                                                                                                                                                                                                                                                                                                                                                                                                                                                                                                                                                                                                                                                            </customfields>
    </item>


</channel>
</rss>