<rss version="0.92">
    <channel>
        <title>ASF JIRA</title>
        <link>https://issues.apache.org/jira/issues/?jql=project+%3D+COMPRESS+and+type+%3D+bug+and+%28status+%3D+RESOLVED+or+status+%3D+closed%29+and+resolution+%3D+Fixed+and+fixVersion+%21%3D+None++and+affectedVersion+%21%3D+None++and+affectedVersion+%21%3D+%22Nightly+Build%22</link>
        <description>An XML representation of a search request</description>
                <language>en-uk</language>
                        <issue start="0" end="188" total="188" />
                <build-info>
            <version>8.20.1</version>
            <build-number>820001</build-number>
            <build-date>28-10-2021</build-date>
        </build-info>

<item>
            <title>[COMPRESS-452] "Stream is not in the BZip2 format" exception on valid archive</title>
                <link>https://issues.apache.org/jira/browse/COMPRESS-452</link>
                <project id="12310904" key="COMPRESS">Commons Compress</project>
                    <description>&lt;p&gt;The included 7z archive (with only one file), that is password protected, can be properly decompressed with 7z tool. Yet,&#160;getNextEntry() throws "Stream is not in the BZip2 format" exception.&lt;/p&gt;

&lt;p&gt;The code is:&lt;/p&gt;

&lt;div class="code panel" style="border-width: 1px;"&gt;&lt;div class="codeContent panelContent"&gt;
&lt;pre class="code-java"&gt;
&lt;span class="code-keyword"&gt;private&lt;/span&gt; &lt;span class="code-keyword"&gt;static&lt;/span&gt; &lt;span class="code-keyword"&gt;final&lt;/span&gt; &lt;span class="code-object"&gt;byte&lt;/span&gt;[] PASSWORD = &lt;span class="code-quote"&gt;"iBlm8NTigvru0Jr0"&lt;/span&gt;.getBytes();

&lt;span class="code-keyword"&gt;public&lt;/span&gt; &lt;span class="code-keyword"&gt;static&lt;/span&gt; void main(&lt;span class="code-object"&gt;String&lt;/span&gt;[] args) &lt;span class="code-keyword"&gt;throws&lt;/span&gt; IOException {
 &lt;span class="code-object"&gt;String&lt;/span&gt; fileName = &lt;span class="code-quote"&gt;"r:/txt.7z"&lt;/span&gt;;
 &#160; &#160; SevenZArchiveEntry entry;
 &#160; &#160; &lt;span class="code-keyword"&gt;try&lt;/span&gt; (SevenZFile arch = &lt;span class="code-keyword"&gt;new&lt;/span&gt; SevenZFile(&lt;span class="code-keyword"&gt;new&lt;/span&gt; File(fileName), PASSWORD)) {
 &lt;span class="code-keyword"&gt;while&lt;/span&gt; ((entry = arch.getNextEntry()) != &lt;span class="code-keyword"&gt;null&lt;/span&gt;)&#160;

{ &#160; &#160; &#160; &#160; &#160; &#160; &lt;span class="code-object"&gt;System&lt;/span&gt;.out.println(entry.getName()); }

}
&lt;/pre&gt;
&lt;/div&gt;&lt;/div&gt;

&lt;p&gt;The same exception is thrown when one uses SevenZFile(SeekableByteChannel, byte[]) constructor. Password seems to be OK, since changing it yields different exception (and it also works in 7z tool).&lt;/p&gt;

&lt;p&gt;Full exception is:&lt;/p&gt;
&lt;div class="preformatted panel" style="border-width: 1px;"&gt;&lt;div class="preformattedContent panelContent"&gt;
&lt;pre&gt;Exception in thread "main" java.io.IOException: Stream is not in the BZip2 format
 &#160;at org.apache.commons.compress.compressors.bzip2.BZip2CompressorInputStream.init(BZip2CompressorInputStream.java:252)
 &#160;at org.apache.commons.compress.compressors.bzip2.BZip2CompressorInputStream.&amp;lt;init&amp;gt;(BZip2CompressorInputStream.java:134)
 &#160;at org.apache.commons.compress.compressors.bzip2.BZip2CompressorInputStream.&amp;lt;init&amp;gt;(BZip2CompressorInputStream.java:112)
 &#160;at org.apache.commons.compress.archivers.sevenz.Coders$BZIP2Decoder.decode(Coders.java:254)
 &#160;at org.apache.commons.compress.archivers.sevenz.Coders.addDecoder(Coders.java:79)
 &#160;at org.apache.commons.compress.archivers.sevenz.SevenZFile.buildDecoderStack(SevenZFile.java:933)
 &#160;at org.apache.commons.compress.archivers.sevenz.SevenZFile.buildDecodingStream(SevenZFile.java:909)
 &#160;at org.apache.commons.compress.archivers.sevenz.SevenZFile.getNextEntry(SevenZFile.java:222)
 &#160;at UnpackTest.main(UnpackTest.java:17)
&lt;/pre&gt;
&lt;/div&gt;&lt;/div&gt;
&lt;p&gt;&#160;&lt;/p&gt;

&lt;p&gt;&#160;&lt;/p&gt;</description>
                <environment />
        <key id="13157456">COMPRESS-452</key>
            <summary>"Stream is not in the BZip2 format" exception on valid archive</summary>
                <type id="1" iconUrl="https://issues.apache.org/jira/secure/viewavatar?size=xsmall&amp;avatarId=21133&amp;avatarType=issuetype">Bug</type>
                                            <priority id="3" iconUrl="https://issues.apache.org/jira/images/icons/priorities/major.svg">Major</priority>
                        <status id="6" iconUrl="https://issues.apache.org/jira/images/icons/statuses/closed.png" description="The issue is considered finished, the resolution is correct. Issues which are not closed can be reopened.">Closed</status>
                    <statusCategory id="3" key="done" colorName="green" />
                                    <resolution id="1">Fixed</resolution>
                                        <assignee username="bodewig">Stefan Bodewig</assignee>
                                    <reporter username="cromax">Tomis&#322;aw Kity&#324;ski</reporter>
                        <labels>
                    </labels>
                <created>Sun, 6 May 2018 21:23:10 +0000</created>
                <updated>Thu, 10 May 2018 08:53:45 +0000</updated>
                            <resolved>Wed, 9 May 2018 10:45:10 +0000</resolved>
                                    <version>1.16.1</version>
                                    <fixVersion>1.17</fixVersion>
                                    <component>Archivers</component>
                    <component>Compressors</component>
                        <due />
                            <votes>0</votes>
                                    <watches>5</watches>
                                                                <comments>
                            <comment id="16465415" author="bodewig" created="Mon, 7 May 2018 04:22:23 +0000">&lt;p&gt;Many thanks for the test case. Encryption is probably one of the less frequently used features so I'm not surprised if there are bugs to be found. Is the archive something we could add to our test suite once the bug is fixed?&lt;/p&gt;

&lt;p&gt;BTW, I've removed the "fixed version", as the issue still exists in 1.16.1.&lt;/p&gt;</comment>
                            <comment id="16465448" author="bodewig" created="Mon, 7 May 2018 05:28:35 +0000">&lt;p&gt;Ah, the problem is this innocent looking part of the javadocs:&lt;/p&gt;

&lt;blockquote&gt;
&lt;p&gt;the byte array is supposed to be the UTF16-LE encoded representation of the password.&lt;/p&gt;&lt;/blockquote&gt;

&lt;p&gt;If you use&lt;/p&gt;

&lt;div class="code panel" style="border-width: 1px;"&gt;&lt;div class="codeContent panelContent"&gt;
&lt;pre class="code-java"&gt;
&lt;span class="code-quote"&gt;"iBlm8NTigvru0Jr0"&lt;/span&gt;.getBytes(&lt;span class="code-quote"&gt;"UTF-16LE"&lt;/span&gt;)
&lt;/pre&gt;
&lt;/div&gt;&lt;/div&gt;

&lt;p&gt;things start to work. I'll keep this issue open as a reminder to stress this even more in the docs and maybe add alternative constructors that help avoiding the trap.&lt;/p&gt;</comment>
                            <comment id="16465655" author="cromax" created="Mon, 7 May 2018 09:12:16 +0000">&lt;p&gt;Oh, I admit I blindly assumed it should be 8-bit ASCII encoding... Thanks for pointing that out! 8) Sure, you can include this archive into test suite if you wish to. Thanks once again!&lt;/p&gt;</comment>
                            <comment id="16465893" author="michael-o" created="Mon, 7 May 2018 13:11:53 +0000">&lt;p&gt;&lt;a href="https://issues.apache.org/jira/secure/ViewProfile.jspa?name=bodewig" class="user-hover" rel="bodewig"&gt;bodewig&lt;/a&gt;, I'd really deprecate the constructors and move to &lt;tt&gt;char[]&lt;/tt&gt;. This bug is so subtile that the client will search way too long for the cause.&lt;/p&gt;</comment>
                            <comment id="16465961" author="bodewig" created="Mon, 7 May 2018 14:28:54 +0000">&lt;p&gt;&lt;a href="https://issues.apache.org/jira/secure/ViewProfile.jspa?name=michael-o" class="user-hover" rel="michael-o"&gt;michael-o&lt;/a&gt; &lt;a href="https://github.com/apache/commons-compress/commit/237e1721221d158f6800e868cbefc83f02385029" class="external-link" target="_blank" rel="nofollow noopener"&gt;https://github.com/apache/commons-compress/commit/237e1721221d158f6800e868cbefc83f02385029&lt;/a&gt; &lt;img class="emoticon" src="https://issues.apache.org/jira/images/icons/emoticons/smile.png" height="16" width="16" align="absmiddle" alt="" border="0"/&gt;&lt;/p&gt;

&lt;p&gt;Problem is - and that's why it is not on master, yet - all code that used a constructor passing an explicit &lt;tt&gt;null&lt;/tt&gt; as password would need to be adjusted in order to compile.&lt;/p&gt;</comment>
                            <comment id="16465989" author="michael-o" created="Mon, 7 May 2018 14:58:20 +0000">&lt;p&gt;Ouch, this breaks binary compat, doesn't it?&lt;/p&gt;</comment>
                            <comment id="16466031" author="garydgregory" created="Mon, 7 May 2018 15:28:49 +0000">&lt;p&gt;Adding constructors does not break BC since the old ones are still there to be found. Breaking source compatibility is a pain but OK as long as we document what users should do in Javadocs.&lt;/p&gt;

&lt;p&gt;What does mvn clirr:check report? Also try japicmp.&lt;/p&gt;</comment>
                            <comment id="16466041" author="michael-o" created="Mon, 7 May 2018 15:36:03 +0000">&lt;p&gt;Passing&#160; &lt;tt&gt;null&lt;/tt&gt; would be a problem, wouldn't it &lt;a href="https://issues.apache.org/jira/secure/ViewProfile.jspa?name=garydgregory" class="user-hover" rel="garydgregory"&gt;garydgregory&lt;/a&gt;?&lt;/p&gt;</comment>
                            <comment id="16466055" author="garydgregory" created="Mon, 7 May 2018 15:47:14 +0000">&lt;p&gt;How? Please explain.&lt;/p&gt;</comment>
                            <comment id="16466069" author="michael-o" created="Mon, 7 May 2018 15:57:32 +0000">&lt;p&gt;Which constructor would be chosen?&lt;/p&gt;
&lt;div class="code panel" style="border-width: 1px;"&gt;&lt;div class="codeContent panelContent"&gt;
&lt;pre class="code-java"&gt;
&lt;span class="code-keyword"&gt;new&lt;/span&gt; SevenZFile(&lt;span class="code-keyword"&gt;new&lt;/span&gt; File(fileName), &lt;span class="code-keyword"&gt;null&lt;/span&gt;))
&lt;/pre&gt;
&lt;/div&gt;&lt;/div&gt;
&lt;p&gt;&lt;tt&gt;byte[]&lt;/tt&gt; or &lt;tt&gt;char[]&lt;/tt&gt;?&lt;/p&gt;</comment>
                            <comment id="16466089" author="bodewig" created="Mon, 7 May 2018 16:11:44 +0000">&lt;p&gt;japicmp doesn't see any breaking change at all, not even a source one. I'd blame this on japicmp &lt;img class="emoticon" src="https://issues.apache.org/jira/images/icons/emoticons/smile.png" height="16" width="16" align="absmiddle" alt="" border="0"/&gt; I haven't been able to use Clirr on Compress for a while now, the details are escaping me.&lt;br/&gt;
As for binary compatibility I'm pretty sure the constructor signature seen by the compiler will be used. Method dispatch does most of its magic at compile time and at runtime only looks for the most derived class that provides the signature. In the case of constructors there is no derived class to look into at all.&lt;/p&gt;</comment>
                            <comment id="16466094" author="sebb@apache.org" created="Mon, 7 May 2018 16:18:32 +0000">&lt;p&gt;&lt;a href="https://docs.oracle.com/javase/specs/jls/se7/html/jls-13.html" class="external-link" target="_blank" rel="nofollow noopener"&gt;https://docs.oracle.com/javase/specs/jls/se7/html/jls-13.html&lt;/a&gt;&lt;br/&gt;
13.2 "... The Java programming language is designed to prevent additions to contracts and accidental name collisions from breaking binary compatibility. Specifically, addition of more methods overloading a particular method name does not break compatibility with pre-existing binaries. The method signature that the pre-existing binary will use for method lookup is chosen by the method overload resolution algorithm at compile time (&#167;15.12.2)."&lt;/p&gt;

&lt;p&gt;AFAICT the method signature is recorded in the class file in order to facilitate this.&lt;/p&gt;

&lt;p&gt;However it will break source compatibility; the compiler cannot resolve the ambiguity once the new method is available.&lt;/p&gt;

&lt;p&gt;Note that Maven/Clirr does not distinguish binary and source compatibility. Don't know about Japicmp.&lt;/p&gt;</comment>
                            <comment id="16466117" author="joehni" created="Mon, 7 May 2018 16:38:03 +0000">&lt;p&gt;We may add one more constructor without password argument. Anybody using null may then simply remove it.&lt;/p&gt;</comment>
                            <comment id="16466246" author="bodewig" created="Mon, 7 May 2018 17:51:53 +0000">&lt;p&gt;yes, done: &lt;a href="https://github.com/apache/commons-compress/commit/8040ea3db6f813afe6e83c935ed33e5c65966a60" class="external-link" target="_blank" rel="nofollow noopener"&gt;https://github.com/apache/commons-compress/commit/8040ea3db6f813afe6e83c935ed33e5c65966a60&lt;/a&gt;&lt;/p&gt;</comment>
                            <comment id="16468691" author="bodewig" created="Wed, 9 May 2018 10:45:10 +0000">&lt;p&gt;The new constructors are in master now, also I updated the examples page to explicitly talk about the encoding to use.&lt;/p&gt;</comment>
                    </comments>
                    <attachments>
                            <attachment id="12922198" name="txt.7z" size="24427" author="cromax" created="Sun, 6 May 2018 21:21:24 +0000" />
                    </attachments>
                <subtasks>
                    </subtasks>
                <customfields>
                                                                                                                                                                                                                                                                                                                                                                                                                                                                                                                                                                                                                                                                                                                    <customfield id="customfield_12314020" key="com.atlassian.jira.plugins.jira-development-integration-plugin:devsummary">
                        <customfieldname>Development</customfieldname>
                        <customfieldvalues>
                            
                        </customfieldvalues>
                    </customfield>
                                                                                                                        <customfield id="customfield_12313422" key="com.atlassian.jirafisheyeplugin:jobcheckbox">
                        <customfieldname>Enable Automatic Patch Review</customfieldname>
                        <customfieldvalues>
                            <customfieldvalue>false</customfieldvalue>

                        </customfieldvalues>
                    </customfield>
                                                                                                                                                                                                                                                                                                <customfield id="customfield_12311020" key="com.atlassian.jira.plugin.system.customfieldtypes:url">
                        <customfieldname>External issue URL</customfieldname>
                        <customfieldvalues>
                            <customfieldvalue>https://stackoverflow.com/questions/50198804/commons-compress-using-7z-gives-stream-is-not-in-the-bzip2-format</customfieldvalue>

                        </customfieldvalues>
                    </customfield>
                                                                                                                                                                                                                                                                                                                                                                                    <customfield id="customfield_12310420" key="com.pyxis.greenhopper.jira:gh-global-rank">
                        <customfieldname>Global Rank</customfieldname>
                        <customfieldvalues>
                            <customfieldvalue>9223372036854775807</customfieldvalue>
                        </customfieldvalues>
                    </customfield>
                                                                                                                                                                                                                                                                                                                                                                                                                                                                        <customfield id="customfield_12311820" key="com.pyxis.greenhopper.jira:gh-lexo-rank">
                        <customfieldname>Rank</customfieldname>
                        <customfieldvalues>
                            <customfieldvalue>0|i3te7z:</customfieldvalue>

                        </customfieldvalues>
                    </customfield>
                                                                <customfield id="customfield_12310920" key="com.pyxis.greenhopper.jira:gh-global-rank">
                        <customfieldname>Rank (Obsolete)</customfieldname>
                        <customfieldvalues>
                            <customfieldvalue>9223372036854775807</customfieldvalue>
                        </customfieldvalues>
                    </customfield>
                                                                                                                                                                                                                                                                                                                                                                                                                                                                                                                                                                                                                                                                                                                                                                                            </customfields>
    </item>


</channel>
</rss>