<rss version="0.92">
    <channel>
        <title>ASF JIRA</title>
        <link>https://issues.apache.org/jira/issues/?jql=project+%3D+COMPRESS+and+type+%3D+bug+and+%28status+%3D+RESOLVED+or+status+%3D+closed%29+and+resolution+%3D+Fixed+and+fixVersion+%21%3D+None++and+affectedVersion+%21%3D+None++and+affectedVersion+%21%3D+%22Nightly+Build%22</link>
        <description>An XML representation of a search request</description>
                <language>en-uk</language>
                        <issue start="0" end="188" total="188" />
                <build-info>
            <version>8.20.1</version>
            <build-number>820001</build-number>
            <build-date>28-10-2021</build-date>
        </build-info>

<item>
            <title>[COMPRESS-303] Restore immutability/thread-safety to CompressorStreamFactory</title>
                <link>https://issues.apache.org/jira/browse/COMPRESS-303</link>
                <project id="12310904" key="COMPRESS">Commons Compress</project>
                    <description>&lt;p&gt;CompressorStreamFactory was immutable prior to 1.5; r1453945 broke immutability. It's also no longer thread-safe because the field decompressConcatenated is not safely published.&lt;/p&gt;

&lt;p&gt;It would be possible to make it thread-safe by making the field volatile.&lt;/p&gt;

&lt;p&gt;It could be made conditionally immutable by using the same technique as suggested in &lt;a href="https://issues.apache.org/jira/browse/COMPRESS-302" title="Retore immutability/thread-safety to ArchiveStreamFactory" class="issue-link" data-issue-key="COMPRESS-302"&gt;&lt;del&gt;COMPRESS-302&lt;/del&gt;&lt;/a&gt;, in preparation for removing the method setDecompressConcatenated in a future API-break release.&lt;/p&gt;</description>
                <environment />
        <key id="12775232">COMPRESS-303</key>
            <summary>Restore immutability/thread-safety to CompressorStreamFactory</summary>
                <type id="1" iconUrl="https://issues.apache.org/jira/secure/viewavatar?size=xsmall&amp;avatarId=21133&amp;avatarType=issuetype">Bug</type>
                                            <priority id="3" iconUrl="https://issues.apache.org/jira/images/icons/priorities/major.svg">Major</priority>
                        <status id="5" iconUrl="https://issues.apache.org/jira/images/icons/statuses/resolved.png" description="A resolution has been taken, and it is awaiting verification by reporter. From here issues are either reopened, or are closed.">Resolved</status>
                    <statusCategory id="3" key="done" colorName="green" />
                                    <resolution id="1">Fixed</resolution>
                                        <assignee username="-1">Unassigned</assignee>
                                    <reporter username="sebb">Sebb</reporter>
                        <labels>
                    </labels>
                <created>Sun, 15 Feb 2015 18:00:00 +0000</created>
                <updated>Sun, 15 Feb 2015 22:50:25 +0000</updated>
                            <resolved>Sun, 15 Feb 2015 22:50:25 +0000</resolved>
                                    <version>1.9</version>
                                    <fixVersion>1.10</fixVersion>
                                        <due />
                            <votes>0</votes>
                                    <watches>1</watches>
                                                                <comments>
                            <comment id="14322137" author="bodewig" created="Sun, 15 Feb 2015 18:44:43 +0000">&lt;p&gt;sounds good.&lt;/p&gt;</comment>
                            <comment id="14322220" author="sebb@apache.org" created="Sun, 15 Feb 2015 22:50:25 +0000">&lt;p&gt;URL: &lt;a href="http://svn.apache.org/r1660002" class="external-link" target="_blank" rel="nofollow noopener"&gt;http://svn.apache.org/r1660002&lt;/a&gt;&lt;br/&gt;
Log:&lt;br/&gt;
&lt;a href="https://issues.apache.org/jira/browse/COMPRESS-303" title="Restore immutability/thread-safety to CompressorStreamFactory" class="issue-link" data-issue-key="COMPRESS-303"&gt;&lt;del&gt;COMPRESS-303&lt;/del&gt;&lt;/a&gt; Restore immutability/thread-safety to CompressorStreamFactory.&lt;/p&gt;

&lt;p&gt;Modified:&lt;br/&gt;
    commons/proper/compress/trunk/src/changes/changes.xml&lt;br/&gt;
    commons/proper/compress/trunk/src/main/java/org/apache/commons/compress/compressors/CompressorStreamFactory.java&lt;/p&gt;</comment>
                    </comments>
                    <attachments>
                    </attachments>
                <subtasks>
                    </subtasks>
                <customfields>
                                                                                                                                                                                                                                                                                                                                                                                                                                                                                                                                                                                                                                                                                                                    <customfield id="customfield_12314020" key="com.atlassian.jira.plugins.jira-development-integration-plugin:devsummary">
                        <customfieldname>Development</customfieldname>
                        <customfieldvalues>
                            
                        </customfieldvalues>
                    </customfield>
                                                                                                                        <customfield id="customfield_12313422" key="com.atlassian.jirafisheyeplugin:jobcheckbox">
                        <customfieldname>Enable Automatic Patch Review</customfieldname>
                        <customfieldvalues>
                            <customfieldvalue>false</customfieldvalue>

                        </customfieldvalues>
                    </customfield>
                                                                                                                                                                                                                                                                                                                                                                                                                                                                                                                                                                                                                                                <customfield id="customfield_12310420" key="com.pyxis.greenhopper.jira:gh-global-rank">
                        <customfieldname>Global Rank</customfieldname>
                        <customfieldvalues>
                            <customfieldvalue>9223372036854775807</customfieldvalue>
                        </customfieldvalues>
                    </customfield>
                                                                                                                                                                                                                                                                                                                                                                                                                                                                        <customfield id="customfield_12311820" key="com.pyxis.greenhopper.jira:gh-lexo-rank">
                        <customfieldname>Rank</customfieldname>
                        <customfieldvalues>
                            <customfieldvalue>0|i25nnb:</customfieldvalue>

                        </customfieldvalues>
                    </customfield>
                                                                <customfield id="customfield_12310920" key="com.pyxis.greenhopper.jira:gh-global-rank">
                        <customfieldname>Rank (Obsolete)</customfieldname>
                        <customfieldvalues>
                            <customfieldvalue>9223372036854775807</customfieldvalue>
                        </customfieldvalues>
                    </customfield>
                                                                                                                                                                                                                                                                                                                                                                                                                                                                                                                                                                                                                                                                                                                                                                                            </customfields>
    </item>


</channel>
</rss>