<rss version="0.92">
    <channel>
        <title>ASF JIRA</title>
        <link>https://issues.apache.org/jira/issues/?jql=project+%3D+COMPRESS+and+type+%3D+bug+and+%28status+%3D+RESOLVED+or+status+%3D+closed%29+and+resolution+%3D+Fixed+and+fixVersion+%21%3D+None++and+affectedVersion+%21%3D+None++and+affectedVersion+%21%3D+%22Nightly+Build%22</link>
        <description>An XML representation of a search request</description>
                <language>en-uk</language>
                        <issue start="0" end="188" total="188" />
                <build-info>
            <version>8.20.1</version>
            <build-number>820001</build-number>
            <build-date>28-10-2021</build-date>
        </build-info>

<item>
            <title>[COMPRESS-364] ZipArchiveInputStream.closeEntry does not properly advance to next entry if there are junk bytes at end of data section</title>
                <link>https://issues.apache.org/jira/browse/COMPRESS-364</link>
                <project id="12310904" key="COMPRESS">Commons Compress</project>
                    <description>&lt;p&gt;ZipArchiveInputStream.closeEntry() will not properly advance to the next entry causing the next call to getNextZipEntry to incorrectly return null if there are junk bytes at the end of the compressed data section.&lt;/p&gt;

&lt;p&gt;More specifically, I found a case where the first entry's local header says that its compressed data size is 620 bytes. There are in fact 620 bytes before the next local header. However, when the compressed data is inflated, it only requires 618 of the 620 bytes to fully inflate (i.e. before it encounters the DEFLATE end of data code). This means that there is complete DEFLATE compressed data + extra garbage bytes after it, all within the specified zip entry data section.&lt;/p&gt;

&lt;p&gt;The commons compress ZipArchiveInputStream streaming implementation doesn't exactly read on zip entry boundaries, but instead it reads 512 bytes at a time. As a result it tends to read more bytes than necessary per entry and then seek back to the beginning of the next entry. When it seeks back, it assumes that number of bytes that were required to be read to reach the end of the zip entry is the same as the number of bytes needed to inflate the data. However that assumption does not hold up in this case. 620 bytes need to be read to reach then end of the zip entry, but only 618 were needed to inflate the data.  After the pushback, the closeEntry() method should perform a final drain of the remaining bytes to reach the next local file header.&lt;/p&gt;

&lt;p&gt;I've created a test case and fix.  I will submit a pull request shortly.&lt;/p&gt;</description>
                <environment />
        <key id="12998489">COMPRESS-364</key>
            <summary>ZipArchiveInputStream.closeEntry does not properly advance to next entry if there are junk bytes at end of data section</summary>
                <type id="1" iconUrl="https://issues.apache.org/jira/secure/viewavatar?size=xsmall&amp;avatarId=21133&amp;avatarType=issuetype">Bug</type>
                                            <priority id="4" iconUrl="https://issues.apache.org/jira/images/icons/priorities/minor.svg">Minor</priority>
                        <status id="5" iconUrl="https://issues.apache.org/jira/images/icons/statuses/resolved.png" description="A resolution has been taken, and it is awaiting verification by reporter. From here issues are either reopened, or are closed.">Resolved</status>
                    <statusCategory id="3" key="done" colorName="green" />
                                    <resolution id="1">Fixed</resolution>
                                        <assignee username="-1">Unassigned</assignee>
                                    <reporter username="mikemole@gmail.com">Michael Mole</reporter>
                        <labels>
                    </labels>
                <created>Fri, 19 Aug 2016 13:44:25 +0000</created>
                <updated>Fri, 7 Oct 2016 16:21:52 +0000</updated>
                            <resolved>Fri, 7 Oct 2016 16:21:51 +0000</resolved>
                                    <version>1.12</version>
                                    <fixVersion>1.13</fixVersion>
                                    <component>Archivers</component>
                        <due />
                            <votes>0</votes>
                                    <watches>3</watches>
                                                                <comments>
                            <comment id="15428368" author="garydgregory" created="Fri, 19 Aug 2016 16:08:43 +0000">&lt;p&gt;Hello Michael,&lt;/p&gt;

&lt;p&gt;Can you provide a patch with a unit test?&lt;/p&gt;

&lt;p&gt;Gary&lt;/p&gt;</comment>
                            <comment id="15429070" author="mikemole@gmail.com" created="Fri, 19 Aug 2016 23:50:44 +0000">&lt;p&gt;Patch with test and fix attached.&lt;/p&gt;</comment>
                            <comment id="15516226" author="mikemole@gmail.com" created="Fri, 23 Sep 2016 11:52:44 +0000">&lt;p&gt;&lt;a href="https://issues.apache.org/jira/secure/ViewProfile.jspa?name=garydgregory" class="user-hover" rel="garydgregory"&gt;garydgregory&lt;/a&gt; - Hi Gary.  Were you able to get the patch working?&lt;/p&gt;</comment>
                            <comment id="15555520" author="bodewig" created="Fri, 7 Oct 2016 16:21:52 +0000">&lt;p&gt;Thanks a lot, Mike, and sorry for the delay.&lt;/p&gt;

&lt;p&gt;I've applied your patch, it will be part of the next release of compress.&lt;/p&gt;</comment>
                    </comments>
                    <attachments>
                            <attachment id="12824668" name="0001-COMPRESS-364-ZipArchiveInputStream.closeEntry-fails-.patch" size="5518" author="mikemole@gmail.com" created="Fri, 19 Aug 2016 23:50:44 +0000" />
                    </attachments>
                <subtasks>
                    </subtasks>
                <customfields>
                                                                                                                                                                                                                                                                                                                                                                                                                                                                                                                                                                                                                                                                                                                    <customfield id="customfield_12314020" key="com.atlassian.jira.plugins.jira-development-integration-plugin:devsummary">
                        <customfieldname>Development</customfieldname>
                        <customfieldvalues>
                            
                        </customfieldvalues>
                    </customfield>
                                                                                                                        <customfield id="customfield_12313422" key="com.atlassian.jirafisheyeplugin:jobcheckbox">
                        <customfieldname>Enable Automatic Patch Review</customfieldname>
                        <customfieldvalues>
                            <customfieldvalue>false</customfieldvalue>

                        </customfieldvalues>
                    </customfield>
                                                                                                                                                                                                                                                                                                                                                                                                                                                                                                                                                                                                                                                <customfield id="customfield_12310420" key="com.pyxis.greenhopper.jira:gh-global-rank">
                        <customfieldname>Global Rank</customfieldname>
                        <customfieldvalues>
                            <customfieldvalue>9223372036854775807</customfieldvalue>
                        </customfieldvalues>
                    </customfield>
                                                                                                                                                                                                                                                                                                                                                                                                                                                                        <customfield id="customfield_12311820" key="com.pyxis.greenhopper.jira:gh-lexo-rank">
                        <customfieldname>Rank</customfieldname>
                        <customfieldvalues>
                            <customfieldvalue>0|i32ivj:</customfieldvalue>

                        </customfieldvalues>
                    </customfield>
                                                                <customfield id="customfield_12310920" key="com.pyxis.greenhopper.jira:gh-global-rank">
                        <customfieldname>Rank (Obsolete)</customfieldname>
                        <customfieldvalues>
                            <customfieldvalue>9223372036854775807</customfieldvalue>
                        </customfieldvalues>
                    </customfield>
                                                                                                                                                                                                                                                                                                                                                                                                                                                                                                                                                                                                                                                                                                                                                                                            </customfields>
    </item>


</channel>
</rss>