<rss version="0.92">
    <channel>
        <title>ASF JIRA</title>
        <link>https://issues.apache.org/jira/issues/?jql=project+%3D+COMPRESS+and+type+%3D+bug+and+%28status+%3D+RESOLVED+or+status+%3D+closed%29+and+resolution+%3D+Fixed+and+fixVersion+%21%3D+None++and+affectedVersion+%21%3D+None++and+affectedVersion+%21%3D+%22Nightly+Build%22</link>
        <description>An XML representation of a search request</description>
                <language>en-uk</language>
                        <issue start="0" end="188" total="188" />
                <build-info>
            <version>8.20.1</version>
            <build-number>820001</build-number>
            <build-date>28-10-2021</build-date>
        </build-info>

<item>
            <title>[COMPRESS-229] incorrect handling of GNU longlink entries</title>
                <link>https://issues.apache.org/jira/browse/COMPRESS-229</link>
                <project id="12310904" key="COMPRESS">Commons Compress</project>
                    <description>&lt;p&gt;Apache commons-compress handles GNU LongLink entries for long filenames. But it fails to handle LongLink entries for long linknames&lt;span class="error"&gt;&amp;#91;1&amp;#93;&lt;/span&gt; correctly.&lt;/p&gt;

&lt;p&gt;&lt;span class="error"&gt;&amp;#91;1&amp;#93;&lt;/span&gt; &lt;a href="http://git.savannah.gnu.org/cgit/tar.git/tree/src/tar.h#n176" class="external-link" target="_blank" rel="nofollow noopener"&gt;http://git.savannah.gnu.org/cgit/tar.git/tree/src/tar.h#n176&lt;/a&gt;&lt;/p&gt;</description>
                <environment />
        <key id="12650443">COMPRESS-229</key>
            <summary>incorrect handling of GNU longlink entries</summary>
                <type id="1" iconUrl="https://issues.apache.org/jira/secure/viewavatar?size=xsmall&amp;avatarId=21133&amp;avatarType=issuetype">Bug</type>
                                            <priority id="3" iconUrl="https://issues.apache.org/jira/images/icons/priorities/major.svg">Major</priority>
                        <status id="5" iconUrl="https://issues.apache.org/jira/images/icons/statuses/resolved.png" description="A resolution has been taken, and it is awaiting verification by reporter. From here issues are either reopened, or are closed.">Resolved</status>
                    <statusCategory id="3" key="done" colorName="green" />
                                    <resolution id="1">Fixed</resolution>
                                        <assignee username="-1">Unassigned</assignee>
                                    <reporter username="christoph.gysin">Christoph Gysin</reporter>
                        <labels>
                    </labels>
                <created>Sat, 1 Jun 2013 08:23:05 +0000</created>
                <updated>Wed, 5 Jun 2013 09:20:52 +0000</updated>
                            <resolved>Mon, 3 Jun 2013 09:22:35 +0000</resolved>
                                    <version>1.4.1</version>
                    <version>1.5</version>
                                    <fixVersion>1.6</fixVersion>
                                    <component>Archivers</component>
                        <due />
                            <votes>0</votes>
                                    <watches>2</watches>
                                                                <comments>
                            <comment id="13672017" author="christoph.gysin" created="Sat, 1 Jun 2013 08:25:00 +0000">&lt;p&gt;Attached a unittest to expose the issue and a suggested fix.&lt;/p&gt;</comment>
                            <comment id="13672945" author="bodewig" created="Mon, 3 Jun 2013 09:22:13 +0000">&lt;p&gt;Many thanks, patch applied with svn revision 1488935&lt;/p&gt;

&lt;p&gt;For future reference - patch doesn't like git's binary diff format.  Since I have git installed I could simply use git apply to apply the last hunk of the second patch but on a system without git it would have been difficult.  Better attach new binaries directly.&lt;/p&gt;</comment>
                            <comment id="13672953" author="christoph.gysin" created="Mon, 3 Jun 2013 09:39:45 +0000">&lt;p&gt;Noted, and thanks for the quick response.&lt;/p&gt;

&lt;p&gt;Btw, I have also submitted a patch to fix the same issue in ant (almost identical codebase):&lt;/p&gt;

&lt;p&gt;&lt;a href="https://issues.apache.org/bugzilla/show_bug.cgi?id=55040" class="external-link" target="_blank" rel="nofollow noopener"&gt;https://issues.apache.org/bugzilla/show_bug.cgi?id=55040&lt;/a&gt;&lt;/p&gt;</comment>
                            <comment id="13672961" author="bodewig" created="Mon, 3 Jun 2013 10:00:05 +0000">&lt;p&gt;I think your patch is not correct in the Bugzilla: 40334 special case where a long XYZ entry is supposed to be followed by the name but there is no extra entry - i.e. getLongNameData() returns null.&lt;/p&gt;

&lt;p&gt;Should be fixed with svn revision 1488947 - would be good if oyu could double check, though.&lt;/p&gt;</comment>
                            <comment id="13672963" author="bodewig" created="Mon, 3 Jun 2013 10:01:59 +0000">&lt;p&gt;I know the Ant issue, in fact I stumbled over the omission while porting the patch &lt;img class="emoticon" src="https://issues.apache.org/jira/images/icons/emoticons/smile.png" height="16" width="16" align="absmiddle" alt="" border="0"/&gt;&lt;/p&gt;

&lt;p&gt;Ant's codebase is the grandfather of Commons Compress tar(zip/bzip2 packages and I try to merge patches from one to the other whenever I don't forget about it.  Ant's package shouldn't be used by anybody but Ant, though.&lt;/p&gt;</comment>
                            <comment id="13673464" author="christoph.gysin" created="Mon, 3 Jun 2013 19:29:39 +0000">&lt;p&gt;Well spotted, looks good now. Thanks again!&lt;/p&gt;

&lt;p&gt;Yes, I have found references that common-compress' tar implementation is originally from ant. To make things worse: I have actually stumbled over the issue in jenkins-core, which uses TarEntry from ant but copied and locally modified TarInputStream. With the next release of ant I will be able to port the fix one more time to jenkins...&lt;/p&gt;</comment>
                            <comment id="13674021" author="bodewig" created="Tue, 4 Jun 2013 04:17:31 +0000">&lt;p&gt;If Jenkins has to locally modify TarInputStream we might be interested in the reasons why &lt;img class="emoticon" src="https://issues.apache.org/jira/images/icons/emoticons/smile.png" height="16" width="16" align="absmiddle" alt="" border="0"/&gt;&lt;/p&gt;</comment>
                            <comment id="13675659" author="christoph.gysin" created="Wed, 5 Jun 2013 07:19:53 +0000">&lt;p&gt;On further investigation, they seem to have copied it back in 2009 to implement UTF-8 encoded filenames:&lt;/p&gt;

&lt;p&gt;&lt;a href="https://github.com/jenkinsci/jenkins/commit/fcc75143941c49d94536ed8db90472b9633f8631" class="external-link" target="_blank" rel="nofollow noopener"&gt;https://github.com/jenkinsci/jenkins/commit/fcc75143941c49d94536ed8db90472b9633f8631&lt;/a&gt;&lt;/p&gt;

&lt;p&gt;Since then, Ant's TarInputStream has been modified to support using different encodings, so that hack should be undone.&lt;/p&gt;

&lt;p&gt;I'll send them a patch to use the current upstream versions, and if possible use commons-compress instead of Ant.&lt;/p&gt;</comment>
                            <comment id="13675731" author="bodewig" created="Wed, 5 Jun 2013 09:20:52 +0000">&lt;p&gt;I agree, going with Commons Compress would be the best approach.  Thanks!&lt;/p&gt;</comment>
                    </comments>
                    <attachments>
                            <attachment id="12585710" name="0001-allow-creating-testsuites-over-different-archives.patch" size="4087" author="christoph.gysin" created="Sat, 1 Jun 2013 08:25:00 +0000" />
                            <attachment id="12585711" name="0002-add-unittest-to-expose-bug-with-long-symlinks.patch" size="3126" author="christoph.gysin" created="Sat, 1 Jun 2013 08:25:00 +0000" />
                            <attachment id="12585712" name="0003-split-out-function-to-retrieve-longname-data.patch" size="3499" author="christoph.gysin" created="Sat, 1 Jun 2013 08:25:00 +0000" />
                            <attachment id="12585713" name="0004-handle-GNU-long-link-name.patch" size="3005" author="christoph.gysin" created="Sat, 1 Jun 2013 08:25:00 +0000" />
                    </attachments>
                <subtasks>
                    </subtasks>
                <customfields>
                                                                                                                                                                                                                                                                                                                                                                                                                                                                                                                                                                                                                                                                                                                    <customfield id="customfield_12314020" key="com.atlassian.jira.plugins.jira-development-integration-plugin:devsummary">
                        <customfieldname>Development</customfieldname>
                        <customfieldvalues>
                            
                        </customfieldvalues>
                    </customfield>
                                                                                                                        <customfield id="customfield_12313422" key="com.atlassian.jirafisheyeplugin:jobcheckbox">
                        <customfieldname>Enable Automatic Patch Review</customfieldname>
                        <customfieldvalues>
                            <customfieldvalue>false</customfieldvalue>

                        </customfieldvalues>
                    </customfield>
                                                                                                                                                                                                                                                                                                                                                                                                                                                                                                                                                                                                                                                <customfield id="customfield_12310420" key="com.pyxis.greenhopper.jira:gh-global-rank">
                        <customfieldname>Global Rank</customfieldname>
                        <customfieldvalues>
                            <customfieldvalue>330770</customfieldvalue>
                        </customfieldvalues>
                    </customfield>
                                                                                                                                                                                                                                                                                                                                                                                                                                                                        <customfield id="customfield_12311820" key="com.pyxis.greenhopper.jira:gh-lexo-rank">
                        <customfieldname>Rank</customfieldname>
                        <customfieldvalues>
                            <customfieldvalue>0|i1l2c7:</customfieldvalue>

                        </customfieldvalues>
                    </customfield>
                                                                <customfield id="customfield_12310920" key="com.pyxis.greenhopper.jira:gh-global-rank">
                        <customfieldname>Rank (Obsolete)</customfieldname>
                        <customfieldvalues>
                            <customfieldvalue>331103</customfieldvalue>
                        </customfieldvalues>
                    </customfield>
                                                                                                                                                                                                                                                                                                                                                                                                                                                                                                                                                                                                                                                                                                                                                                                            </customfields>
    </item>


</channel>
</rss>