<rss version="0.92">
    <channel>
        <title>ASF JIRA</title>
        <link>https://issues.apache.org/jira/issues/?jql=project+%3D+COMPRESS+and+type+%3D+bug+and+%28status+%3D+RESOLVED+or+status+%3D+closed%29+and+resolution+%3D+Fixed+and+fixVersion+%21%3D+None++and+affectedVersion+%21%3D+None++and+affectedVersion+%21%3D+%22Nightly+Build%22</link>
        <description>An XML representation of a search request</description>
                <language>en-uk</language>
                        <issue start="0" end="188" total="188" />
                <build-info>
            <version>8.20.1</version>
            <build-number>820001</build-number>
            <build-date>28-10-2021</build-date>
        </build-info>

<item>
            <title>[COMPRESS-334] ArArchiveInputStream.getBSDLongName does increment offset</title>
                <link>https://issues.apache.org/jira/browse/COMPRESS-334</link>
                <project id="12310904" key="COMPRESS">Commons Compress</project>
                    <description>&lt;p&gt;I have an AR archive which uses the BSD long name convention and I cannot read past the first entry without failing.&lt;/p&gt;

&lt;p&gt;I dug into the issue and it appears the problem is with &lt;tt&gt;getBSDLongName&lt;/tt&gt; which calls &lt;tt&gt;readFully&lt;/tt&gt; with the underlying stream:&lt;/p&gt;

&lt;div class="code panel" style="border-width: 1px;"&gt;&lt;div class="codeContent panelContent"&gt;
&lt;pre class="code-java"&gt;&lt;span class="code-object"&gt;int&lt;/span&gt; read = IOUtils.readFully(input, name);
count(read);
&lt;/pre&gt;
&lt;/div&gt;&lt;/div&gt;

&lt;p&gt;This does not increment the &lt;tt&gt;offset&lt;/tt&gt; which is later used by &lt;tt&gt;read(byte[], int, int)&lt;/tt&gt; to compute the value of &lt;tt&gt;toRead&lt;/tt&gt;. Since &lt;tt&gt;offset&lt;/tt&gt; is too small, &lt;tt&gt;toRead&lt;/tt&gt; ends up too big and the first entry contents end up pulling in the first &lt;tt&gt;n&lt;/tt&gt; bytes of the next entry header (&lt;tt&gt;n&lt;/tt&gt; is the BSD long name length).&lt;/p&gt;

&lt;p&gt;I think this can be addressed by adding &lt;tt&gt;offset += read&lt;/tt&gt; or changing the above code to just:&lt;/p&gt;
&lt;div class="code panel" style="border-width: 1px;"&gt;&lt;div class="codeContent panelContent"&gt;
&lt;pre class="code-java"&gt;&lt;span class="code-object"&gt;int&lt;/span&gt; read = IOUtils.readFully(&lt;span class="code-keyword"&gt;this&lt;/span&gt;, name);
&lt;/pre&gt;
&lt;/div&gt;&lt;/div&gt;

&lt;p&gt;(Sorry for posting code in the ticket, I will try and get an environment set up so I can start submitting patches).&lt;/p&gt;</description>
                <environment />
        <key id="12936848">COMPRESS-334</key>
            <summary>ArArchiveInputStream.getBSDLongName does increment offset</summary>
                <type id="1" iconUrl="https://issues.apache.org/jira/secure/viewavatar?size=xsmall&amp;avatarId=21133&amp;avatarType=issuetype">Bug</type>
                                            <priority id="3" iconUrl="https://issues.apache.org/jira/images/icons/priorities/major.svg">Major</priority>
                        <status id="5" iconUrl="https://issues.apache.org/jira/images/icons/statuses/resolved.png" description="A resolution has been taken, and it is awaiting verification by reporter. From here issues are either reopened, or are closed.">Resolved</status>
                    <statusCategory id="3" key="done" colorName="green" />
                                    <resolution id="1">Fixed</resolution>
                                        <assignee username="-1">Unassigned</assignee>
                                    <reporter username="jgustie">Jeremy Gustie</reporter>
                        <labels>
                    </labels>
                <created>Thu, 4 Feb 2016 20:24:22 +0000</created>
                <updated>Fri, 5 Feb 2016 19:44:02 +0000</updated>
                            <resolved>Fri, 5 Feb 2016 19:44:02 +0000</resolved>
                                    <version>1.10</version>
                                    <fixVersion>1.11</fixVersion>
                                    <component>Archivers</component>
                        <due />
                            <votes>0</votes>
                                    <watches>2</watches>
                                                                <comments>
                            <comment id="15134829" author="bodewig" created="Fri, 5 Feb 2016 19:44:02 +0000">&lt;p&gt;Thanks a lot for the analysis, you are correct of course.&lt;/p&gt;

&lt;p&gt;git commit 9431b16 contains your second alternative.&lt;/p&gt;</comment>
                    </comments>
                    <attachments>
                    </attachments>
                <subtasks>
                    </subtasks>
                <customfields>
                                                                                                                                                                                                                                                                                                                                                                                                                                                                                                                                                                                                                                                                                                                    <customfield id="customfield_12314020" key="com.atlassian.jira.plugins.jira-development-integration-plugin:devsummary">
                        <customfieldname>Development</customfieldname>
                        <customfieldvalues>
                            
                        </customfieldvalues>
                    </customfield>
                                                                                                                        <customfield id="customfield_12313422" key="com.atlassian.jirafisheyeplugin:jobcheckbox">
                        <customfieldname>Enable Automatic Patch Review</customfieldname>
                        <customfieldvalues>
                            <customfieldvalue>false</customfieldvalue>

                        </customfieldvalues>
                    </customfield>
                                                                                                                                                                                                                                                                                                                                                                                                                                                                                                                                                                                                                                                <customfield id="customfield_12310420" key="com.pyxis.greenhopper.jira:gh-global-rank">
                        <customfieldname>Global Rank</customfieldname>
                        <customfieldvalues>
                            <customfieldvalue>9223372036854775807</customfieldvalue>
                        </customfieldvalues>
                    </customfield>
                                                                                                                                                                                                                                                                                                                                                                                                                                                                        <customfield id="customfield_12311820" key="com.pyxis.greenhopper.jira:gh-lexo-rank">
                        <customfieldname>Rank</customfieldname>
                        <customfieldvalues>
                            <customfieldvalue>0|i2sfzr:</customfieldvalue>

                        </customfieldvalues>
                    </customfield>
                                                                <customfield id="customfield_12310920" key="com.pyxis.greenhopper.jira:gh-global-rank">
                        <customfieldname>Rank (Obsolete)</customfieldname>
                        <customfieldvalues>
                            <customfieldvalue>9223372036854775807</customfieldvalue>
                        </customfieldvalues>
                    </customfield>
                                                                                                                                                                                                                                                                                                                                                                                                                                                                                                                                                                                                                                                                                                                                                                                            </customfields>
    </item>


</channel>
</rss>