<rss version="0.92">
    <channel>
        <title>ASF JIRA</title>
        <link>https://issues.apache.org/jira/issues/?jql=project+%3D+COMPRESS+and+type+%3D+bug+and+%28status+%3D+RESOLVED+or+status+%3D+closed%29+and+resolution+%3D+Fixed+and+fixVersion+%21%3D+None++and+affectedVersion+%21%3D+None++and+affectedVersion+%21%3D+%22Nightly+Build%22</link>
        <description>An XML representation of a search request</description>
                <language>en-uk</language>
                        <issue start="0" end="188" total="188" />
                <build-info>
            <version>8.20.1</version>
            <build-number>820001</build-number>
            <build-date>28-10-2021</build-date>
        </build-info>

<item>
            <title>[COMPRESS-379] isUnixSymlink returns true for Zip entries with Unix permissions 177777</title>
                <link>https://issues.apache.org/jira/browse/COMPRESS-379</link>
                <project id="12310904" key="COMPRESS">Commons Compress</project>
                    <description>&lt;p&gt;This issue was originally reported in &lt;a href="https://issues.apache.org/jira/browse/MASSEMBLY-842" title="Incorrect entries created in MANIFEST/maven" class="issue-link" data-issue-key="MASSEMBLY-842"&gt;&lt;del&gt;MASSEMBLY-842&lt;/del&gt;&lt;/a&gt;, but it seems the root cause in inside Commons Compress.&lt;/p&gt;

&lt;p&gt;Consider the attached &lt;tt&gt;invalid-entry.jar&lt;/tt&gt;, whose contents, as shown by the &lt;tt&gt;zipinfo&lt;/tt&gt; utility, is:&lt;/p&gt;

&lt;div class="preformatted panel" style="border-width: 1px;"&gt;&lt;div class="preformattedContent panelContent"&gt;
&lt;pre&gt;?rwsrwsrwt  2.0 unx        0 b- stor 17-Jan-15 16:06 META-INF/maven/
drwxr-xr-x  2.0 unx        0 b- stor 17-Jan-15 16:06 META-INF/
&lt;/pre&gt;
&lt;/div&gt;&lt;/div&gt;

&lt;p&gt;There are some JAR files created by the Maven Assembly Plugin with content similar to this, and the entry &lt;tt&gt;META-INF/maven/&lt;/tt&gt; has permissions 177777 (octal). Constructing a &lt;tt&gt;ZipFile&lt;/tt&gt; from this file, the method &lt;tt&gt;isUnixSymlink&lt;/tt&gt; incorrectly returns &lt;tt&gt;true&lt;/tt&gt; for the entry &lt;tt&gt;META-INF/maven/&lt;/tt&gt; (and it correctly returns &lt;tt&gt;false&lt;/tt&gt; for the entry &lt;tt&gt;META-INF/&lt;/tt&gt;.&lt;/p&gt;

&lt;p&gt;Here is a sample Java code that can be used to see the behaviour:&lt;/p&gt;

&lt;div class="code panel" style="border-width: 1px;"&gt;&lt;div class="codeContent panelContent"&gt;
&lt;pre class="code-java"&gt;&lt;span class="code-keyword"&gt;public&lt;/span&gt; &lt;span class="code-keyword"&gt;static&lt;/span&gt; void main(&lt;span class="code-object"&gt;String&lt;/span&gt;[] args) &lt;span class="code-keyword"&gt;throws&lt;/span&gt; IOException {
    &lt;span class="code-keyword"&gt;try&lt;/span&gt; (ZipFile zipFile = &lt;span class="code-keyword"&gt;new&lt;/span&gt; ZipFile(&lt;span class="code-keyword"&gt;new&lt;/span&gt; File(&lt;span class="code-quote"&gt;"invalid-entry.jar"&lt;/span&gt;))) {
        printAttributes(zipFile, &lt;span class="code-quote"&gt;"META-INF/"&lt;/span&gt;);
        printAttributes(zipFile, &lt;span class="code-quote"&gt;"META-INF/maven/"&lt;/span&gt;);
    }
}

&lt;span class="code-keyword"&gt;private&lt;/span&gt; &lt;span class="code-keyword"&gt;static&lt;/span&gt; void printAttributes(ZipFile zipFile, &lt;span class="code-object"&gt;String&lt;/span&gt; name) {
    ZipArchiveEntry entry = zipFile.getEntriesInPhysicalOrder(name).iterator().next();
    &lt;span class="code-object"&gt;System&lt;/span&gt;.out.printf(&lt;span class="code-quote"&gt;"%-17s: symlink:%-5s - unixMode:%s%n"&lt;/span&gt;, name, entry.isUnixSymlink(), entry.getUnixMode());
}
&lt;/pre&gt;
&lt;/div&gt;&lt;/div&gt;

&lt;p&gt;This code outputs:&lt;/p&gt;

&lt;div class="preformatted panel" style="border-width: 1px;"&gt;&lt;div class="preformattedContent panelContent"&gt;
&lt;pre&gt;META-INF/        : symlink:false - unixMode:16877
META-INF/maven/  : symlink:true  - unixMode:65535
&lt;/pre&gt;
&lt;/div&gt;&lt;/div&gt;

&lt;p&gt;The &lt;tt&gt;?rwsrwsrwt&lt;/tt&gt; permissions show that the Zip entry is broken in the first place, but I think &lt;tt&gt;isUnixSymlink&lt;/tt&gt; should still return &lt;tt&gt;false&lt;/tt&gt; in that case, and not consider this entry to be a symlink.&lt;/p&gt;

&lt;p&gt;It seems the fix would be to update &lt;tt&gt;isUnixSymlink&lt;/tt&gt; and check whether the unix mode is equal to &lt;tt&gt;SHORT_MASK&lt;/tt&gt;, and return &lt;tt&gt;false&lt;/tt&gt; in that case as it would indicate a broken entry. This change does not break any existing tests, but I'm not sure if this is the proper fix.&lt;/p&gt;

&lt;div class="code panel" style="border-width: 1px;"&gt;&lt;div class="codeContent panelContent"&gt;
&lt;pre class="code-java"&gt;&lt;span class="code-keyword"&gt;public&lt;/span&gt; &lt;span class="code-object"&gt;boolean&lt;/span&gt; isUnixSymlink() {
    &lt;span class="code-object"&gt;int&lt;/span&gt; unixMode = getUnixMode();
    &lt;span class="code-keyword"&gt;return&lt;/span&gt; unixMode == SHORT_MASK ? &lt;span class="code-keyword"&gt;false&lt;/span&gt; : (unixMode &amp;amp; UnixStat.LINK_FLAG) == UnixStat.LINK_FLAG;
}
&lt;/pre&gt;
&lt;/div&gt;&lt;/div&gt;</description>
                <environment />
        <key id="13035033">COMPRESS-379</key>
            <summary>isUnixSymlink returns true for Zip entries with Unix permissions 177777</summary>
                <type id="1" iconUrl="https://issues.apache.org/jira/secure/viewavatar?size=xsmall&amp;avatarId=21133&amp;avatarType=issuetype">Bug</type>
                                            <priority id="3" iconUrl="https://issues.apache.org/jira/images/icons/priorities/major.svg">Major</priority>
                        <status id="5" iconUrl="https://issues.apache.org/jira/images/icons/statuses/resolved.png" description="A resolution has been taken, and it is awaiting verification by reporter. From here issues are either reopened, or are closed.">Resolved</status>
                    <statusCategory id="3" key="done" colorName="green" />
                                    <resolution id="1">Fixed</resolution>
                                        <assignee username="-1">Unassigned</assignee>
                                    <reporter username="gboue">Guillaume Bou&#233;</reporter>
                        <labels>
                    </labels>
                <created>Sun, 15 Jan 2017 16:53:19 +0000</created>
                <updated>Sun, 15 Jan 2017 22:23:55 +0000</updated>
                            <resolved>Sun, 15 Jan 2017 21:08:21 +0000</resolved>
                                    <version>1.13</version>
                                    <fixVersion>1.14</fixVersion>
                                    <component>Archivers</component>
                        <due />
                            <votes>0</votes>
                                    <watches>2</watches>
                                                                <comments>
                            <comment id="15823219" author="bodewig" created="Sun, 15 Jan 2017 18:51:23 +0000">&lt;p&gt;But the same would be true for all other things you do with the "unix mode". The flag that indicates a symlink &lt;b&gt;is&lt;/b&gt; set in your example.&lt;/p&gt;

&lt;p&gt;If we follow the logic that an attribute of "all bits set" is invalid then we shouldn't change the code here, but &lt;tt&gt;getUnixMode&lt;/tt&gt; instead so that it returns 0 rather than &lt;tt&gt;SHORT_MASK&lt;/tt&gt;, which in turn would remove all permissions as well. Why would we trust those more than the symlink flag?&lt;/p&gt;</comment>
                            <comment id="15823230" author="gboue" created="Sun, 15 Jan 2017 19:39:07 +0000">&lt;p&gt;What is the flag indicating that a symlink is set? I interpreted the &lt;tt&gt;?&lt;/tt&gt; inside &lt;tt&gt;?rwsrwsrwt&lt;/tt&gt; to mean "unknown file type" (like what &lt;tt&gt;ls -l&lt;/tt&gt; outputs) rather than "symbolic link". Octal permissions of a symbolic link should be of the form &lt;tt&gt;12xxxx&lt;/tt&gt;.&lt;/p&gt;

&lt;p&gt;I think &lt;tt&gt;getUnixMode&lt;/tt&gt; does the right job of returning the Unix permissions as an octal number, but &lt;tt&gt;isUnixSymlink&lt;/tt&gt; sometimes returns &lt;tt&gt;true&lt;/tt&gt; when that number is higher than &lt;tt&gt;120000&lt;/tt&gt; (like &lt;tt&gt;177777&lt;/tt&gt; in the description where all bits are set). It does correctly return &lt;tt&gt;false&lt;/tt&gt; for permissions of &lt;tt&gt;147777&lt;/tt&gt; for example.&lt;/p&gt;

&lt;p&gt;Digging further, I found similar code inside &lt;a href="https://github.com/torvalds/linux/blob/master/include/uapi/linux/stat.h#L19" class="external-link" target="_blank" rel="nofollow noopener"&gt;the Linux kernel&lt;/a&gt;, so the actual fix to me would be &lt;/p&gt;

&lt;div class="code panel" style="border-width: 1px;"&gt;&lt;div class="codeContent panelContent"&gt;
&lt;pre class="code-java"&gt;&lt;span class="code-keyword"&gt;public&lt;/span&gt; &lt;span class="code-object"&gt;boolean&lt;/span&gt; isUnixSymlink() {
    &lt;span class="code-keyword"&gt;return&lt;/span&gt; (getUnixMode() &amp;amp; 0170000) == UnixStat.LINK_FLAG;
}
&lt;/pre&gt;
&lt;/div&gt;&lt;/div&gt;

&lt;p&gt;(putting 0170000 in a constant inside &lt;tt&gt;UnixStat&lt;/tt&gt;).&lt;/p&gt;</comment>
                            <comment id="15823266" author="bodewig" created="Sun, 15 Jan 2017 20:59:10 +0000">&lt;p&gt;Yes, this sounds reasonable. Of the bits indicating the "file type" only one should be non-null at the same time.&lt;/p&gt;</comment>
                            <comment id="15823270" author="bodewig" created="Sun, 15 Jan 2017 21:08:21 +0000">&lt;p&gt;resolved with commit c59fc43&lt;/p&gt;</comment>
                            <comment id="15823295" author="gboue" created="Sun, 15 Jan 2017 22:23:55 +0000">&lt;p&gt;Thanks, I can confirm that the commit solved the issue.&lt;/p&gt;</comment>
                    </comments>
                <issuelinks>
                            <issuelinktype id="10030">
                    <name>Reference</name>
                                                                <inwardlinks description="is related to">
                                        <issuelink>
            <issuekey id="12626692">COMPRESS-214</issuekey>
        </issuelink>
                            </inwardlinks>
                                    </issuelinktype>
                    </issuelinks>
                <attachments>
                            <attachment id="12847540" name="invalid-entry.jar" size="222" author="gboue" created="Sun, 15 Jan 2017 16:54:11 +0000" />
                    </attachments>
                <subtasks>
                    </subtasks>
                <customfields>
                                                                                                                                                                                                                                                                                                                                                                                                                                                                                                                                                                                                                                                                                                                    <customfield id="customfield_12314020" key="com.atlassian.jira.plugins.jira-development-integration-plugin:devsummary">
                        <customfieldname>Development</customfieldname>
                        <customfieldvalues>
                            
                        </customfieldvalues>
                    </customfield>
                                                                                                                        <customfield id="customfield_12313422" key="com.atlassian.jirafisheyeplugin:jobcheckbox">
                        <customfieldname>Enable Automatic Patch Review</customfieldname>
                        <customfieldvalues>
                            <customfieldvalue>false</customfieldvalue>

                        </customfieldvalues>
                    </customfield>
                                                                                                                                                                                                                                                                                                                                                                                                                                                                                                                                                                                                                                                <customfield id="customfield_12310420" key="com.pyxis.greenhopper.jira:gh-global-rank">
                        <customfieldname>Global Rank</customfieldname>
                        <customfieldvalues>
                            <customfieldvalue>9223372036854775807</customfieldvalue>
                        </customfieldvalues>
                    </customfield>
                                                                                                                                                                                                                                                                                                                                                                                                                                                                        <customfield id="customfield_12311820" key="com.pyxis.greenhopper.jira:gh-lexo-rank">
                        <customfieldname>Rank</customfieldname>
                        <customfieldvalues>
                            <customfieldvalue>0|i38qbj:</customfieldvalue>

                        </customfieldvalues>
                    </customfield>
                                                                <customfield id="customfield_12310920" key="com.pyxis.greenhopper.jira:gh-global-rank">
                        <customfieldname>Rank (Obsolete)</customfieldname>
                        <customfieldvalues>
                            <customfieldvalue>9223372036854775807</customfieldvalue>
                        </customfieldvalues>
                    </customfield>
                                                                                                                                                                                                                                                                                                                                                                                                                                                                                                                                                                                                                                                                                                                                                                                            </customfields>
    </item>


</channel>
</rss>