<rss version="0.92">
    <channel>
        <title>ASF JIRA</title>
        <link>https://issues.apache.org/jira/issues/?jql=project+%3D+COMPRESS+and+type+%3D+bug+and+%28status+%3D+RESOLVED+or+status+%3D+closed%29+and+resolution+%3D+Fixed+and+fixVersion+%21%3D+None++and+affectedVersion+%21%3D+None++and+affectedVersion+%21%3D+%22Nightly+Build%22</link>
        <description>An XML representation of a search request</description>
                <language>en-uk</language>
                        <issue start="0" end="188" total="188" />
                <build-info>
            <version>8.20.1</version>
            <build-number>820001</build-number>
            <build-date>28-10-2021</build-date>
        </build-info>

<item>
            <title>[COMPRESS-344] Handle NULL terminated GNU AR extended name</title>
                <link>https://issues.apache.org/jira/browse/COMPRESS-344</link>
                <project id="12310904" key="COMPRESS">Commons Compress</project>
                    <description>&lt;p&gt;We have an AR archive (a .lib file) whose extended name is terminated by a NULL instead of a line feed which causes an &lt;tt&gt;IOException&lt;/tt&gt; ("Failed to read entry: 0"). It looks like &lt;tt&gt;ArArchiveInputStream.getExtendedName&lt;/tt&gt; just needs to check &lt;tt&gt;namebuffer[i]&lt;/tt&gt; for &lt;tt&gt;'\012'&lt;/tt&gt; &lt;em&gt;or&lt;/em&gt; 0.&lt;/p&gt;

&lt;p&gt;The ar tool in latest GNU binutils seems to be able to handle this.&lt;/p&gt;

&lt;p&gt;I don't know what to make of the archive itself: it seems to contain 291 different copies of a file with the same name; but it is a Windows lib file and I am not going to pretend like I understand if this is supposed to be normal or not.&lt;/p&gt;

&lt;p&gt;The file in question is part of the &lt;a href="https://support.hyperic.com/display/SIGAR/Home" class="external-link" target="_blank" rel="nofollow noopener"&gt;SIGAR&lt;/a&gt; project, the &lt;tt&gt;sigar-bin/lib/sigar-x86-winnt.lib&lt;/tt&gt; archive from the &lt;a href="https://sourceforge.net/projects/sigar/files/sigar/1.6/hyperic-sigar-1.6.3.tar.gz/download" class="external-link" target="_blank" rel="nofollow noopener"&gt;1.6.3 distribution&lt;/a&gt; exhibits this behavior. The NULL terminated string only appears in the first file, all subsequent files seem to use the expected line feed terminator.&lt;/p&gt;</description>
                <environment />
        <key id="12952444">COMPRESS-344</key>
            <summary>Handle NULL terminated GNU AR extended name</summary>
                <type id="1" iconUrl="https://issues.apache.org/jira/secure/viewavatar?size=xsmall&amp;avatarId=21133&amp;avatarType=issuetype">Bug</type>
                                            <priority id="3" iconUrl="https://issues.apache.org/jira/images/icons/priorities/major.svg">Major</priority>
                        <status id="5" iconUrl="https://issues.apache.org/jira/images/icons/statuses/resolved.png" description="A resolution has been taken, and it is awaiting verification by reporter. From here issues are either reopened, or are closed.">Resolved</status>
                    <statusCategory id="3" key="done" colorName="green" />
                                    <resolution id="1">Fixed</resolution>
                                        <assignee username="-1">Unassigned</assignee>
                                    <reporter username="jgustie">Jeremy Gustie</reporter>
                        <labels>
                    </labels>
                <created>Tue, 22 Mar 2016 14:03:05 +0000</created>
                <updated>Tue, 22 Mar 2016 17:17:04 +0000</updated>
                            <resolved>Tue, 22 Mar 2016 17:17:04 +0000</resolved>
                                    <version>1.10</version>
                                    <fixVersion>1.11</fixVersion>
                                    <component>Archivers</component>
                        <due />
                            <votes>0</votes>
                                    <watches>2</watches>
                                                                <comments>
                            <comment id="15206817" author="bodewig" created="Tue, 22 Mar 2016 17:17:04 +0000">&lt;p&gt;How do you always find these edge cases &lt;img class="emoticon" src="https://issues.apache.org/jira/images/icons/emoticons/smile.png" height="16" width="16" align="absmiddle" alt="" border="0"/&gt;&lt;/p&gt;

&lt;p&gt;should be fixed with git commit a5eca56&lt;/p&gt;

&lt;p&gt;Thanks a lot.&lt;/p&gt;</comment>
                    </comments>
                    <attachments>
                    </attachments>
                <subtasks>
                    </subtasks>
                <customfields>
                                                                                                                                                                                                                                                                                                                                                                                                                                                                                                                                                                                                                                                                                                                    <customfield id="customfield_12314020" key="com.atlassian.jira.plugins.jira-development-integration-plugin:devsummary">
                        <customfieldname>Development</customfieldname>
                        <customfieldvalues>
                            
                        </customfieldvalues>
                    </customfield>
                                                                                                                        <customfield id="customfield_12313422" key="com.atlassian.jirafisheyeplugin:jobcheckbox">
                        <customfieldname>Enable Automatic Patch Review</customfieldname>
                        <customfieldvalues>
                            <customfieldvalue>false</customfieldvalue>

                        </customfieldvalues>
                    </customfield>
                                                                                                                                                                                                                                                                                                                                                                                                                                                                                                                                                                                                                                                <customfield id="customfield_12310420" key="com.pyxis.greenhopper.jira:gh-global-rank">
                        <customfieldname>Global Rank</customfieldname>
                        <customfieldvalues>
                            <customfieldvalue>9223372036854775807</customfieldvalue>
                        </customfieldvalues>
                    </customfield>
                                                                                                                                                                                                                                                                                                                                                                                                                                                                        <customfield id="customfield_12311820" key="com.pyxis.greenhopper.jira:gh-lexo-rank">
                        <customfieldname>Rank</customfieldname>
                        <customfieldvalues>
                            <customfieldvalue>0|i2v0zj:</customfieldvalue>

                        </customfieldvalues>
                    </customfield>
                                                                <customfield id="customfield_12310920" key="com.pyxis.greenhopper.jira:gh-global-rank">
                        <customfieldname>Rank (Obsolete)</customfieldname>
                        <customfieldvalues>
                            <customfieldvalue>9223372036854775807</customfieldvalue>
                        </customfieldvalues>
                    </customfield>
                                                                                                                                                                                                                                                                                                                                                                                                                                                                                                                                                                                                                                                                                                                                                                                            </customfields>
    </item>


</channel>
</rss>