<rss version="0.92">
    <channel>
        <title>ASF JIRA</title>
        <link>https://issues.apache.org/jira/issues/?jql=project+%3D+COMPRESS+and+type+%3D+bug+and+%28status+%3D+RESOLVED+or+status+%3D+closed%29+and+resolution+%3D+Fixed+and+fixVersion+%21%3D+None++and+affectedVersion+%21%3D+None++and+affectedVersion+%21%3D+%22Nightly+Build%22</link>
        <description>An XML representation of a search request</description>
                <language>en-uk</language>
                        <issue start="0" end="188" total="188" />
                <build-info>
            <version>8.20.1</version>
            <build-number>820001</build-number>
            <build-date>28-10-2021</build-date>
        </build-info>

<item>
            <title>[COMPRESS-491] Deflate64CompressorInputStream.read(byte[]) works incorrectly</title>
                <link>https://issues.apache.org/jira/browse/COMPRESS-491</link>
                <project id="12310904" key="COMPRESS">Commons Compress</project>
                    <description>&lt;p&gt;read(byte[])&#160; method in org.apache.commons.compress.compressors.deflate64.Deflate64CompressorInputStream&lt;/p&gt;

&lt;p&gt;return incorrectly value 0 sometimes:&lt;/p&gt;

&lt;p&gt;&lt;a href="https://docs.oracle.com/javase/7/docs/api/java/io/InputStream.html#read(byte[" class="external-link" target="_blank" rel="nofollow noopener"&gt;https://docs.oracle.com/javase/7/docs/api/java/io/InputStream.html#read(byte[&lt;/a&gt;])&lt;/p&gt;

&lt;p&gt;&amp;gt; Reads some number of bytes from the input stream and stores them into the buffer array b. The number of bytes actually read is returned as an integer. This method blocks until input data is available, end of file is detected, or an exception is thrown.&lt;br/&gt;
If the length of b is zero, then no bytes are read and 0 is returned; otherwise, there is an attempt to read at least one byte. If no byte is available because the stream is at the end of the file, the value -1 is returned; otherwise, at least one byte is read and stored into b.&lt;br/&gt;
The first byte read is stored into element b&lt;span class="error"&gt;&amp;#91;0&amp;#93;&lt;/span&gt;, the next one into b&lt;span class="error"&gt;&amp;#91;1&amp;#93;&lt;/span&gt;, and so on. The number of bytes read is, at most, equal to the length of b. Let k be the number of bytes actually read; these bytes will be stored in elements b&lt;span class="error"&gt;&amp;#91;0&amp;#93;&lt;/span&gt; through b&lt;span class="error"&gt;&amp;#91;k-1&amp;#93;&lt;/span&gt;, leaving elements b&lt;span class="error"&gt;&amp;#91;k&amp;#93;&lt;/span&gt; through b&lt;span class="error"&gt;&amp;#91;b.length-1&amp;#93;&lt;/span&gt; unaffected.&lt;/p&gt;

&lt;p&gt;This means that `read` method can return `0` only when zero length byte array is passed in.&lt;br/&gt;
Otherwise read must block until there is at least 1 byte of data available, or return -1 for end of stream.&lt;/p&gt;

&lt;p&gt;Currently in commons-compress 1.18, class org.apache.commons.compress.compressors.deflate64.Deflate64CompressorInputStream&lt;br/&gt;
returns `0` for some buffer sizes and some Zip files.&lt;/p&gt;

&lt;p&gt;See&#160;&lt;a href="https://github.com/jsyrjala/apache-commons-compress-bug" class="external-link" target="_blank" rel="nofollow noopener"&gt;https://github.com/jsyrjala/apache-commons-compress-bug&lt;/a&gt;&#160;for test case&lt;/p&gt;</description>
                <environment />
        <key id="13252914">COMPRESS-491</key>
            <summary>Deflate64CompressorInputStream.read(byte[]) works incorrectly</summary>
                <type id="1" iconUrl="https://issues.apache.org/jira/secure/viewavatar?size=xsmall&amp;avatarId=21133&amp;avatarType=issuetype">Bug</type>
                                            <priority id="3" iconUrl="https://issues.apache.org/jira/images/icons/priorities/major.svg">Major</priority>
                        <status id="5" iconUrl="https://issues.apache.org/jira/images/icons/statuses/resolved.png" description="A resolution has been taken, and it is awaiting verification by reporter. From here issues are either reopened, or are closed.">Resolved</status>
                    <statusCategory id="3" key="done" colorName="green" />
                                    <resolution id="1">Fixed</resolution>
                                        <assignee username="-1">Unassigned</assignee>
                                    <reporter username="jsyrjala">Juha Syrj&#228;l&#228;</reporter>
                        <labels>
                    </labels>
                <created>Mon, 26 Aug 2019 06:05:35 +0000</created>
                <updated>Sun, 2 Feb 2020 14:50:20 +0000</updated>
                            <resolved>Sat, 7 Sep 2019 16:19:16 +0000</resolved>
                                    <version>1.18</version>
                                    <fixVersion>1.20</fixVersion>
                                    <component>Archivers</component>
                        <due />
                            <votes>1</votes>
                                    <watches>2</watches>
                                                                <comments>
                            <comment id="16915504" author="jsyrjala" created="Mon, 26 Aug 2019 06:07:56 +0000">&lt;p&gt;Related discussion:&#160;&lt;a href="https://ask.clojure.org/index.php/8450/strange-behavior-with-clojure-java-io-copy" class="external-link" target="_blank" rel="nofollow noopener"&gt;https://ask.clojure.org/index.php/8450/strange-behavior-with-clojure-java-io-copy&lt;/a&gt;&lt;/p&gt;</comment>
                            <comment id="16917000" author="bodewig" created="Tue, 27 Aug 2019 18:54:05 +0000">&lt;p&gt;I'm afraid &lt;tt&gt;Deflate64CompressorInputStream&lt;/tt&gt; is far from being the only stream out there that may return 0 sometimes. I agree this is in violation of the &lt;tt&gt;InputStream&lt;/tt&gt; contract but you should better be prepared to find more implementations with similar bugs outside of Compress as well.&lt;/p&gt;</comment>
                            <comment id="16920950" author="bodewig" created="Mon, 2 Sep 2019 16:04:49 +0000">&lt;p&gt;Just a quick update.&#160;&lt;tt&gt;Deflate64CompressorInputStream&lt;/tt&gt; has been fixed in &lt;tt&gt;master&lt;/tt&gt; and I believe there is no other stream in Compress that will behave the same unless the wrapped stream or channel does.&lt;/p&gt;</comment>
                    </comments>
                    <attachments>
                    </attachments>
                <subtasks>
                    </subtasks>
                <customfields>
                                                                                                                                                                                                                                                                                                                                                                                                                                                                                                                                                                                                                                                                                                                    <customfield id="customfield_12314020" key="com.atlassian.jira.plugins.jira-development-integration-plugin:devsummary">
                        <customfieldname>Development</customfieldname>
                        <customfieldvalues>
                            
                        </customfieldvalues>
                    </customfield>
                                                                                                                        <customfield id="customfield_12313422" key="com.atlassian.jirafisheyeplugin:jobcheckbox">
                        <customfieldname>Enable Automatic Patch Review</customfieldname>
                        <customfieldvalues>
                            <customfieldvalue>false</customfieldvalue>

                        </customfieldvalues>
                    </customfield>
                                                                                                                                                                                                                                                                                                                                                                                                                                                                                                                                                                                                                                                <customfield id="customfield_12310420" key="com.pyxis.greenhopper.jira:gh-global-rank">
                        <customfieldname>Global Rank</customfieldname>
                        <customfieldvalues>
                            <customfieldvalue>9223372036854775807</customfieldvalue>
                        </customfieldvalues>
                    </customfield>
                                                                                                                                                                                                                                                                                                                                                                                                                                                                        <customfield id="customfield_12311820" key="com.pyxis.greenhopper.jira:gh-lexo-rank">
                        <customfieldname>Rank</customfieldname>
                        <customfieldvalues>
                            <customfieldvalue>0|z060s0:</customfieldvalue>

                        </customfieldvalues>
                    </customfield>
                                                                <customfield id="customfield_12310920" key="com.pyxis.greenhopper.jira:gh-global-rank">
                        <customfieldname>Rank (Obsolete)</customfieldname>
                        <customfieldvalues>
                            <customfieldvalue>9223372036854775807</customfieldvalue>
                        </customfieldvalues>
                    </customfield>
                                                                                                                                                                                                                                                                                                                                                                                                                                                                                                                                                                                                                                                                                                                                                                                            </customfields>
    </item>


</channel>
</rss>