<rss version="0.92">
    <channel>
        <title>ASF JIRA</title>
        <link>https://issues.apache.org/jira/issues/?jql=project+%3D+COMPRESS+and+type+%3D+bug+and+%28status+%3D+RESOLVED+or+status+%3D+closed%29+and+resolution+%3D+Fixed+and+fixVersion+%21%3D+None++and+affectedVersion+%21%3D+None++and+affectedVersion+%21%3D+%22Nightly+Build%22</link>
        <description>An XML representation of a search request</description>
                <language>en-uk</language>
                        <issue start="0" end="188" total="188" />
                <build-info>
            <version>8.20.1</version>
            <build-number>820001</build-number>
            <build-date>28-10-2021</build-date>
        </build-info>

<item>
            <title>[COMPRESS-527] Decompression fails with NullPointerException</title>
                <link>https://issues.apache.org/jira/browse/COMPRESS-527</link>
                <project id="12310904" key="COMPRESS">Commons Compress</project>
                    <description>&lt;p&gt;This Kotlin code fails with exception&lt;br/&gt;
Exception in thread "main" java.lang.NullPointerException&lt;br/&gt;
 at org.apache.commons.compress.compressors.deflate64.HuffmanDecoder.buildTree(HuffmanDecoder.java:466)&lt;br/&gt;
 at org.apache.commons.compress.compressors.deflate64.HuffmanDecoder.access$800(HuffmanDecoder.java:31)&lt;br/&gt;
 at org.apache.commons.compress.compressors.deflate64.HuffmanDecoder$HuffmanCodes.&amp;lt;init&amp;gt;(HuffmanDecoder.java:293)&lt;br/&gt;
 at org.apache.commons.compress.compressors.deflate64.HuffmanDecoder.decode(HuffmanDecoder.java:146)&lt;br/&gt;
 at org.apache.commons.compress.compressors.deflate64.Deflate64CompressorInputStream.read(Deflate64CompressorInputStream.java:84)&lt;br/&gt;
 at org.apache.commons.compress.archivers.zip.ZipArchiveInputStream.read(ZipArchiveInputStream.java:493)&lt;br/&gt;
 at java.base/java.io.InputStream.readNBytes(InputStream.java:396)&lt;br/&gt;
 at java.base/java.io.InputStream.readAllBytes(InputStream.java:333)&lt;br/&gt;
 at ru.example.kotlinfuzzer.tests.MainKt.main(main.kt:35)&lt;br/&gt;
 at ru.example.kotlinfuzzer.tests.MainKt.main(main.kt)&lt;/p&gt;
&lt;div class="code panel" style="border-width: 1px;"&gt;&lt;div class="codeContent panelContent"&gt;
&lt;pre class="code-java"&gt;
&lt;span class="code-keyword"&gt;import&lt;/span&gt; org.apache.commons.compress.archivers.ArchiveStreamFactory
&lt;span class="code-keyword"&gt;import&lt;/span&gt; java.io.ByteArrayInputStream

fun main() {
    val bytes = listOf(
        0x50, 0x4b, 0x03, 0x04, 0x14, 0x00, 0x00, 0x00, 0x09, 0x00,
        0x84, 0xb6, 0xba, 0x46, 0x72, 0xb6, 0xfe, 0x77, 0x4a, 0x00,
        0x00, 0x00, 0x6b, 0x00, 0x00, 0x00, 0x03, 0x00, 0x1c, 0x00,
        0x62, 0x62, 0x62, 0x55, 0x54, 0x09, 0x00, 0x03, 0xe7, 0xce,
        0x64, 0x55, 0xf3, 0xce, 0x64, 0x55, 0x75, 0x78, 0x0b, 0x00,
        0x01, 0x04, 0x5c, 0xf9, 0x01, 0x00, 0x04, 0x88, 0x13, 0x00,
        0x00, 0x1d, 0x8b, 0xc1, 0x0d, 0xc0, 0x30, 0x08, 0x03, 0xff,
        0x99, 0xc2, 0xab, 0x81, 0x50, 0x1a, 0xa8, 0x44, 0x1e, 0x56,
        0x30, 0x7f, 0x21, 0x1f, 0x5b, 0x3e, 0x9d, 0x85, 0x6e
    ).map { it.toByte() }.toByteArray()
    val input = ByteArrayInputStream(bytes)
    ArchiveStreamFactory().createArchiveInputStream(&lt;span class="code-quote"&gt;"zip"&lt;/span&gt;, input).use { ais -&amp;gt;
        ais.nextEntry
        ais.readAllBytes()
    }
}
&lt;/pre&gt;
&lt;/div&gt;&lt;/div&gt;
&lt;p&gt;This Kotlin code fails with exception&lt;/p&gt;

&lt;p&gt;Exception in thread "main" java.lang.NullPointerException&lt;br/&gt;
 at org.apache.commons.compress.compressors.deflate64.HuffmanDecoder.buildTree(HuffmanDecoder.java:464)&lt;br/&gt;
 at org.apache.commons.compress.compressors.deflate64.HuffmanDecoder.populateDynamicTables(HuffmanDecoder.java:389)&lt;br/&gt;
 at org.apache.commons.compress.compressors.deflate64.HuffmanDecoder.readDynamicTables(HuffmanDecoder.java:187)&lt;br/&gt;
 at org.apache.commons.compress.compressors.deflate64.HuffmanDecoder.decode(HuffmanDecoder.java:145)&lt;br/&gt;
 at org.apache.commons.compress.compressors.deflate64.Deflate64CompressorInputStream.read(Deflate64CompressorInputStream.java:84)&lt;br/&gt;
 at org.apache.commons.compress.archivers.zip.ZipArchiveInputStream.read(ZipArchiveInputStream.java:493)&lt;br/&gt;
 at java.base/java.io.InputStream.readNBytes(InputStream.java:396)&lt;br/&gt;
 at java.base/java.io.InputStream.readAllBytes(InputStream.java:333)&lt;br/&gt;
 at ru.example.kotlinfuzzer.tests.MainKt.main(main.kt:32)&lt;br/&gt;
 at ru.example.kotlinfuzzer.tests.MainKt.main(main.kt)&lt;/p&gt;
&lt;div class="code panel" style="border-width: 1px;"&gt;&lt;div class="codeContent panelContent"&gt;
&lt;pre class="code-java"&gt;
&lt;span class="code-keyword"&gt;import&lt;/span&gt; org.apache.commons.compress.archivers.ArchiveStreamFactory
&lt;span class="code-keyword"&gt;import&lt;/span&gt; java.io.ByteArrayInputStream

fun main() {
    val bytes = listOf(
        0x50, 0x4b, 0x03, 0x04, 0x14, 0x00, 0x00, 0x00, 0x09, 0x00,
        0x84, 0xb6, 0xba, 0x46, 0x72, 0xb6, 0xfe, 0x77, 0x4a, 0x00,
        0x00, 0x00, 0x6b, 0x00, 0x00, 0x00, 0x03, 0x00, 0x1c, 0x00,
        0x62, 0x62, 0x62, 0x55, 0x54, 0x09, 0x00, 0x03, 0xe7, 0xce,
        0x64, 0x55, 0xf3, 0xce, 0x64, 0x55, 0x75, 0x78, 0x0b, 0x00,
        0x01, 0x04, 0x5c, 0xf9, 0x01, 0x00, 0x04, 0x88, 0x13, 0x00,
        0x00, 0x1d, 0x8b, 0xc1, 0x0d, 0xc0, 0x30, 0x88, 0x03, 0xff
    ).map { it.toByte() }.toByteArray()
    val input = ByteArrayInputStream(bytes)
    ArchiveStreamFactory().createArchiveInputStream(&lt;span class="code-quote"&gt;"zip"&lt;/span&gt;, input).use { ais -&amp;gt;
        ais.nextEntry
        ais.readAllBytes()
    }
}
&lt;/pre&gt;
&lt;/div&gt;&lt;/div&gt;
&lt;p&gt;IOException expected&lt;/p&gt;</description>
                <environment />
        <key id="13307045">COMPRESS-527</key>
            <summary>Decompression fails with NullPointerException</summary>
                <type id="1" iconUrl="https://issues.apache.org/jira/secure/viewavatar?size=xsmall&amp;avatarId=21133&amp;avatarType=issuetype">Bug</type>
                                            <priority id="3" iconUrl="https://issues.apache.org/jira/images/icons/priorities/major.svg">Major</priority>
                        <status id="5" iconUrl="https://issues.apache.org/jira/images/icons/statuses/resolved.png" description="A resolution has been taken, and it is awaiting verification by reporter. From here issues are either reopened, or are closed.">Resolved</status>
                    <statusCategory id="3" key="done" colorName="green" />
                                    <resolution id="1">Fixed</resolution>
                                        <assignee username="-1">Unassigned</assignee>
                                    <reporter username="zuevmaxim">Maksim Zuev</reporter>
                        <labels>
                    </labels>
                <created>Sun, 24 May 2020 10:00:58 +0000</created>
                <updated>Sun, 24 May 2020 10:19:13 +0000</updated>
                            <resolved>Sun, 24 May 2020 10:19:13 +0000</resolved>
                                    <version>1.20</version>
                                    <fixVersion>1.21</fixVersion>
                                        <due />
                            <votes>0</votes>
                                    <watches>1</watches>
                                                                <comments>
                            <comment id="17115110" author="bodewig" created="Sun, 24 May 2020 10:19:13 +0000">&lt;p&gt;fixed with commit e176d4b7&lt;/p&gt;</comment>
                    </comments>
                    <attachments>
                    </attachments>
                <subtasks>
                    </subtasks>
                <customfields>
                                                                                                                                                                                                                                                                                                                                                                                                                                                                                                                                                                                                                                                                                                                    <customfield id="customfield_12314020" key="com.atlassian.jira.plugins.jira-development-integration-plugin:devsummary">
                        <customfieldname>Development</customfieldname>
                        <customfieldvalues>
                            
                        </customfieldvalues>
                    </customfield>
                                                                                                                        <customfield id="customfield_12313422" key="com.atlassian.jirafisheyeplugin:jobcheckbox">
                        <customfieldname>Enable Automatic Patch Review</customfieldname>
                        <customfieldvalues>
                            <customfieldvalue>false</customfieldvalue>

                        </customfieldvalues>
                    </customfield>
                                                                                                                                                                                                                                                                                                                                                                                                                                                                                                                                                                                                                                                <customfield id="customfield_12310420" key="com.pyxis.greenhopper.jira:gh-global-rank">
                        <customfieldname>Global Rank</customfieldname>
                        <customfieldvalues>
                            <customfieldvalue>9223372036854775807</customfieldvalue>
                        </customfieldvalues>
                    </customfield>
                                                                                                                                                                                                                                                                                                                                                                                                                                                                        <customfield id="customfield_12311820" key="com.pyxis.greenhopper.jira:gh-lexo-rank">
                        <customfieldname>Rank</customfieldname>
                        <customfieldvalues>
                            <customfieldvalue>0|z0f3m0:</customfieldvalue>

                        </customfieldvalues>
                    </customfield>
                                                                <customfield id="customfield_12310920" key="com.pyxis.greenhopper.jira:gh-global-rank">
                        <customfieldname>Rank (Obsolete)</customfieldname>
                        <customfieldvalues>
                            <customfieldvalue>9223372036854775807</customfieldvalue>
                        </customfieldvalues>
                    </customfield>
                                                                                                                                                                                                                                                                                                                                                                                                                                                                                                                                                                                                                                                                                                                                                                                            </customfields>
    </item>


</channel>
</rss>