<rss version="0.92">
    <channel>
        <title>ASF JIRA</title>
        <link>https://issues.apache.org/jira/issues/?jql=project+%3D+COMPRESS+and+type+%3D+bug+and+%28status+%3D+RESOLVED+or+status+%3D+closed%29+and+resolution+%3D+Fixed+and+fixVersion+%21%3D+None++and+affectedVersion+%21%3D+None++and+affectedVersion+%21%3D+%22Nightly+Build%22</link>
        <description>An XML representation of a search request</description>
                <language>en-uk</language>
                        <issue start="0" end="188" total="188" />
                <build-info>
            <version>8.20.1</version>
            <build-number>820001</build-number>
            <build-date>28-10-2021</build-date>
        </build-info>

<item>
            <title>[COMPRESS-436] ZipArchiveInputStream#getNextZipEntry should verify compressed size is known for bzip2, implode etc.</title>
                <link>https://issues.apache.org/jira/browse/COMPRESS-436</link>
                <project id="12310904" key="COMPRESS">Commons Compress</project>
                    <description>&lt;div class="code panel" style="border-width: 1px;"&gt;&lt;div class="codeContent panelContent"&gt;
&lt;pre class="code-java"&gt;
        &lt;span class="code-keyword"&gt;if&lt;/span&gt; (current.entry.getCompressedSize() != ArchiveEntry.SIZE_UNKNOWN) {
            &lt;span class="code-keyword"&gt;if&lt;/span&gt; (current.entry.getMethod() == ZipMethod.UNSHRINKING.getCode()) {
                current.in = &lt;span class="code-keyword"&gt;new&lt;/span&gt; UnshrinkingInputStream(&lt;span class="code-keyword"&gt;new&lt;/span&gt; BoundedInputStream(in, current.entry.getCompressedSize()));
            } &lt;span class="code-keyword"&gt;else&lt;/span&gt; &lt;span class="code-keyword"&gt;if&lt;/span&gt; (current.entry.getMethod() == ZipMethod.IMPLODING.getCode()) {
                current.in = &lt;span class="code-keyword"&gt;new&lt;/span&gt; ExplodingInputStream(
                        current.entry.getGeneralPurposeBit().getSlidingDictionarySize(),
                        current.entry.getGeneralPurposeBit().getNumberOfShannonFanoTrees(),
                        &lt;span class="code-keyword"&gt;new&lt;/span&gt; BoundedInputStream(in, current.entry.getCompressedSize()));
            } &lt;span class="code-keyword"&gt;else&lt;/span&gt; &lt;span class="code-keyword"&gt;if&lt;/span&gt; (current.entry.getMethod() == ZipMethod.BZIP2.getCode()) {
                current.in = &lt;span class="code-keyword"&gt;new&lt;/span&gt; BZip2CompressorInputStream(&lt;span class="code-keyword"&gt;new&lt;/span&gt; BoundedInputStream(in, current.entry.getCompressedSize()));
            }
        }
&lt;/pre&gt;
&lt;/div&gt;&lt;/div&gt;

&lt;p&gt;never sets &lt;tt&gt;current.in&lt;/tt&gt; if the compressed size is unknown which probably leads to a NullPointerException in &lt;tt&gt;read&lt;/tt&gt; later. We should fail early with a useful error message instead.&lt;/p&gt;</description>
                <environment />
        <key id="13128723">COMPRESS-436</key>
            <summary>ZipArchiveInputStream#getNextZipEntry should verify compressed size is known for bzip2, implode etc.</summary>
                <type id="1" iconUrl="https://issues.apache.org/jira/secure/viewavatar?size=xsmall&amp;avatarId=21133&amp;avatarType=issuetype">Bug</type>
                                            <priority id="3" iconUrl="https://issues.apache.org/jira/images/icons/priorities/major.svg">Major</priority>
                        <status id="5" iconUrl="https://issues.apache.org/jira/images/icons/statuses/resolved.png" description="A resolution has been taken, and it is awaiting verification by reporter. From here issues are either reopened, or are closed.">Resolved</status>
                    <statusCategory id="3" key="done" colorName="green" />
                                    <resolution id="1">Fixed</resolution>
                                        <assignee username="-1">Unassigned</assignee>
                                    <reporter username="bodewig">Stefan Bodewig</reporter>
                        <labels>
                            <label>zip</label>
                    </labels>
                <created>Fri, 5 Jan 2018 06:37:52 +0000</created>
                <updated>Sun, 14 Jan 2018 11:13:51 +0000</updated>
                            <resolved>Sun, 14 Jan 2018 11:13:51 +0000</resolved>
                                    <version>1.15</version>
                                    <fixVersion>1.16</fixVersion>
                                    <component>Archivers</component>
                        <due />
                            <votes>0</votes>
                                    <watches>1</watches>
                                                                <comments>
                            <comment id="16312715" author="bodewig" created="Fri, 5 Jan 2018 08:38:21 +0000">&lt;p&gt;Most likely this is invalid. The compressed size should be known unless a data descriptor is used, in which case &lt;tt&gt;read&lt;/tt&gt; will throw the proper exception for the methods we don't support data descriptors for. Most likely we've explicitly decided to move all exceptions about unsupported constellations to &lt;tt&gt;read&lt;/tt&gt; so that you can skip over unreadable entries.&lt;/p&gt;

&lt;p&gt;So I've changed the title and think it would be better to&lt;/p&gt;

&lt;ul&gt;
	&lt;li&gt;return &lt;tt&gt;false&lt;/tt&gt; in &lt;tt&gt;canReadEntryData&lt;/tt&gt; if the compressed size is unknown for any of the methods that currently require it&lt;/li&gt;
	&lt;li&gt;throw an exception in &lt;tt&gt;read&lt;/tt&gt; in such a situation&lt;/li&gt;
&lt;/ul&gt;
</comment>
                    </comments>
                    <attachments>
                    </attachments>
                <subtasks>
                    </subtasks>
                <customfields>
                                                                                                                                                                                                                                                                                                                                                                                                                                                                                                                                                                                                                                                                                                                    <customfield id="customfield_12314020" key="com.atlassian.jira.plugins.jira-development-integration-plugin:devsummary">
                        <customfieldname>Development</customfieldname>
                        <customfieldvalues>
                            
                        </customfieldvalues>
                    </customfield>
                                                                                                                        <customfield id="customfield_12313422" key="com.atlassian.jirafisheyeplugin:jobcheckbox">
                        <customfieldname>Enable Automatic Patch Review</customfieldname>
                        <customfieldvalues>
                            <customfieldvalue>false</customfieldvalue>

                        </customfieldvalues>
                    </customfield>
                                                                                                                                                                                                                                                                                                                                                                                                                                                                                                                                                                                                                                                <customfield id="customfield_12310420" key="com.pyxis.greenhopper.jira:gh-global-rank">
                        <customfieldname>Global Rank</customfieldname>
                        <customfieldvalues>
                            <customfieldvalue>9223372036854775807</customfieldvalue>
                        </customfieldvalues>
                    </customfield>
                                                                                                                                                                                                                                                                                                                                                                                                                                                                        <customfield id="customfield_12311820" key="com.pyxis.greenhopper.jira:gh-lexo-rank">
                        <customfieldname>Rank</customfieldname>
                        <customfieldvalues>
                            <customfieldvalue>0|i3ojqv:</customfieldvalue>

                        </customfieldvalues>
                    </customfield>
                                                                <customfield id="customfield_12310920" key="com.pyxis.greenhopper.jira:gh-global-rank">
                        <customfieldname>Rank (Obsolete)</customfieldname>
                        <customfieldvalues>
                            <customfieldvalue>9223372036854775807</customfieldvalue>
                        </customfieldvalues>
                    </customfield>
                                                                                                                                                                                                                                                                                                                                                                                                                                                                                                                                                                                                                                                                                                                                                                                            </customfields>
    </item>


</channel>
</rss>