<rss version="0.92">
    <channel>
        <title>ASF JIRA</title>
        <link>https://issues.apache.org/jira/issues/?jql=project+%3D+COMPRESS+and+type+%3D+bug+and+%28status+%3D+RESOLVED+or+status+%3D+closed%29+and+resolution+%3D+Fixed+and+fixVersion+%21%3D+None++and+affectedVersion+%21%3D+None++and+affectedVersion+%21%3D+%22Nightly+Build%22</link>
        <description>An XML representation of a search request</description>
                <language>en-uk</language>
                        <issue start="0" end="188" total="188" />
                <build-info>
            <version>8.20.1</version>
            <build-number>820001</build-number>
            <build-date>28-10-2021</build-date>
        </build-info>

<item>
            <title>[COMPRESS-262] TarArchiveInputStream fails to read entry with big user-id value</title>
                <link>https://issues.apache.org/jira/browse/COMPRESS-262</link>
                <project id="12310904" key="COMPRESS">Commons Compress</project>
                    <description>&lt;p&gt;Caused by: java.lang.IllegalArgumentException: Invalid byte 52 at offset 7 in '62410554' len=8&lt;br/&gt;
	at org.apache.commons.compress.archivers.tar.TarUtils.parseOctal(TarUtils.java:130)&lt;br/&gt;
	at org.apache.commons.compress.archivers.tar.TarUtils.parseOctalOrBinary(TarUtils.java:175)&lt;br/&gt;
	at org.apache.commons.compress.archivers.tar.TarArchiveEntry.parseTarHeader(TarArchiveEntry.java:953)&lt;br/&gt;
	at org.apache.commons.compress.archivers.tar.TarArchiveEntry.parseTarHeader(TarArchiveEntry.java:940)&lt;br/&gt;
	at org.apache.commons.compress.archivers.tar.TarArchiveEntry.&amp;lt;init&amp;gt;(TarArchiveEntry.java:324)&lt;br/&gt;
	at org.apache.commons.compress.archivers.tar.TarArchiveInputStream.getNextTarEntry(TarArchiveInputStream.java:247)&lt;br/&gt;
	... 5 more&lt;/p&gt;</description>
                <environment />
        <key id="12694208">COMPRESS-262</key>
            <summary>TarArchiveInputStream fails to read entry with big user-id value</summary>
                <type id="1" iconUrl="https://issues.apache.org/jira/secure/viewavatar?size=xsmall&amp;avatarId=21133&amp;avatarType=issuetype">Bug</type>
                                            <priority id="2" iconUrl="https://issues.apache.org/jira/images/icons/priorities/critical.svg">Critical</priority>
                        <status id="5" iconUrl="https://issues.apache.org/jira/images/icons/statuses/resolved.png" description="A resolution has been taken, and it is awaiting verification by reporter. From here issues are either reopened, or are closed.">Resolved</status>
                    <statusCategory id="3" key="done" colorName="green" />
                                    <resolution id="1">Fixed</resolution>
                                        <assignee username="-1">Unassigned</assignee>
                                    <reporter username="liwentong@cn-acg.com">goodluck</reporter>
                        <labels>
                            <label>extractor</label>
                            <label>tar</label>
                    </labels>
                <created>Mon, 10 Feb 2014 06:32:58 +0000</created>
                <updated>Fri, 21 Feb 2014 05:21:15 +0000</updated>
                            <resolved>Fri, 21 Feb 2014 05:21:15 +0000</resolved>
                                    <version>1.4.1</version>
                    <version>1.5</version>
                    <version>1.6</version>
                    <version>1.7</version>
                                    <fixVersion>1.8</fixVersion>
                                    <component>Compressors</component>
                        <due />
                            <votes>0</votes>
                                    <watches>2</watches>
                                    <timeoriginalestimate seconds="86400">24h</timeoriginalestimate>
                            <timeestimate seconds="86400">24h</timeestimate>
                                        <comments>
                            <comment id="13896298" author="bodewig" created="Mon, 10 Feb 2014 07:53:32 +0000">&lt;p&gt;I first thought this might be a duplicate of one of the many fixes we've made after 1.4.1 but I still get the same exception with current trunk - will update the affected versions accordingly.&lt;/p&gt;

&lt;p&gt;Does the archive contain anything confidential or can we add it to our test suite?&lt;/p&gt;</comment>
                            <comment id="13896309" author="liwentong@cn-acg.com" created="Mon, 10 Feb 2014 08:24:34 +0000">&lt;p&gt;Test again. I got the same exception in 1.5 1.6 and 1.7 build.&lt;/p&gt;</comment>
                            <comment id="13896323" author="bodewig" created="Mon, 10 Feb 2014 08:44:40 +0000">&lt;p&gt;I tested, that's why I added the versions to "affects version".  We totally agree, the problem still exists.&lt;/p&gt;</comment>
                            <comment id="13896467" author="bodewig" created="Mon, 10 Feb 2014 13:07:00 +0000">&lt;p&gt;In the example tar that you've now removed the user-id of the second entry contains "62410554" - this is supposed a NULL-terminated string representing an octal number &amp;lt;= 07777777 - obviously your example is not NULL-terminated.  Can you tell us which tar implementation has created the archive?&lt;/p&gt;

&lt;p&gt;GNU tar is willing to read the archive so this likely is yet another tar dialect for big numbers that we need to support in some way.&lt;/p&gt;</comment>
                            <comment id="13907973" author="bodewig" created="Fri, 21 Feb 2014 05:21:15 +0000">&lt;p&gt;fixed with svn revision 1570452&lt;/p&gt;

&lt;p&gt;I'd still love to know which implementation of tar you have used to create the archive so we can expand the docs.&lt;/p&gt;</comment>
                    </comments>
                    <attachments>
                    </attachments>
                <subtasks>
                    </subtasks>
                <customfields>
                                                                                                                                                                                                                                                                                                                                                                                                                                                                                                                                                                                                                                                                                                                    <customfield id="customfield_12314020" key="com.atlassian.jira.plugins.jira-development-integration-plugin:devsummary">
                        <customfieldname>Development</customfieldname>
                        <customfieldvalues>
                            
                        </customfieldvalues>
                    </customfield>
                                                                                                                        <customfield id="customfield_12313422" key="com.atlassian.jirafisheyeplugin:jobcheckbox">
                        <customfieldname>Enable Automatic Patch Review</customfieldname>
                        <customfieldvalues>
                            <customfieldvalue>false</customfieldvalue>

                        </customfieldvalues>
                    </customfield>
                                                                                                                                                                                                                                                                                                                                                                                                                                                                                                                                                                                                                                                <customfield id="customfield_12310420" key="com.pyxis.greenhopper.jira:gh-global-rank">
                        <customfieldname>Global Rank</customfieldname>
                        <customfieldvalues>
                            <customfieldvalue>372717</customfieldvalue>
                        </customfieldvalues>
                    </customfield>
                                                                                                                                                                                                                                                                                                                                                                                                                                                                        <customfield id="customfield_12311820" key="com.pyxis.greenhopper.jira:gh-lexo-rank">
                        <customfieldname>Rank</customfieldname>
                        <customfieldvalues>
                            <customfieldvalue>0|i1s8dj:</customfieldvalue>

                        </customfieldvalues>
                    </customfield>
                                                                <customfield id="customfield_12310920" key="com.pyxis.greenhopper.jira:gh-global-rank">
                        <customfieldname>Rank (Obsolete)</customfieldname>
                        <customfieldvalues>
                            <customfieldvalue>373021</customfieldvalue>
                        </customfieldvalues>
                    </customfield>
                                                                                                                                                                                                                                                                                                                                                                                                                                                                                                                                                                                                                                                                                                                                                                                            </customfields>
    </item>


</channel>
</rss>