<rss version="0.92">
    <channel>
        <title>ASF JIRA</title>
        <link>https://issues.apache.org/jira/issues/?jql=project+%3D+COMPRESS+and+type+%3D+bug+and+%28status+%3D+RESOLVED+or+status+%3D+closed%29+and+resolution+%3D+Fixed+and+fixVersion+%21%3D+None++and+affectedVersion+%21%3D+None++and+affectedVersion+%21%3D+%22Nightly+Build%22</link>
        <description>An XML representation of a search request</description>
                <language>en-uk</language>
                        <issue start="0" end="188" total="188" />
                <build-info>
            <version>8.20.1</version>
            <build-number>820001</build-number>
            <build-date>28-10-2021</build-date>
        </build-info>

<item>
            <title>[COMPRESS-249] TarArchiveInputStream does not properly read from underlying InputStream</title>
                <link>https://issues.apache.org/jira/browse/COMPRESS-249</link>
                <project id="12310904" key="COMPRESS">Commons Compress</project>
                    <description>&lt;p&gt;TarArchiveInputStream reads header with its protected function readRecord(). This code improperly assumes that is.read(buf) always fills the whole buffer. This assumption is wrong. A proper implementation needs to call read multiple times until all bytes are read:&lt;/p&gt;

&lt;div class="code panel" style="border-style: solid;border-width: 1px;"&gt;&lt;div class="codeHeader panelHeader" style="border-bottom-width: 1px;border-bottom-style: solid;"&gt;&lt;b&gt;TarArchiveInputStream.java&lt;/b&gt;&lt;/div&gt;&lt;div class="codeContent panelContent"&gt;
&lt;pre class="code-java"&gt;  &lt;span class="code-keyword"&gt;protected&lt;/span&gt; &lt;span class="code-object"&gt;byte&lt;/span&gt;[] readRecord() &lt;span class="code-keyword"&gt;throws&lt;/span&gt; IOException {
        &lt;span class="code-object"&gt;byte&lt;/span&gt;[] record = &lt;span class="code-keyword"&gt;new&lt;/span&gt; &lt;span class="code-object"&gt;byte&lt;/span&gt;[recordSize];

        &lt;span class="code-comment"&gt;// start change
&lt;/span&gt;        &lt;span class="code-comment"&gt;// &lt;span class="code-object"&gt;int&lt;/span&gt; readNow = is.read(buf);
&lt;/span&gt;        &lt;span class="code-object"&gt;int&lt;/span&gt; readNow = 0;
        &lt;span class="code-keyword"&gt;while&lt;/span&gt;(readNow &amp;lt; recordSize){
          &lt;span class="code-object"&gt;int&lt;/span&gt; bytesRead = is.read(record,0, recordSize - readNow);
          &lt;span class="code-keyword"&gt;if&lt;/span&gt;(bytesRead == -1) {
            &lt;span class="code-keyword"&gt;break&lt;/span&gt;;
          }
          readNow += bytesRead;
        }
        &lt;span class="code-comment"&gt;// end change
&lt;/span&gt;        count(readNow);
        &lt;span class="code-keyword"&gt;if&lt;/span&gt; (readNow != recordSize) {
            &lt;span class="code-keyword"&gt;return&lt;/span&gt; &lt;span class="code-keyword"&gt;null&lt;/span&gt;;
        }

        &lt;span class="code-keyword"&gt;return&lt;/span&gt; record;
    }
&lt;/pre&gt;
&lt;/div&gt;&lt;/div&gt;</description>
                <environment />
        <key id="12683825">COMPRESS-249</key>
            <summary>TarArchiveInputStream does not properly read from underlying InputStream</summary>
                <type id="1" iconUrl="https://issues.apache.org/jira/secure/viewavatar?size=xsmall&amp;avatarId=21133&amp;avatarType=issuetype">Bug</type>
                                            <priority id="2" iconUrl="https://issues.apache.org/jira/images/icons/priorities/critical.svg">Critical</priority>
                        <status id="6" iconUrl="https://issues.apache.org/jira/images/icons/statuses/closed.png" description="The issue is considered finished, the resolution is correct. Issues which are not closed can be reopened.">Closed</status>
                    <statusCategory id="3" key="done" colorName="green" />
                                    <resolution id="1">Fixed</resolution>
                                        <assignee username="-1">Unassigned</assignee>
                                    <reporter username="pavkovic">Ilja Pavkovic</reporter>
                        <labels>
                    </labels>
                <created>Tue, 10 Dec 2013 12:37:04 +0000</created>
                <updated>Tue, 10 Dec 2013 13:13:25 +0000</updated>
                            <resolved>Tue, 10 Dec 2013 12:39:01 +0000</resolved>
                                    <version>1.6</version>
                                    <fixVersion>1.7</fixVersion>
                                    <component>Archivers</component>
                        <due />
                            <votes>0</votes>
                                    <watches>2</watches>
                                                                <comments>
                            <comment id="13844236" author="bodewig" created="Tue, 10 Dec 2013 12:39:01 +0000">&lt;p&gt;already fixed in trunk&lt;/p&gt;</comment>
                            <comment id="13844238" author="pavkovic" created="Tue, 10 Dec 2013 12:40:38 +0000">&lt;p&gt;ah, didn't know that&lt;/p&gt;</comment>
                            <comment id="13844247" author="bodewig" created="Tue, 10 Dec 2013 12:49:15 +0000">&lt;p&gt;no problem, you may want to verify the fix, though.&lt;/p&gt;</comment>
                            <comment id="13844261" author="pavkovic" created="Tue, 10 Dec 2013 13:13:25 +0000">&lt;p&gt;seen the commit, change is ok &lt;img class="emoticon" src="https://issues.apache.org/jira/images/icons/emoticons/smile.png" height="16" width="16" align="absmiddle" alt="" border="0"/&gt;&lt;/p&gt;</comment>
                    </comments>
                <issuelinks>
                            <issuelinktype id="12310000">
                    <name>Duplicate</name>
                                            <outwardlinks description="duplicates">
                                        <issuelink>
            <issuekey id="12682878">COMPRESS-245</issuekey>
        </issuelink>
                            </outwardlinks>
                                                        </issuelinktype>
                            <issuelinktype id="12310050">
                    <name>Regression</name>
                                                                <inwardlinks description="is broken by">
                                        <issuelink>
            <issuekey id="12656998">COMPRESS-234</issuekey>
        </issuelink>
                            </inwardlinks>
                                    </issuelinktype>
                    </issuelinks>
                <attachments>
                    </attachments>
                <subtasks>
                    </subtasks>
                <customfields>
                                                                                                                                                                                                                                                                                                                                                                                                                                                                                                                                                                                                                                                                                                                    <customfield id="customfield_12314020" key="com.atlassian.jira.plugins.jira-development-integration-plugin:devsummary">
                        <customfieldname>Development</customfieldname>
                        <customfieldvalues>
                            
                        </customfieldvalues>
                    </customfield>
                                                                                                                        <customfield id="customfield_12313422" key="com.atlassian.jirafisheyeplugin:jobcheckbox">
                        <customfieldname>Enable Automatic Patch Review</customfieldname>
                        <customfieldvalues>
                            <customfieldvalue>false</customfieldvalue>

                        </customfieldvalues>
                    </customfield>
                                                                                                                                                                                                                                                                                                                                                                                                                                                                                                                                                                                                                                                <customfield id="customfield_12310420" key="com.pyxis.greenhopper.jira:gh-global-rank">
                        <customfieldname>Global Rank</customfieldname>
                        <customfieldvalues>
                            <customfieldvalue>362897</customfieldvalue>
                        </customfieldvalues>
                    </customfield>
                                                                                                                                                                                                                                                                                                                                                                                                                                                                        <customfield id="customfield_12311820" key="com.pyxis.greenhopper.jira:gh-lexo-rank">
                        <customfieldname>Rank</customfieldname>
                        <customfieldvalues>
                            <customfieldvalue>0|i1qjzr:</customfieldvalue>

                        </customfieldvalues>
                    </customfield>
                                                                <customfield id="customfield_12310920" key="com.pyxis.greenhopper.jira:gh-global-rank">
                        <customfieldname>Rank (Obsolete)</customfieldname>
                        <customfieldvalues>
                            <customfieldvalue>363203</customfieldvalue>
                        </customfieldvalues>
                    </customfield>
                                                                                                                                                                                                                                                                                                                                                                                                                                                                                                                                                                                                                                                                                                                                                                                            </customfields>
    </item>


</channel>
</rss>