<rss version="0.92">
    <channel>
        <title>ASF JIRA</title>
        <link>https://issues.apache.org/jira/issues/?jql=project+%3D+COMPRESS+and+type+%3D+bug+and+%28status+%3D+RESOLVED+or+status+%3D+closed%29+and+resolution+%3D+Fixed+and+fixVersion+%21%3D+None++and+affectedVersion+%21%3D+None++and+affectedVersion+%21%3D+%22Nightly+Build%22</link>
        <description>An XML representation of a search request</description>
                <language>en-uk</language>
                        <issue start="0" end="188" total="188" />
                <build-info>
            <version>8.20.1</version>
            <build-number>820001</build-number>
            <build-date>28-10-2021</build-date>
        </build-info>

<item>
            <title>[COMPRESS-519] Decompression fails with IllegalArgumentException: fromIndex(50) &gt; toIndex(49)</title>
                <link>https://issues.apache.org/jira/browse/COMPRESS-519</link>
                <project id="12310904" key="COMPRESS">Commons Compress</project>
                    <description>&lt;p&gt;This Kotlin code fails with exception&lt;br/&gt;
Exception in thread "main" java.lang.IllegalArgumentException: fromIndex(50) &amp;gt; toIndex(49)&lt;br/&gt;
	at java.base/java.util.Arrays.rangeCheck(Arrays.java:116)&lt;br/&gt;
	at java.base/java.util.Arrays.fill(Arrays.java:3516)&lt;br/&gt;
	at org.apache.commons.compress.compressors.bzip2.BZip2CompressorInputStream.getAndMoveToFrontDecode(BZip2CompressorInputStream.java:670)&lt;br/&gt;
	at org.apache.commons.compress.compressors.bzip2.BZip2CompressorInputStream.initBlock(BZip2CompressorInputStream.java:332)&lt;br/&gt;
	at org.apache.commons.compress.compressors.bzip2.BZip2CompressorInputStream.&amp;lt;init&amp;gt;(BZip2CompressorInputStream.java:136)&lt;br/&gt;
	at org.apache.commons.compress.compressors.bzip2.BZip2CompressorInputStream.&amp;lt;init&amp;gt;(BZip2CompressorInputStream.java:113)&lt;br/&gt;
	at org.apache.commons.compress.archivers.zip.ZipArchiveInputStream.getNextZipEntry(ZipArchiveInputStream.java:368)&lt;br/&gt;
	at org.apache.commons.compress.archivers.zip.ZipArchiveInputStream.getNextEntry(ZipArchiveInputStream.java:435)&lt;br/&gt;
	at ru.example.kotlinfuzzer.tests.CompressTestKt.main(CompressTest.kt:93)&lt;br/&gt;
	at ru.example.kotlinfuzzer.tests.CompressTestKt.main(CompressTest.kt)&lt;/p&gt;

&lt;div class="code panel" style="border-width: 1px;"&gt;&lt;div class="codeContent panelContent"&gt;
&lt;pre class="code-java"&gt;
&lt;span class="code-keyword"&gt;import&lt;/span&gt; org.apache.commons.compress.archivers.ArchiveStreamFactory
&lt;span class="code-keyword"&gt;import&lt;/span&gt; java.io.ByteArrayInputStream

fun main() {
    val bytes = listOf(
        0x50, 0x4b, 0x03, 0x04, 0x2e, 0x00, 0x00, 0x00, 0x0c, 0x00,
        0x84, 0xb6, 0xba, 0x46, 0x72, 0xb6, 0xfe, 0x77, 0x63, 0x00,
        0x00, 0x00, 0x6b, 0x00, 0x00, 0x00, 0x03, 0x00, 0x1c, 0x00,
        0x62, 0x62, 0x62, 0x55, 0x54, 0x09, 0x00, 0x03, 0xe7, 0xce,
        0x64, 0x55, 0xf3, 0xce, 0x64, 0x55, 0x75, 0x78, 0x0b, 0x00,
        0x01, 0x04, 0x5c, 0xf9, 0x01, 0x00, 0x04, 0x88, 0x13, 0x00,
        0x00, 0x42, 0x5a, 0x68, 0x34, 0x31, 0x41, 0x59, 0x26, 0x53,
        0x59, 0x62, 0xe4, 0x4f, 0x51, 0x80, 0x00, 0x0d, 0xd1, 0x80,
        0x00, 0x10, 0x40, 0x00, 0x35, 0xf9, 0x8b, 0x00, 0x20, 0x00,
        0x48, 0x89, 0xfa, 0x94, 0xf2, 0x9e, 0x29, 0xe8, 0xd2, 0x00,
        0x00, 0x22, 0x00, 0x00, 0x00, 0x50, 0x4b, 0x03, 0x04, 0x14,
        0x00, 0x08, 0x00, 0x08, 0x00, 0x00, 0x00, 0x00
    ).map { it.toByte() }.toByteArray()

    val input = ByteArrayInputStream(bytes)
    ArchiveStreamFactory().createArchiveInputStream(&lt;span class="code-quote"&gt;"zip"&lt;/span&gt;, input).use { ais -&amp;gt;
        ais.nextEntry
        ais.readAllBytes()
    }
}
&lt;/pre&gt;
&lt;/div&gt;&lt;/div&gt;

&lt;p&gt;IOException expected.&lt;/p&gt;</description>
                <environment />
        <key id="13305684">COMPRESS-519</key>
            <summary>Decompression fails with IllegalArgumentException: fromIndex(50) &gt; toIndex(49)</summary>
                <type id="1" iconUrl="https://issues.apache.org/jira/secure/viewavatar?size=xsmall&amp;avatarId=21133&amp;avatarType=issuetype">Bug</type>
                                            <priority id="3" iconUrl="https://issues.apache.org/jira/images/icons/priorities/major.svg">Major</priority>
                        <status id="5" iconUrl="https://issues.apache.org/jira/images/icons/statuses/resolved.png" description="A resolution has been taken, and it is awaiting verification by reporter. From here issues are either reopened, or are closed.">Resolved</status>
                    <statusCategory id="3" key="done" colorName="green" />
                                    <resolution id="1">Fixed</resolution>
                                        <assignee username="-1">Unassigned</assignee>
                                    <reporter username="zuevmaxim">Maksim Zuev</reporter>
                        <labels>
                    </labels>
                <created>Mon, 18 May 2020 14:07:04 +0000</created>
                <updated>Sat, 23 May 2020 21:18:09 +0000</updated>
                            <resolved>Sat, 23 May 2020 21:18:09 +0000</resolved>
                                    <version>1.20</version>
                                    <fixVersion>1.21</fixVersion>
                                        <due />
                            <votes>0</votes>
                                    <watches>1</watches>
                                                                <comments>
                            <comment id="17114945" author="bodewig" created="Sat, 23 May 2020 21:18:09 +0000">&lt;p&gt;fixed with commit ea37bc16&lt;/p&gt;</comment>
                    </comments>
                    <attachments>
                    </attachments>
                <subtasks>
                    </subtasks>
                <customfields>
                                                                                                                                                                                                                                                                                                                                                                                                                                                                                                                                                                                                                                                                                                                    <customfield id="customfield_12314020" key="com.atlassian.jira.plugins.jira-development-integration-plugin:devsummary">
                        <customfieldname>Development</customfieldname>
                        <customfieldvalues>
                            
                        </customfieldvalues>
                    </customfield>
                                                                                                                        <customfield id="customfield_12313422" key="com.atlassian.jirafisheyeplugin:jobcheckbox">
                        <customfieldname>Enable Automatic Patch Review</customfieldname>
                        <customfieldvalues>
                            <customfieldvalue>false</customfieldvalue>

                        </customfieldvalues>
                    </customfield>
                                                                                                                                                                                                                                                                                                                                                                                                                                                                                                                                                                                                                                                <customfield id="customfield_12310420" key="com.pyxis.greenhopper.jira:gh-global-rank">
                        <customfieldname>Global Rank</customfieldname>
                        <customfieldvalues>
                            <customfieldvalue>9223372036854775807</customfieldvalue>
                        </customfieldvalues>
                    </customfield>
                                                                                                                                                                                                                                                                                                                                                                                                                                                                        <customfield id="customfield_12311820" key="com.pyxis.greenhopper.jira:gh-lexo-rank">
                        <customfieldname>Rank</customfieldname>
                        <customfieldvalues>
                            <customfieldvalue>0|z0ev7c:</customfieldvalue>

                        </customfieldvalues>
                    </customfield>
                                                                <customfield id="customfield_12310920" key="com.pyxis.greenhopper.jira:gh-global-rank">
                        <customfieldname>Rank (Obsolete)</customfieldname>
                        <customfieldvalues>
                            <customfieldvalue>9223372036854775807</customfieldvalue>
                        </customfieldvalues>
                    </customfield>
                                                                                                                                                                                                                                                                                                                                                                                                                                                                                                                                                                                                                                                                                                                                                                                            </customfields>
    </item>


</channel>
</rss>