<rss version="0.92">
    <channel>
        <title>ASF JIRA</title>
        <link>https://issues.apache.org/jira/issues/?jql=project+%3D+COMPRESS+and+type+%3D+bug+and+%28status+%3D+RESOLVED+or+status+%3D+closed%29+and+resolution+%3D+Fixed+and+fixVersion+%21%3D+None++and+affectedVersion+%21%3D+None++and+affectedVersion+%21%3D+%22Nightly+Build%22</link>
        <description>An XML representation of a search request</description>
                <language>en-uk</language>
                        <issue start="0" end="188" total="188" />
                <build-info>
            <version>8.20.1</version>
            <build-number>820001</build-number>
            <build-date>28-10-2021</build-date>
        </build-info>

<item>
            <title>[COMPRESS-82] cpio is terribly slow</title>
                <link>https://issues.apache.org/jira/browse/COMPRESS-82</link>
                <project id="12310904" key="COMPRESS">Commons Compress</project>
                    <description>&lt;p&gt;I have a directory with 20 jar files in it to be placed into a cpio archive.  This seems VERY slow (about 3 minutes).  It is almost immediate with the linux cpio command (of course its non-java).  is there any way to improve speed for the cpio archiving?&lt;/p&gt;</description>
                <environment>&lt;p&gt;linux java6&lt;/p&gt;</environment>
        <key id="12431458">COMPRESS-82</key>
            <summary>cpio is terribly slow</summary>
                <type id="1" iconUrl="https://issues.apache.org/jira/secure/viewavatar?size=xsmall&amp;avatarId=21133&amp;avatarType=issuetype">Bug</type>
                                            <priority id="3" iconUrl="https://issues.apache.org/jira/images/icons/priorities/major.svg">Major</priority>
                        <status id="5" iconUrl="https://issues.apache.org/jira/images/icons/statuses/resolved.png" description="A resolution has been taken, and it is awaiting verification by reporter. From here issues are either reopened, or are closed.">Resolved</status>
                    <statusCategory id="3" key="done" colorName="green" />
                                    <resolution id="1">Fixed</resolution>
                                        <assignee username="-1">Unassigned</assignee>
                                    <reporter username="deckrider">deckrider</reporter>
                        <labels>
                    </labels>
                <created>Sun, 26 Jul 2009 13:57:15 +0000</created>
                <updated>Fri, 12 Feb 2010 14:33:28 +0000</updated>
                            <resolved>Fri, 12 Feb 2010 14:33:28 +0000</resolved>
                                    <version>1.0</version>
                                    <fixVersion>1.1</fixVersion>
                                        <due />
                            <votes>0</votes>
                                    <watches>1</watches>
                                                                <comments>
                            <comment id="12736068" author="deckrider" created="Tue, 28 Jul 2009 13:50:18 +0000">&lt;p&gt;It seems that the attached patch fixes the speed issue.&lt;/p&gt;

&lt;p&gt;I'm not familiar with java.io that much.  I thought just switching to java.io.BufferedOutputStream would be sufficient, but I had to use flush() or it broke things.&lt;/p&gt;

&lt;p&gt;Hopefully someone more experienced can translate this patch to a more correct way of handling the issue.&lt;/p&gt;</comment>
                            <comment id="12736241" author="ebourg" created="Tue, 28 Jul 2009 19:38:58 +0000">&lt;p&gt;There is probably the same issue with the other archive output streams.&lt;/p&gt;

&lt;p&gt;I don't know if it's best to change the code in CpioArchiveOutputStream, or tell the user to initialize the CpioArchiveOutputStream with a buffered stream. If the code is changed and the user initialize the class with a buffered stream, there would be 2 buffered stream encapsulated.&lt;/p&gt;</comment>
                            <comment id="12736271" author="deckrider" created="Tue, 28 Jul 2009 20:36:12 +0000">&lt;p&gt;Thanks for the clue, your suggestion works perfectly!&lt;/p&gt;

&lt;p&gt;I'm happy to continue that way and make this simply a request that the hint be included in the docs/examples. &lt;/p&gt;</comment>
                            <comment id="12833011" author="bodewig" created="Fri, 12 Feb 2010 14:33:28 +0000">&lt;p&gt;Documentation enhanced with svn revision 909426&lt;/p&gt;</comment>
                    </comments>
                    <attachments>
                            <attachment id="12414741" name="cpio-speed-patch.txt" size="2724" author="deckrider" created="Tue, 28 Jul 2009 13:50:18 +0000" />
                    </attachments>
                <subtasks>
                    </subtasks>
                <customfields>
                                                                                                                                                                                                                                                                                                                                                                                                                                                                                                                                                                                                                                                                                                                    <customfield id="customfield_12314020" key="com.atlassian.jira.plugins.jira-development-integration-plugin:devsummary">
                        <customfieldname>Development</customfieldname>
                        <customfieldvalues>
                            
                        </customfieldvalues>
                    </customfield>
                                                                                                                        <customfield id="customfield_12313422" key="com.atlassian.jirafisheyeplugin:jobcheckbox">
                        <customfieldname>Enable Automatic Patch Review</customfieldname>
                        <customfieldvalues>
                            <customfieldvalue>false</customfieldvalue>

                        </customfieldvalues>
                    </customfield>
                                                                                                                                                                                                                                                                                                                                                                                                                                                                                                                                                                                                                                                <customfield id="customfield_12310420" key="com.pyxis.greenhopper.jira:gh-global-rank">
                        <customfieldname>Global Rank</customfieldname>
                        <customfieldvalues>
                            <customfieldvalue>110591</customfieldvalue>
                        </customfieldvalues>
                    </customfield>
                                                                                                                                                                                                                                                                                                                                                                                                                                                                        <customfield id="customfield_12311820" key="com.pyxis.greenhopper.jira:gh-lexo-rank">
                        <customfieldname>Rank</customfieldname>
                        <customfieldvalues>
                            <customfieldvalue>0|i0b4l3:</customfieldvalue>

                        </customfieldvalues>
                    </customfield>
                                                                <customfield id="customfield_12310920" key="com.pyxis.greenhopper.jira:gh-global-rank">
                        <customfieldname>Rank (Obsolete)</customfieldname>
                        <customfieldvalues>
                            <customfieldvalue>62855</customfieldvalue>
                        </customfieldvalues>
                    </customfield>
                                                                                                                                                                                                                                                                                                                                                                                                                                                                                                                                                                                                                                                                                                                                                                                            </customfields>
    </item>


</channel>
</rss>