<rss version="0.92">
    <channel>
        <title>ASF JIRA</title>
        <link>https://issues.apache.org/jira/issues/?jql=project+%3D+COMPRESS+and+type+%3D+bug+and+%28status+%3D+RESOLVED+or+status+%3D+closed%29+and+resolution+%3D+Fixed+and+fixVersion+%21%3D+None++and+affectedVersion+%21%3D+None++and+affectedVersion+%21%3D+%22Nightly+Build%22</link>
        <description>An XML representation of a search request</description>
                <language>en-uk</language>
                        <issue start="0" end="188" total="188" />
                <build-info>
            <version>8.20.1</version>
            <build-number>820001</build-number>
            <build-date>28-10-2021</build-date>
        </build-info>

<item>
            <title>[COMPRESS-314] TarArchiveInputStream rejects uid or gid &gt;= 0x80000000</title>
                <link>https://issues.apache.org/jira/browse/COMPRESS-314</link>
                <project id="12310904" key="COMPRESS">Commons Compress</project>
                    <description>&lt;p&gt;A POSIX-format archive that came from sysdiagnose produces NumberFormatException&lt;span class="error"&gt;&amp;#91;1&amp;#93;&lt;/span&gt; when I try to read it with TarArchiveInputStream.&lt;/p&gt;

&lt;p&gt;The relevant part of the .tar file looks like this:&lt;/p&gt;

&lt;p&gt;   18 uid=429496729&lt;/p&gt;

&lt;p&gt;That's the uid of 'nobody' on Mac OS (on Mac OS, uid_t is 'unsigned int').&lt;/p&gt;

&lt;p&gt;POSIX doesn't say anything about the width of the uid extended header&lt;span class="error"&gt;&amp;#91;2&amp;#93;&lt;/span&gt;, so I assume the tar file is okay. GNU tar doesn't have trouble with it.&lt;/p&gt;

&lt;p&gt;The relevant code, in applyPaxHeadersToCurrentEntry:&lt;/p&gt;

&lt;p&gt;            } else if ("gid".equals(key))&lt;/p&gt;
{
                currEntry.setGroupId(Integer.parseInt(val));
...
            }
&lt;p&gt; else if ("uid".equals(key)){&lt;br/&gt;
                currEntry.setUserId(Integer.parseInt(val));&lt;/p&gt;

&lt;p&gt;uid_t and gid_t are typically unsigned 32-bit integers, so these should presumably use Long.parseLong to handle integers with the top bit set (and TarArchiveEntry would need some modifications to handle large uid and gid, too).&lt;/p&gt;

&lt;p&gt;&lt;span class="error"&gt;&amp;#91;1&amp;#93;&lt;/span&gt; java.lang.NumberFormatException: For input string: "4294967294"&lt;br/&gt;
        at java.lang.NumberFormatException.forInputString(NumberFormatException.java:65)&lt;br/&gt;
        at java.lang.Integer.parseInt(Integer.java:495)&lt;br/&gt;
        at java.lang.Integer.parseInt(Integer.java:527)&lt;br/&gt;
        at org.apache.commons.compress.archivers.tar.TarArchiveInputStream.applyPaxHeadersToCurrentEntry(TarArchiveInputStream.java:488)&lt;br/&gt;
        at org.apache.commons.compress.archivers.tar.TarArchiveInputStream.paxHeaders(TarArchiveInputStream.java:415)&lt;br/&gt;
        at org.apache.commons.compress.archivers.tar.TarArchiveInputStream.getNextTarEntry(TarArchiveInputStream.java:295)&lt;/p&gt;

&lt;p&gt;&lt;span class="error"&gt;&amp;#91;2&amp;#93;&lt;/span&gt; &lt;a href="http://pubs.opengroup.org/onlinepubs/9699919799/utilities/pax.html#tag_20_92_13_03" class="external-link" target="_blank" rel="nofollow noopener"&gt;http://pubs.opengroup.org/onlinepubs/9699919799/utilities/pax.html#tag_20_92_13_03&lt;/a&gt;&lt;br/&gt;
uid&lt;br/&gt;
The user ID of the file owner, expressed as a decimal number using digits from the ISO/IEC 646:1991 standard. This record shall override the uid field in the following header block(s). When used in write or copy mode, pax shall include a uid extended header record for each file whose owner ID is greater than 2097151 (octal 7777777).&lt;/p&gt;</description>
                <environment />
        <key id="12827449">COMPRESS-314</key>
            <summary>TarArchiveInputStream rejects uid or gid &gt;= 0x80000000</summary>
                <type id="1" iconUrl="https://issues.apache.org/jira/secure/viewavatar?size=xsmall&amp;avatarId=21133&amp;avatarType=issuetype">Bug</type>
                                            <priority id="4" iconUrl="https://issues.apache.org/jira/images/icons/priorities/minor.svg">Minor</priority>
                        <status id="5" iconUrl="https://issues.apache.org/jira/images/icons/statuses/resolved.png" description="A resolution has been taken, and it is awaiting verification by reporter. From here issues are either reopened, or are closed.">Resolved</status>
                    <statusCategory id="3" key="done" colorName="green" />
                                    <resolution id="1">Fixed</resolution>
                                        <assignee username="-1">Unassigned</assignee>
                                    <reporter username="jrn">Jonathan Nieder</reporter>
                        <labels>
                    </labels>
                <created>Tue, 5 May 2015 22:15:21 +0000</created>
                <updated>Fri, 8 May 2015 19:12:10 +0000</updated>
                            <resolved>Fri, 8 May 2015 19:12:10 +0000</resolved>
                                    <version>1.9</version>
                                    <fixVersion>1.10</fixVersion>
                                    <component>Archivers</component>
                        <due />
                            <votes>0</votes>
                                    <watches>2</watches>
                                                                <comments>
                            <comment id="14529883" author="bodewig" created="Wed, 6 May 2015 04:23:26 +0000">&lt;p&gt;I'll create a separate issue for the ability to write entries with group ids &amp;gt; 07777777 and fix that first so I can create a unit test for this one &lt;img class="emoticon" src="https://issues.apache.org/jira/images/icons/emoticons/smile.png" height="16" width="16" align="absmiddle" alt="" border="0"/&gt;&lt;/p&gt;</comment>
                            <comment id="14535299" author="bodewig" created="Fri, 8 May 2015 19:12:10 +0000">&lt;p&gt;fixed with svn revision 1678430&lt;/p&gt;</comment>
                    </comments>
                <issuelinks>
                            <issuelinktype id="10030">
                    <name>Reference</name>
                                            <outwardlinks description="relates to">
                                        <issuelink>
            <issuekey id="12827539">COMPRESS-315</issuekey>
        </issuelink>
                            </outwardlinks>
                                                        </issuelinktype>
                    </issuelinks>
                <attachments>
                    </attachments>
                <subtasks>
                    </subtasks>
                <customfields>
                                                                                                                                                                                                                                                                                                                                                                                                                                                                                                                                                                                                                                                                                                                    <customfield id="customfield_12314020" key="com.atlassian.jira.plugins.jira-development-integration-plugin:devsummary">
                        <customfieldname>Development</customfieldname>
                        <customfieldvalues>
                            
                        </customfieldvalues>
                    </customfield>
                                                                                                                        <customfield id="customfield_12313422" key="com.atlassian.jirafisheyeplugin:jobcheckbox">
                        <customfieldname>Enable Automatic Patch Review</customfieldname>
                        <customfieldvalues>
                            <customfieldvalue>false</customfieldvalue>

                        </customfieldvalues>
                    </customfield>
                                                                                                                                                                                                                                                                                                                                                                                                                                                                                                                                                                                                                                                <customfield id="customfield_12310420" key="com.pyxis.greenhopper.jira:gh-global-rank">
                        <customfieldname>Global Rank</customfieldname>
                        <customfieldvalues>
                            <customfieldvalue>9223372036854775807</customfieldvalue>
                        </customfieldvalues>
                    </customfield>
                                                                                                                                                                                                                                                                                                                                                                                                                                                                        <customfield id="customfield_12311820" key="com.pyxis.greenhopper.jira:gh-lexo-rank">
                        <customfieldname>Rank</customfieldname>
                        <customfieldvalues>
                            <customfieldvalue>0|i2ebu7:</customfieldvalue>

                        </customfieldvalues>
                    </customfield>
                                                                <customfield id="customfield_12310920" key="com.pyxis.greenhopper.jira:gh-global-rank">
                        <customfieldname>Rank (Obsolete)</customfieldname>
                        <customfieldvalues>
                            <customfieldvalue>9223372036854775807</customfieldvalue>
                        </customfieldvalues>
                    </customfield>
                                                                                                                                                                                                                                                                                                                                                                                                                                                                                                                                                                                                                                                                                                                                                                                            </customfields>
    </item>


</channel>
</rss>