<rss version="0.92">
    <channel>
        <title>ASF JIRA</title>
        <link>https://issues.apache.org/jira/issues/?jql=project+%3D+COMPRESS+and+type+%3D+bug+and+%28status+%3D+RESOLVED+or+status+%3D+closed%29+and+resolution+%3D+Fixed+and+fixVersion+%21%3D+None++and+affectedVersion+%21%3D+None++and+affectedVersion+%21%3D+%22Nightly+Build%22</link>
        <description>An XML representation of a search request</description>
                <language>en-uk</language>
                        <issue start="0" end="188" total="188" />
                <build-info>
            <version>8.20.1</version>
            <build-number>820001</build-number>
            <build-date>28-10-2021</build-date>
        </build-info>

<item>
            <title>[COMPRESS-177] TarArchiveInputStream rejects valid TAR file</title>
                <link>https://issues.apache.org/jira/browse/COMPRESS-177</link>
                <project id="12310904" key="COMPRESS">Commons Compress</project>
                    <description>&lt;p&gt;Issue originally reported at &lt;a href="http://java.net/jira/browse/TRUEZIP-219" class="external-link" target="_blank" rel="nofollow noopener"&gt;http://java.net/jira/browse/TRUEZIP-219&lt;/a&gt;&lt;/p&gt;

&lt;ol&gt;
	&lt;li&gt;Download &lt;a href="http://sourceforge.net/projects/boost/files/boost/1.48.0/boost_1_48_0.tar.gz?use_mirror=autoselect" class="external-link" target="_blank" rel="nofollow noopener"&gt;http://sourceforge.net/projects/boost/files/boost/1.48.0/boost_1_48_0.tar.gz?use_mirror=autoselect&lt;/a&gt;&lt;/li&gt;
	&lt;li&gt;I invoke Files.newDirectoryStream() on a TPath pointing to the resulting .tar.gz file&lt;/li&gt;
	&lt;li&gt;The following exception is thrown:&lt;/li&gt;
&lt;/ol&gt;


&lt;div class="code panel" style="border-width: 1px;"&gt;&lt;div class="codeContent panelContent"&gt;
&lt;pre class="code-java"&gt;java.lang.IllegalArgumentException: Invalid &lt;span class="code-object"&gt;byte&lt;/span&gt; -1 at offset 7 in &lt;span class="code-quote"&gt;'&amp;lt;some bytes&amp;gt;'&lt;/span&gt; len=8
	at org.apache.commons.compress.archivers.tar.TarUtils.parseOctal(TarUtils.java:86)
	at org.apache.commons.compress.archivers.tar.TarArchiveEntry.parseTarHeader(TarArchiveEntry.java:790)
	at org.apache.commons.compress.archivers.tar.TarArchiveEntry.&amp;lt;init&amp;gt;(TarArchiveEntry.java:308)
	at org.apache.commons.compress.archivers.tar.TarArchiveInputStream.getNextTarEntry(TarArchiveInputStream.java:198)
	at org.apache.commons.compress.archivers.tar.TarArchiveInputStream.getNextEntry(TarArchiveInputStream.java:380)
	at de.schlichtherle.truezip.fs.archive.tar.TarInputShop.&amp;lt;init&amp;gt;(TarInputShop.java:91)
	at de.schlichtherle.truezip.fs.archive.tar.TarDriver.newTarInputShop(TarDriver.java:159)
	at de.schlichtherle.truezip.fs.archive.tar.TarGZipDriver.newTarInputShop(TarGZipDriver.java:82)
	at de.schlichtherle.truezip.fs.archive.tar.TarDriver.newInputShop(TarDriver.java:151)
	at de.schlichtherle.truezip.fs.archive.tar.TarDriver.newInputShop(TarDriver.java:47)
	at de.schlichtherle.truezip.fs.archive.FsDefaultArchiveController.mount(FsDefaultArchiveController.java:170)
	at de.schlichtherle.truezip.fs.archive.FsFileSystemArchiveController$ResetFileSystem.autoMount(FsFileSystemArchiveController.java:98)
	at de.schlichtherle.truezip.fs.archive.FsFileSystemArchiveController.autoMount(FsFileSystemArchiveController.java:47)
	at de.schlichtherle.truezip.fs.archive.FsArchiveController.autoMount(FsArchiveController.java:129)
	at de.schlichtherle.truezip.fs.archive.FsArchiveController.getEntry(FsArchiveController.java:160)
	at de.schlichtherle.truezip.fs.archive.FsContextController.getEntry(FsContextController.java:117)
	at de.schlichtherle.truezip.fs.FsDecoratingController.getEntry(FsDecoratingController.java:76)
	at de.schlichtherle.truezip.fs.FsDecoratingController.getEntry(FsDecoratingController.java:76)
	at de.schlichtherle.truezip.fs.FsConcurrentController.getEntry(FsConcurrentController.java:164)
	at de.schlichtherle.truezip.fs.FsSyncController.getEntry(FsSyncController.java:108)
	at de.schlichtherle.truezip.fs.FsFederatingController.getEntry(FsFederatingController.java:156)
	at de.schlichtherle.truezip.nio.file.TFileSystem.newDirectoryStream(TFileSystem.java:348)
	at de.schlichtherle.truezip.nio.file.TPath.newDirectoryStream(TPath.java:963)
	at de.schlichtherle.truezip.nio.file.TFileSystemProvider.newDirectoryStream(TFileSystemProvider.java:344)
	at java.nio.file.Files.newDirectoryStream(Files.java:400)
	at com.googlecode.boostmavenproject.GetSourcesMojo.convertToJar(GetSourcesMojo.java:248)
	at com.googlecode.boostmavenproject.GetSourcesMojo.download(GetSourcesMojo.java:221)
	at com.googlecode.boostmavenproject.GetSourcesMojo.execute(GetSourcesMojo.java:111)
	at org.apache.maven.plugin.DefaultBuildPluginManager.executeMojo(DefaultBuildPluginManager.java:101)
	... 20 more
&lt;/pre&gt;
&lt;/div&gt;&lt;/div&gt;

&lt;p&gt;Christian Schlichtherle (the TrueZip author) is expecting the Commons Compress to throw IOException instead of IllegalArgumentException. I am expecting no exception to be thrown because as far as I can tell the TAR file is valid (opens up in WinRar and Ubuntu's built-in Archiver).&lt;/p&gt;</description>
                <environment />
        <key id="12543365">COMPRESS-177</key>
            <summary>TarArchiveInputStream rejects valid TAR file</summary>
                <type id="1" iconUrl="https://issues.apache.org/jira/secure/viewavatar?size=xsmall&amp;avatarId=21133&amp;avatarType=issuetype">Bug</type>
                                            <priority id="3" iconUrl="https://issues.apache.org/jira/images/icons/priorities/major.svg">Major</priority>
                        <status id="5" iconUrl="https://issues.apache.org/jira/images/icons/statuses/resolved.png" description="A resolution has been taken, and it is awaiting verification by reporter. From here issues are either reopened, or are closed.">Resolved</status>
                    <statusCategory id="3" key="done" colorName="green" />
                                    <resolution id="1">Fixed</resolution>
                                        <assignee username="-1">Unassigned</assignee>
                                    <reporter username="cowwoc">Gili</reporter>
                        <labels>
                    </labels>
                <created>Mon, 20 Feb 2012 16:12:50 +0000</created>
                <updated>Wed, 22 Feb 2012 23:52:13 +0000</updated>
                            <resolved>Wed, 22 Feb 2012 23:46:06 +0000</resolved>
                                    <version>1.3</version>
                                    <fixVersion>1.4</fixVersion>
                                    <component>Archivers</component>
                        <due />
                            <votes>0</votes>
                                    <watches>1</watches>
                                                                <comments>
                            <comment id="13211969" author="christians" created="Mon, 20 Feb 2012 16:49:28 +0000">&lt;p&gt;Well, not quite correct. If the archive file is indeed intact, then I expect NO exception upon the call to TarArchiveInputStream.getNextEntry().&lt;/p&gt;

&lt;p&gt;In case it would be corrupt, then I expect an IOException, just as documented in the Javadoc.&lt;/p&gt;

&lt;p&gt;Other than calling the TarArchiveInputStream, TrueZIP is not involved in this bug.&lt;/p&gt;</comment>
                            <comment id="13212607" author="sebb@apache.org" created="Tue, 21 Feb 2012 14:17:17 +0000">&lt;p&gt;The tar file appears to be corrupt.&lt;/p&gt;

&lt;p&gt;The file contains the following:&lt;/p&gt;

&lt;p&gt;00000060:00 00 00 00 30 30 30 30 37 35 35 00 30 30 30 31    ....0000755.0001&lt;br/&gt;
00000070:30 34 30 00 80 00 00 00 ff ff ff ff 30 30 30 30    040.&#8364;...&#255;&#255;&#255;&#255;0000&lt;br/&gt;
00000080:30 30 30 36 35 34 33 00 31 31 36 35 37 34 37 34    0006543.11657474&lt;br/&gt;
00000090:32 36 35 00 30 32 31 32 30 36 00 20 30 00 00       265.021206. 0.. &lt;/p&gt;

&lt;p&gt;Note the strange entry starting at offset 74 - this should be the groupId.&lt;/p&gt;

&lt;p&gt;There seem to be quite a few other entries with the same problem.&lt;/p&gt;

&lt;p&gt;The header entries are supposed to use ASCII for portability.&lt;/p&gt;</comment>
                            <comment id="13212622" author="christians" created="Tue, 21 Feb 2012 14:41:09 +0000">&lt;p&gt;I thought so. However, in this case the code should throw an IOException from TarInputStream.getArchiveEntry(), not an IllegalArgumentException. This comes completely unexpected and is misleading because it's not an illegal argument to this method, but an invalid file content.&lt;/p&gt;

&lt;p&gt;I an IOException were thrown as documented by the Javadoc, then the TrueZIP Kernel would have identified it as a false positive archive file, which it is.&lt;/p&gt;</comment>
                            <comment id="13212628" author="cowwoc" created="Tue, 21 Feb 2012 14:50:51 +0000">&lt;p&gt;Sebb,&lt;/p&gt;

&lt;p&gt;How do WinRar and Ubuntu Archiver handle this TAR file? They don't report any errors and extract it just fine...&lt;/p&gt;</comment>
                            <comment id="13212631" author="sebb@apache.org" created="Tue, 21 Feb 2012 14:53:45 +0000">&lt;p&gt;Looks like the archive might be using the Joerg Schilling STAR format &lt;span class="error"&gt;&amp;#91;1&amp;#93;&lt;/span&gt; for numeric fields:&lt;/p&gt;

&lt;p&gt;Star implements  a  vendor  specific  (and  thus  non-POSIX)&lt;br/&gt;
extension  to  put  bigger  numbers into the numeric fields.&lt;br/&gt;
This is done by using a base 256 coding.  The top bit of the&lt;br/&gt;
first character in the appropriate 8 character or 12 charac-&lt;br/&gt;
ter field is set to flag non octal coding.&lt;/p&gt;

&lt;p&gt;The value certainly makes sense in that context.&lt;/p&gt;

&lt;p&gt;As to the exception that is thrown, IAE makes sense in the context of the TarUtils.parseOctal() method.&lt;br/&gt;
Maybe that should be converted to IOE by one of the higher level methods.&lt;/p&gt;

&lt;p&gt;&lt;span class="error"&gt;&amp;#91;1&amp;#93;&lt;/span&gt; &lt;a href="http://cdrecord.berlios.de/private/man/star/star.4.html" class="external-link" target="_blank" rel="nofollow noopener"&gt;http://cdrecord.berlios.de/private/man/star/star.4.html&lt;/a&gt;&lt;/p&gt;</comment>
                            <comment id="13212633" author="christians" created="Tue, 21 Feb 2012 14:58:12 +0000">&lt;p&gt;Yes, please wrap it in an IOE because in the context of TarInputStream.getArchiveEntry() it's not an illegal argument, but an invalid file content, which is a side effect.&lt;/p&gt;

&lt;p&gt;In comparison, java.util.zip uses ZipException, which extends IOException, to flag invalid file contents.&lt;/p&gt;</comment>
                            <comment id="13212637" author="sebb@apache.org" created="Tue, 21 Feb 2012 15:03:51 +0000">&lt;p&gt;Please raise a separate JIRA issue for changing the exception type.&lt;/p&gt;</comment>
                            <comment id="13212657" author="cowwoc" created="Tue, 21 Feb 2012 15:28:15 +0000">&lt;p&gt;I filed a separate issue for the wrong exception type being thrown: &lt;a href="https://issues.apache.org/jira/browse/COMPRESS-178" class="external-link" rel="nofollow"&gt;https://issues.apache.org/jira/browse/COMPRESS-178&lt;/a&gt;&lt;/p&gt;</comment>
                            <comment id="13213961" author="cowwoc" created="Wed, 22 Feb 2012 20:14:14 +0000">&lt;p&gt;Sebb,&lt;/p&gt;

&lt;p&gt;Can you schedule this bug for version 1.4?&lt;/p&gt;</comment>
                    </comments>
                <issuelinks>
                            <issuelinktype id="12310000">
                    <name>Duplicate</name>
                                            <outwardlinks description="duplicates">
                                        <issuelink>
            <issuekey id="12541935">COMPRESS-175</issuekey>
        </issuelink>
                            </outwardlinks>
                                                        </issuelinktype>
                            <issuelinktype id="10030">
                    <name>Reference</name>
                                                                <inwardlinks description="is related to">
                                        <issuelink>
            <issuekey id="12414499">COMPRESS-16</issuekey>
        </issuelink>
                            </inwardlinks>
                                    </issuelinktype>
                    </issuelinks>
                <attachments>
                    </attachments>
                <subtasks>
                    </subtasks>
                <customfields>
                                                                                                                                                                                                                                                                                                                                                                                                                                                                                                                                                                                                                                                                                                                    <customfield id="customfield_12314020" key="com.atlassian.jira.plugins.jira-development-integration-plugin:devsummary">
                        <customfieldname>Development</customfieldname>
                        <customfieldvalues>
                            
                        </customfieldvalues>
                    </customfield>
                                                                                                                        <customfield id="customfield_12313422" key="com.atlassian.jirafisheyeplugin:jobcheckbox">
                        <customfieldname>Enable Automatic Patch Review</customfieldname>
                        <customfieldvalues>
                            <customfieldvalue>false</customfieldvalue>

                        </customfieldvalues>
                    </customfield>
                                                                                                                                                                                                                                                                                                                                                                                                                                                                                                                                                                                                                                                <customfield id="customfield_12310420" key="com.pyxis.greenhopper.jira:gh-global-rank">
                        <customfieldname>Global Rank</customfieldname>
                        <customfieldvalues>
                            <customfieldvalue>228611</customfieldvalue>
                        </customfieldvalues>
                    </customfield>
                                                                                                                                                                                                                                                                                                                                                                                                                                                                        <customfield id="customfield_12311820" key="com.pyxis.greenhopper.jira:gh-lexo-rank">
                        <customfieldname>Rank</customfieldname>
                        <customfieldvalues>
                            <customfieldvalue>0|i0b4bb:</customfieldvalue>

                        </customfieldvalues>
                    </customfield>
                                                                <customfield id="customfield_12310920" key="com.pyxis.greenhopper.jira:gh-global-rank">
                        <customfieldname>Rank (Obsolete)</customfieldname>
                        <customfieldvalues>
                            <customfieldvalue>62811</customfieldvalue>
                        </customfieldvalues>
                    </customfield>
                                                                                                                                                                                                                                                                                                                                                                                                                                                                                                                                                                                                                                                                                                                                                                                            </customfields>
    </item>


</channel>
</rss>