<rss version="0.92">
    <channel>
        <title>ASF JIRA</title>
        <link>https://issues.apache.org/jira/issues/?jql=project+%3D+COMPRESS+and+type+%3D+bug+and+%28status+%3D+RESOLVED+or+status+%3D+closed%29+and+resolution+%3D+Fixed+and+fixVersion+%21%3D+None++and+affectedVersion+%21%3D+None++and+affectedVersion+%21%3D+%22Nightly+Build%22</link>
        <description>An XML representation of a search request</description>
                <language>en-uk</language>
                        <issue start="0" end="188" total="188" />
                <build-info>
            <version>8.20.1</version>
            <build-number>820001</build-number>
            <build-date>28-10-2021</build-date>
        </build-info>

<item>
            <title>[COMPRESS-302] Retore immutability/thread-safety to ArchiveStreamFactory</title>
                <link>https://issues.apache.org/jira/browse/COMPRESS-302</link>
                <project id="12310904" key="COMPRESS">Commons Compress</project>
                    <description>&lt;p&gt;&lt;a href="https://issues.apache.org/jira/browse/COMPRESS-180" title="new String(byte[]) conversions use default encoding" class="issue-link" data-issue-key="COMPRESS-180"&gt;&lt;del&gt;COMPRESS-180&lt;/del&gt;&lt;/a&gt; added support for encoding.&lt;br/&gt;
Unfortunately this was done in a way that broke immutability.&lt;br/&gt;
Also the factory is no longer thread-safe as the encoding field is not synch/volatile.&lt;/p&gt;

&lt;p&gt;Consider whether to restore immutability, e.g. by adding a constuctor which takes the encoding setting. The setEntryEncoding method could be deprecated intitially and eventually dropped.&lt;/p&gt;

&lt;p&gt;One way to support immutability now would be to add a second final encoding field which is set by a new ctor. See patch to follow.&lt;/p&gt;</description>
                <environment />
        <key id="12775226">COMPRESS-302</key>
            <summary>Retore immutability/thread-safety to ArchiveStreamFactory</summary>
                <type id="1" iconUrl="https://issues.apache.org/jira/secure/viewavatar?size=xsmall&amp;avatarId=21133&amp;avatarType=issuetype">Bug</type>
                                            <priority id="3" iconUrl="https://issues.apache.org/jira/images/icons/priorities/major.svg">Major</priority>
                        <status id="5" iconUrl="https://issues.apache.org/jira/images/icons/statuses/resolved.png" description="A resolution has been taken, and it is awaiting verification by reporter. From here issues are either reopened, or are closed.">Resolved</status>
                    <statusCategory id="3" key="done" colorName="green" />
                                    <resolution id="1">Fixed</resolution>
                                        <assignee username="-1">Unassigned</assignee>
                                    <reporter username="sebb">Sebb</reporter>
                        <labels>
                    </labels>
                <created>Sun, 15 Feb 2015 17:34:37 +0000</created>
                <updated>Sun, 15 Feb 2015 23:11:42 +0000</updated>
                            <resolved>Sun, 15 Feb 2015 23:11:42 +0000</resolved>
                                    <version>1.9</version>
                                    <fixVersion>1.10</fixVersion>
                                        <due />
                            <votes>0</votes>
                                    <watches>1</watches>
                                                                <comments>
                            <comment id="14322136" author="bodewig" created="Sun, 15 Feb 2015 18:44:19 +0000">&lt;p&gt;+1&lt;/p&gt;

&lt;p&gt;you may want to cache getEntryEncoding in a local variable, but that's picking nits.  And maybe add a hint about the new exception to setEntryEncoding's javadoc.&lt;/p&gt;</comment>
                            <comment id="14322234" author="sebb@apache.org" created="Sun, 15 Feb 2015 23:11:42 +0000">&lt;p&gt;Used a different method to minimise code changes - the original field is now set in the constructor.&lt;/p&gt;

&lt;p&gt;URL: &lt;a href="http://svn.apache.org/r1660005" class="external-link" target="_blank" rel="nofollow noopener"&gt;http://svn.apache.org/r1660005&lt;/a&gt;&lt;br/&gt;
Log:&lt;br/&gt;
&lt;a href="https://issues.apache.org/jira/browse/COMPRESS-302" title="Retore immutability/thread-safety to ArchiveStreamFactory" class="issue-link" data-issue-key="COMPRESS-302"&gt;&lt;del&gt;COMPRESS-302&lt;/del&gt;&lt;/a&gt; Restore immutability/thread-safety to ArchiveStreamFactory.&lt;/p&gt;

&lt;p&gt;Modified:&lt;br/&gt;
    commons/proper/compress/trunk/src/changes/changes.xml&lt;br/&gt;
    commons/proper/compress/trunk/src/main/java/org/apache/commons/compress/archivers/ArchiveStreamFactory.java&lt;/p&gt;</comment>
                    </comments>
                    <attachments>
                            <attachment id="12698997" name="COMPRESS-302.patch" size="6176" author="sebb" created="Sun, 15 Feb 2015 17:49:57 +0000" />
                    </attachments>
                <subtasks>
                    </subtasks>
                <customfields>
                                                                                                                                                                                                                                                                                                                                                                                                                                                                                                                                                                                                                                                                                                                    <customfield id="customfield_12314020" key="com.atlassian.jira.plugins.jira-development-integration-plugin:devsummary">
                        <customfieldname>Development</customfieldname>
                        <customfieldvalues>
                            
                        </customfieldvalues>
                    </customfield>
                                                                                                                        <customfield id="customfield_12313422" key="com.atlassian.jirafisheyeplugin:jobcheckbox">
                        <customfieldname>Enable Automatic Patch Review</customfieldname>
                        <customfieldvalues>
                            <customfieldvalue>false</customfieldvalue>

                        </customfieldvalues>
                    </customfield>
                                                                                                                                                                                                                                                                                                                                                                                                                                                                                                                                                                                                                                                <customfield id="customfield_12310420" key="com.pyxis.greenhopper.jira:gh-global-rank">
                        <customfieldname>Global Rank</customfieldname>
                        <customfieldvalues>
                            <customfieldvalue>9223372036854775807</customfieldvalue>
                        </customfieldvalues>
                    </customfield>
                                                                                                                                                                                                                                                                                                                                                                                                                                                                        <customfield id="customfield_12311820" key="com.pyxis.greenhopper.jira:gh-lexo-rank">
                        <customfieldname>Rank</customfieldname>
                        <customfieldvalues>
                            <customfieldvalue>0|i25nm7:</customfieldvalue>

                        </customfieldvalues>
                    </customfield>
                                                                <customfield id="customfield_12310920" key="com.pyxis.greenhopper.jira:gh-global-rank">
                        <customfieldname>Rank (Obsolete)</customfieldname>
                        <customfieldvalues>
                            <customfieldvalue>9223372036854775807</customfieldvalue>
                        </customfieldvalues>
                    </customfield>
                                                                                                                                                                                                                                                                                                                                                                                                                                                                                                                                                                                                                                                                                                                                                                                            </customfields>
    </item>


</channel>
</rss>