<rss version="0.92">
    <channel>
        <title>ASF JIRA</title>
        <link>https://issues.apache.org/jira/issues/?jql=project+%3D+COMPRESS+and+type+%3D+bug+and+%28status+%3D+RESOLVED+or+status+%3D+closed%29+and+resolution+%3D+Fixed+and+fixVersion+%21%3D+None++and+affectedVersion+%21%3D+None++and+affectedVersion+%21%3D+%22Nightly+Build%22</link>
        <description>An XML representation of a search request</description>
                <language>en-uk</language>
                        <issue start="0" end="188" total="188" />
                <build-info>
            <version>8.20.1</version>
            <build-number>820001</build-number>
            <build-date>28-10-2021</build-date>
        </build-info>

<item>
            <title>[COMPRESS-206] TarArchiveOutputStream sometimes writes garbage beyond the end of the archive</title>
                <link>https://issues.apache.org/jira/browse/COMPRESS-206</link>
                <project id="12310904" key="COMPRESS">Commons Compress</project>
                    <description>&lt;p&gt;For some combinations of file lengths, the archive created by TarArchiveOutputStream writes garbage beyond the end of the TAR stream. TarArchiveInputStream can still read the stream without problems, but it does not read beyond the garbage. This is problematic for my use case because I write a checksum &lt;em&gt;after&lt;/em&gt; the TAR content. If I then try to read the checksum back, I read garbage instead.&lt;/p&gt;

&lt;p&gt;Functional impact:&lt;/p&gt;
&lt;ul&gt;
	&lt;li&gt;TarArchiveInputStream is asymmetrical with respect to TarArchiveOutputStream, in the sense that TarArchiveInputStream does not read everything that was written by TarArchiveOutputStream.&lt;/li&gt;
	&lt;li&gt;The content is unnecessarily large. The garbage is totally unnecessarily large: ~10K overhead compared to Linux command-line tar.&lt;/li&gt;
&lt;/ul&gt;


&lt;p&gt;This symptom is remarkably similar to #&lt;a href="https://issues.apache.org/jira/browse/COMPRESS-81" title="TarOutputStream can leave garbage at the end of the archive" class="issue-link" data-issue-key="COMPRESS-81"&gt;&lt;del&gt;COMPRESS-81&lt;/del&gt;&lt;/a&gt;, which is supposedly fixed since 1.1. Except for the fact that this issue still exists... I've tested this with 1.0 and 1.4.1.&lt;/p&gt;</description>
                <environment>&lt;p&gt;Linux x86&lt;/p&gt;</environment>
        <key id="12613265">COMPRESS-206</key>
            <summary>TarArchiveOutputStream sometimes writes garbage beyond the end of the archive</summary>
                <type id="1" iconUrl="https://issues.apache.org/jira/secure/viewavatar?size=xsmall&amp;avatarId=21133&amp;avatarType=issuetype">Bug</type>
                                            <priority id="3" iconUrl="https://issues.apache.org/jira/images/icons/priorities/major.svg">Major</priority>
                        <status id="5" iconUrl="https://issues.apache.org/jira/images/icons/statuses/resolved.png" description="A resolution has been taken, and it is awaiting verification by reporter. From here issues are either reopened, or are closed.">Resolved</status>
                    <statusCategory id="3" key="done" colorName="green" />
                                    <resolution id="1">Fixed</resolution>
                                        <assignee username="-1">Unassigned</assignee>
                                    <reporter username="peterdm">Peter De Maeyer</reporter>
                        <labels>
                    </labels>
                <created>Wed, 24 Oct 2012 10:09:02 +0000</created>
                <updated>Sun, 20 Jan 2013 19:11:58 +0000</updated>
                            <resolved>Sun, 20 Jan 2013 19:11:58 +0000</resolved>
                                    <version>1.0</version>
                    <version>1.4.1</version>
                                    <fixVersion>1.5</fixVersion>
                                    <component>Compressors</component>
                        <due />
                            <votes>0</votes>
                                    <watches>3</watches>
                                                                <comments>
                            <comment id="13483113" author="peterdm" created="Wed, 24 Oct 2012 10:09:57 +0000">&lt;p&gt;Attached a stand-alone junit test illustrating the problem.&lt;/p&gt;</comment>
                            <comment id="13483185" author="peterdm" created="Wed, 24 Oct 2012 12:50:57 +0000">&lt;p&gt;I think the root cause is that TarArchiveInputStream stops reading the input stream once it hits the first EOF record. Any lingering records after that are left unconsumed. It would be best to consume these as well.&lt;/p&gt;

&lt;p&gt;In &lt;tt&gt;TarArchiveInputStream.getRecord()&lt;/tt&gt;, I suggest to replace&lt;/p&gt;

&lt;div class="code panel" style="border-width: 1px;"&gt;&lt;div class="codeContent panelContent"&gt;
&lt;pre class="code-java"&gt;} &lt;span class="code-keyword"&gt;else&lt;/span&gt; &lt;span class="code-keyword"&gt;if&lt;/span&gt; (buffer.isEOFRecord(headerBuf)) {
  hasHitEOF = &lt;span class="code-keyword"&gt;true&lt;/span&gt;;
}
&lt;/pre&gt;
&lt;/div&gt;&lt;/div&gt;

&lt;p&gt;with&lt;/p&gt;

&lt;div class="code panel" style="border-width: 1px;"&gt;&lt;div class="codeContent panelContent"&gt;
&lt;pre class="code-java"&gt;} &lt;span class="code-keyword"&gt;else&lt;/span&gt; &lt;span class="code-keyword"&gt;if&lt;/span&gt; (buffer.isEOFRecord(headerBuf)) {
  &lt;span class="code-keyword"&gt;while&lt;/span&gt; (buffer.readRecord() != &lt;span class="code-keyword"&gt;null&lt;/span&gt;) { &lt;span class="code-comment"&gt;// Consume any lingering records
&lt;/span&gt;    ;
  }
  hasHitEOF = &lt;span class="code-keyword"&gt;true&lt;/span&gt;;
}
&lt;/pre&gt;
&lt;/div&gt;&lt;/div&gt;

&lt;p&gt;This fixes the test. It doesn't seem to break any other tests either, although I did not run all of them because they take a long time and I didn't have the patience.&lt;/p&gt;</comment>
                            <comment id="13483223" author="garydgregory" created="Wed, 24 Oct 2012 13:39:33 +0000">&lt;p&gt;If you take care of your relationship with patience and package the test and fix into an SVN diff patch file, the likelihood of this issue being addressed quickly will increase tremendously!&lt;/p&gt;</comment>
                            <comment id="13484385" author="peterdm" created="Thu, 25 Oct 2012 19:14:07 +0000">&lt;p&gt;I've attached a patch.&lt;/p&gt;

&lt;p&gt;Note that both the test and fix turned out slightly different (but even better &lt;img class="emoticon" src="https://issues.apache.org/jira/images/icons/emoticons/wink.png" height="16" width="16" align="absmiddle" alt="" border="0"/&gt;).&lt;/p&gt;</comment>
                            <comment id="13540866" author="bodewig" created="Sat, 29 Dec 2012 11:36:07 +0000">&lt;p&gt;AFAICT the patch addresses &lt;a href="https://issues.apache.org/jira/browse/COMPRESS-202" title="Document EOF behavior of TarArchiveInputStream" class="issue-link" data-issue-key="COMPRESS-202"&gt;&lt;del&gt;COMPRESS-202&lt;/del&gt;&lt;/a&gt; in a way but doesn't deal with what you call "garbage" written at the end.  Does TarArchiveOutputStream still write garbage or did you only think it would because input stream didn't read the EOF block(s)?&lt;/p&gt;</comment>
                            <comment id="13541107" author="peterdm" created="Sun, 30 Dec 2012 17:05:52 +0000">&lt;p&gt;Indeed, TarArchiveOutputStream does not write garbage as such. Initially I thought the second EOF block was "garbage". When I dug into the code I understood that the second EOF block was intentional. I then realized that the actual problem was that TarArchiveInputStream did not read back the second EOF block.&lt;/p&gt;

&lt;p&gt;Anyway, the point is that there is a unit test illustrating my use case, and the patch fixes it. &lt;a href="https://issues.apache.org/jira/browse/COMPRESS-202" title="Document EOF behavior of TarArchiveInputStream" class="issue-link" data-issue-key="COMPRESS-202"&gt;&lt;del&gt;COMPRESS-202&lt;/del&gt;&lt;/a&gt; is merely about documentation, but my patch really fixes &lt;em&gt;behavior&lt;/em&gt;. So I would argue that my patch does a lot more than just address &lt;a href="https://issues.apache.org/jira/browse/COMPRESS-202" title="Document EOF behavior of TarArchiveInputStream" class="issue-link" data-issue-key="COMPRESS-202"&gt;&lt;del&gt;COMPRESS-202&lt;/del&gt;&lt;/a&gt;...&lt;/p&gt;

&lt;p&gt;Rephrasing the issue: "TarArchiveOutputStream sometimes writes bytes at the end of the archive which are never consumed by TarArchiveInputStream".&lt;/p&gt;</comment>
                            <comment id="13541349" author="bodewig" created="Mon, 31 Dec 2012 11:51:48 +0000">&lt;p&gt;I didn't mean to imply this was a duplicate of 202 or anything like that, but rather that your patch provides one alternative to fix &lt;a href="https://issues.apache.org/jira/browse/COMPRESS-202" title="Document EOF behavior of TarArchiveInputStream" class="issue-link" data-issue-key="COMPRESS-202"&gt;&lt;del&gt;COMPRESS-202&lt;/del&gt;&lt;/a&gt; beyond "just" documenting the behavior.  We'll need to discuss on the dev list how we want to solve it, but for the sake of getting more opinions I'll wait a few days until people are back from their holiday time-outs.&lt;/p&gt;

&lt;p&gt;Given tar record reading may be willing to consume non-tar inputs, we may need to be more careful there.  I'll need to look into the tar dialect documentations a bit more to see what we might need to accept as part of the archive once the first EOF-record has been found.&lt;/p&gt;</comment>
                            <comment id="13558344" author="bodewig" created="Sun, 20 Jan 2013 19:11:58 +0000">&lt;p&gt;fixed the tar case with scvn revision 1435913 - the other archive formats have similar issues and will be addressed later.&lt;/p&gt;</comment>
                    </comments>
                    <attachments>
                            <attachment id="12550836" name="COMPRESS-206.patch" size="4339" author="peterdm" created="Thu, 25 Oct 2012 19:14:07 +0000" />
                    </attachments>
                <subtasks>
                    </subtasks>
                <customfields>
                                                                                                                                                                                                                                                                                                                                                                                                                                                                                                                                                                                                                                                                                                                    <customfield id="customfield_12314020" key="com.atlassian.jira.plugins.jira-development-integration-plugin:devsummary">
                        <customfieldname>Development</customfieldname>
                        <customfieldvalues>
                            
                        </customfieldvalues>
                    </customfield>
                                                                                                                        <customfield id="customfield_12313422" key="com.atlassian.jirafisheyeplugin:jobcheckbox">
                        <customfieldname>Enable Automatic Patch Review</customfieldname>
                        <customfieldvalues>
                            <customfieldvalue>false</customfieldvalue>

                        </customfieldvalues>
                    </customfield>
                                                                                                                                                                                                                                                                                                                                                                                                                                                                                                                                                                                                                                                <customfield id="customfield_12310420" key="com.pyxis.greenhopper.jira:gh-global-rank">
                        <customfieldname>Global Rank</customfieldname>
                        <customfieldvalues>
                            <customfieldvalue>250726</customfieldvalue>
                        </customfieldvalues>
                    </customfield>
                                                                                                                                                                                                                                                                                                                                                                                                                                                                        <customfield id="customfield_12311820" key="com.pyxis.greenhopper.jira:gh-lexo-rank">
                        <customfieldname>Rank</customfieldname>
                        <customfieldvalues>
                            <customfieldvalue>0|i0b0fr:</customfieldvalue>

                        </customfieldvalues>
                    </customfield>
                                                                <customfield id="customfield_12310920" key="com.pyxis.greenhopper.jira:gh-global-rank">
                        <customfieldname>Rank (Obsolete)</customfieldname>
                        <customfieldvalues>
                            <customfieldvalue>62181</customfieldvalue>
                        </customfieldvalues>
                    </customfield>
                                                                                                                                                                                                                                                                                                                                                                                                                                                                                                                                                                                                                                                                                                                                                                                            </customfields>
    </item>


</channel>
</rss>