<rss version="0.92">
    <channel>
        <title>ASF JIRA</title>
        <link>https://issues.apache.org/jira/issues/?jql=project+%3D+COMPRESS+and+type+%3D+bug+and+%28status+%3D+RESOLVED+or+status+%3D+closed%29+and+resolution+%3D+Fixed+and+fixVersion+%21%3D+None++and+affectedVersion+%21%3D+None++and+affectedVersion+%21%3D+%22Nightly+Build%22</link>
        <description>An XML representation of a search request</description>
                <language>en-uk</language>
                        <issue start="0" end="188" total="188" />
                <build-info>
            <version>8.20.1</version>
            <build-number>820001</build-number>
            <build-date>28-10-2021</build-date>
        </build-info>

<item>
            <title>[COMPRESS-64] Are the public finish() methods ArchiveOutputStream implementations necessary and safe?</title>
                <link>https://issues.apache.org/jira/browse/COMPRESS-64</link>
                <project id="12310904" key="COMPRESS">Commons Compress</project>
                    <description>&lt;p&gt;Some of the ArchiveOutputStream implementations have public finish() methods. These are currently only called from the close() methods.&lt;/p&gt;

&lt;p&gt;Seems to me that there is no need to allow the finish() methods to be called externally, and the user can corrupt the output if they do.&lt;/p&gt;

&lt;p&gt;Surely the close() method is all that is needed?&lt;/p&gt;</description>
                <environment />
        <key id="12421477">COMPRESS-64</key>
            <summary>Are the public finish() methods ArchiveOutputStream implementations necessary and safe?</summary>
                <type id="1" iconUrl="https://issues.apache.org/jira/secure/viewavatar?size=xsmall&amp;avatarId=21133&amp;avatarType=issuetype">Bug</type>
                                            <priority id="3" iconUrl="https://issues.apache.org/jira/images/icons/priorities/major.svg">Major</priority>
                        <status id="5" iconUrl="https://issues.apache.org/jira/images/icons/statuses/resolved.png" description="A resolution has been taken, and it is awaiting verification by reporter. From here issues are either reopened, or are closed.">Resolved</status>
                    <statusCategory id="3" key="done" colorName="green" />
                                    <resolution id="1">Fixed</resolution>
                                        <assignee username="-1">Unassigned</assignee>
                                    <reporter username="sebb">Sebb</reporter>
                        <labels>
                    </labels>
                <created>Sat, 28 Mar 2009 14:12:07 +0000</created>
                <updated>Thu, 23 Apr 2009 05:34:24 +0000</updated>
                            <resolved>Thu, 23 Apr 2009 05:34:24 +0000</resolved>
                                    <version>1.0</version>
                                    <fixVersion>1.0</fixVersion>
                                        <due />
                            <votes>0</votes>
                                    <watches>0</watches>
                                                                <comments>
                            <comment id="12694029" author="bodewig" created="Tue, 31 Mar 2009 09:22:49 +0000">&lt;p&gt;see &lt;a href="https://issues.apache.org/jira/browse/COMPRESS-42" title="[compress] bzip2 - implement flush()" class="issue-link" data-issue-key="COMPRESS-42"&gt;&lt;del&gt;COMPRESS-42&lt;/del&gt;&lt;/a&gt;&lt;/p&gt;

&lt;p&gt;flush comes in handy when you are writing to a network stream, for example.&lt;/p&gt;

&lt;p&gt;Whether our implementations are really safe is a totally different question 8-)&lt;/p&gt;</comment>
                            <comment id="12694048" author="sebb@apache.org" created="Tue, 31 Mar 2009 10:15:00 +0000">&lt;p&gt;I now think that the finish method may be useful for some archive types which allow arbitrary data to be added at the end of the archive.&lt;/p&gt;

&lt;p&gt;However, I think the method should throw an Exception if the user tries to call it twice.&lt;/p&gt;</comment>
                            <comment id="12697845" author="cgrobmeier" created="Fri, 10 Apr 2009 15:49:44 +0000">&lt;p&gt;Can you explain a bit more please?&lt;/p&gt;

&lt;p&gt;As far as I could see in the code at most times finish() should be called flush().&lt;br/&gt;
In ZipOutputStream finish() additionally writes the central directory end. If one would write after the CD, wouldn't the Zipfile be corrupted?&lt;/p&gt;

&lt;p&gt;Same goes for the other archives. Wouldn't writing arbitary data which is not an Entry corrupt the archive?&lt;/p&gt;

&lt;p&gt;However, behaviour of finish() differs from Zip to the other streams. Ar doesn't have a finish() method. Jar behaves like Zip (of course).&lt;/p&gt;</comment>
                            <comment id="12698997" author="sebb@apache.org" created="Wed, 15 Apr 2009 00:12:02 +0000">&lt;p&gt;AIUI, the finish() method is used to ensure that any required trailers etc are written to the output stream, i.e. may add data to the stream.&lt;br/&gt;
This is different from flush() which ensures that the output stream is written to disk (etc.), but does not add any data to the output stream.&lt;/p&gt;

&lt;p&gt;AR - no finish() method&lt;/p&gt;

&lt;p&gt;CPIO - calls closeArchiveEntry() if necessary and writes the trailer record&lt;/p&gt;

&lt;p&gt;TAR - writes the trailer&lt;/p&gt;

&lt;p&gt;ZIP/JAR - calls closeArchiveEntry() if necessary and writes the CFH and CD end.&lt;/p&gt;

&lt;p&gt;This is inconsistent - TAR does not call closeArchiveEntry(), though this may be needed.&lt;/p&gt;

&lt;p&gt;Seems to me that the user should be required to always call closeArchiveEntry() once for each putArchiveEntry(), i.e. finish() should only do whatever processing is needed at the end of an archive.  The finish() method should throw an Exception if the user forgets to close the entry, rather than silently tidying up for the user.&lt;/p&gt;

&lt;p&gt;The normal sequence of calls is:&lt;br/&gt;
+ create AOS class&lt;br/&gt;
+ write SFX header (optional, Zip only)&lt;br/&gt;
+ repeat as needed:&lt;/p&gt;
&lt;ul class="alternate" type="square"&gt;
	&lt;li&gt;- putArchiveEntry()&lt;/li&gt;
	&lt;li&gt;- write() entry data&lt;/li&gt;
	&lt;li&gt;- closeArchiveEntry()&lt;br/&gt;
+ finish()&lt;br/&gt;
+ write additional data if format supports it (optional)&lt;br/&gt;
+ close()&lt;/li&gt;
&lt;/ul&gt;


&lt;p&gt;This could be enforced by the ArchiveOutputStream class&lt;/p&gt;</comment>
                            <comment id="12699072" author="cgrobmeier" created="Wed, 15 Apr 2009 06:04:36 +0000">&lt;p&gt;I think this should be done before 1.0.&lt;/p&gt;</comment>
                            <comment id="12699145" author="sebb@apache.org" created="Wed, 15 Apr 2009 10:40:18 +0000">&lt;p&gt;Agreed - it may involve API changes.&lt;/p&gt;</comment>
                            <comment id="12701408" author="cgrobmeier" created="Wed, 22 Apr 2009 06:30:32 +0000">&lt;p&gt;The behaviour should now be consistent. &lt;/p&gt;

&lt;ul class="alternate" type="square"&gt;
	&lt;li&gt;finish() doesn't call closeArchiveEntry() if necessary&lt;/li&gt;
	&lt;li&gt;close() doesn't call finish() if necessary.&lt;/li&gt;
&lt;/ul&gt;


&lt;p&gt;Everything is done in the subclasses. We may move the "is entry open" check to the super classes as suggested. Additionally a check for "is finished" should be done there. At the moment its easy to close an archive without calling finish(), which leads to corrupt archives. An exception should be thrown like in finish, if an entry is not closed.&lt;/p&gt;
</comment>
                            <comment id="12701813" author="cgrobmeier" created="Thu, 23 Apr 2009 05:34:24 +0000">&lt;p&gt;I don't see an elegant way to enforce this in the abstract class without increasing complexity. I think subclasses should care themself to implement that function. Since behaviour is consistent, Issue is resolved. If some think that the functionality should go to the abstract classes, please reopen and discuss your proposal on the dev list &lt;img class="emoticon" src="https://issues.apache.org/jira/images/icons/emoticons/smile.png" height="16" width="16" align="absmiddle" alt="" border="0"/&gt;&lt;/p&gt;</comment>
                    </comments>
                    <attachments>
                    </attachments>
                <subtasks>
                    </subtasks>
                <customfields>
                                                                                                                                                                                                                                                                                                                                                                                                                                                                                                                                                                                                                                                                                                                    <customfield id="customfield_12314020" key="com.atlassian.jira.plugins.jira-development-integration-plugin:devsummary">
                        <customfieldname>Development</customfieldname>
                        <customfieldvalues>
                            
                        </customfieldvalues>
                    </customfield>
                                                                                                                        <customfield id="customfield_12313422" key="com.atlassian.jirafisheyeplugin:jobcheckbox">
                        <customfieldname>Enable Automatic Patch Review</customfieldname>
                        <customfieldvalues>
                            <customfieldvalue>false</customfieldvalue>

                        </customfieldvalues>
                    </customfield>
                                                                                                                                                                                                                                                                                                                                                                                                                                                                                                                                                                                                                                                <customfield id="customfield_12310420" key="com.pyxis.greenhopper.jira:gh-global-rank">
                        <customfieldname>Global Rank</customfieldname>
                        <customfieldvalues>
                            <customfieldvalue>110574</customfieldvalue>
                        </customfieldvalues>
                    </customfield>
                                                                                                                                                                                                                                                                                                                                                                                                                                                                        <customfield id="customfield_12311820" key="com.pyxis.greenhopper.jira:gh-lexo-rank">
                        <customfieldname>Rank</customfieldname>
                        <customfieldvalues>
                            <customfieldvalue>0|i0tftr:</customfieldvalue>

                        </customfieldvalues>
                    </customfield>
                                                                <customfield id="customfield_12310920" key="com.pyxis.greenhopper.jira:gh-global-rank">
                        <customfieldname>Rank (Obsolete)</customfieldname>
                        <customfieldvalues>
                            <customfieldvalue>169873</customfieldvalue>
                        </customfieldvalues>
                    </customfield>
                                                                                                                                                                                                                                                                                                                                                                                                                                                                                                                                                                                                                                                                                                                                                                                            </customfields>
    </item>
</channel>
</rss>