<rss version="0.92">
    <channel>
        <title>ASF JIRA</title>
        <link>https://issues.apache.org/jira/issues/?jql=project+%3D+COMPRESS+and+type+%3D+bug+and+%28status+%3D+RESOLVED+or+status+%3D+closed%29+and+resolution+%3D+Fixed+and+fixVersion+%21%3D+None++and+affectedVersion+%21%3D+None++and+affectedVersion+%21%3D+%22Nightly+Build%22</link>
        <description>An XML representation of a search request</description>
                <language>en-uk</language>
                        <issue start="0" end="188" total="188" />
                <build-info>
            <version>8.20.1</version>
            <build-number>820001</build-number>
            <build-date>28-10-2021</build-date>
        </build-info>

<item>
            <title>[COMPRESS-297] Cleaning up unclosed ZipFile for archive</title>
                <link>https://issues.apache.org/jira/browse/COMPRESS-297</link>
                <project id="12310904" key="COMPRESS">Commons Compress</project>
                    <description>&lt;p&gt;If you try to create a ZipFile from a non-existent file, then it throws a FileNotFoundException, which is fine. The problem is that the constructor appears to leave behind objects that the caller cannot close. So, later on when the garbage collector runs, a message is printed to stdout that says "Cleaning up unclosed ZipFile for archive". Here is a failing unit test:&lt;/p&gt;

&lt;div class="code panel" style="border-style: solid;border-width: 1px;"&gt;&lt;div class="codeHeader panelHeader" style="border-bottom-width: 1px;border-bottom-style: solid;"&gt;&lt;b&gt;TCommonCompressZipFileConstructor.java&lt;/b&gt;&lt;/div&gt;&lt;div class="codeContent panelContent"&gt;
&lt;pre class="code-java"&gt;&lt;span class="code-keyword"&gt;import&lt;/span&gt; org.apache.commons.compress.archivers.zip.ZipFile;
&lt;span class="code-keyword"&gt;import&lt;/span&gt; org.junit.Test;

&lt;span class="code-keyword"&gt;import&lt;/span&gt; java.io.File;
&lt;span class="code-keyword"&gt;import&lt;/span&gt; java.io.IOException;

&lt;span class="code-keyword"&gt;public&lt;/span&gt; &lt;span class="code-keyword"&gt;final&lt;/span&gt; &lt;span class="code-keyword"&gt;class &lt;/span&gt;TCommonCompressZipFileConstructor {
    @Test
    &lt;span class="code-keyword"&gt;public&lt;/span&gt; void constructorThatThrowsExceptionLeavesBehindObjects() {
        &lt;span class="code-keyword"&gt;final&lt;/span&gt; File file = &lt;span class="code-keyword"&gt;new&lt;/span&gt; File("");
        &lt;span class="code-keyword"&gt;try&lt;/span&gt; {
            &lt;span class="code-keyword"&gt;new&lt;/span&gt; ZipFile(file);
        } &lt;span class="code-keyword"&gt;catch&lt;/span&gt; (&lt;span class="code-keyword"&gt;final&lt;/span&gt; IOException e) {
            e.printStackTrace();
            &lt;span class="code-object"&gt;System&lt;/span&gt;.gc();
        }
    }
}
&lt;/pre&gt;
&lt;/div&gt;&lt;/div&gt;

&lt;p&gt;And here is the test output:&lt;/p&gt;

&lt;p&gt;&lt;font color="red"&gt;&lt;br/&gt;
java.io.FileNotFoundException: &lt;br/&gt;
	at java.io.RandomAccessFile.open(Native Method)&lt;br/&gt;
	at java.io.RandomAccessFile.&amp;lt;init&amp;gt;(RandomAccessFile.java:241)&lt;br/&gt;
	at org.apache.commons.compress.archivers.zip.ZipFile.&amp;lt;init&amp;gt;(ZipFile.java:213)&lt;br/&gt;
	at org.apache.commons.compress.archivers.zip.ZipFile.&amp;lt;init&amp;gt;(ZipFile.java:192)&lt;br/&gt;
	at org.apache.commons.compress.archivers.zip.ZipFile.&amp;lt;init&amp;gt;(ZipFile.java:153)&lt;br/&gt;
	at com.mathworks.mlwidgets.explorer.unittest.TCommonCompressZipFileConstructor.constructorThatThrowsExceptionLeavesBehindObjects(TCommonCompressZipFileConstructor.java:14)&lt;br/&gt;
...&lt;br/&gt;
com.intellij.rt.execution.application.AppMain.main(AppMain.java:134)&lt;br/&gt;
&lt;b&gt;Cleaning up unclosed ZipFile for archive L:\IntelliJ projects\foo&lt;/b&gt;&lt;/font&gt;&lt;/p&gt;</description>
                <environment>&lt;p&gt;Windows 7 64-bit&lt;/p&gt;</environment>
        <key id="12762891">COMPRESS-297</key>
            <summary>Cleaning up unclosed ZipFile for archive</summary>
                <type id="1" iconUrl="https://issues.apache.org/jira/secure/viewavatar?size=xsmall&amp;avatarId=21133&amp;avatarType=issuetype">Bug</type>
                                            <priority id="4" iconUrl="https://issues.apache.org/jira/images/icons/priorities/minor.svg">Minor</priority>
                        <status id="5" iconUrl="https://issues.apache.org/jira/images/icons/statuses/resolved.png" description="A resolution has been taken, and it is awaiting verification by reporter. From here issues are either reopened, or are closed.">Resolved</status>
                    <statusCategory id="3" key="done" colorName="green" />
                                    <resolution id="1">Fixed</resolution>
                                        <assignee username="-1">Unassigned</assignee>
                                    <reporter username="aliu">Andrew Liu</reporter>
                        <labels>
                    </labels>
                <created>Fri, 19 Dec 2014 16:37:13 +0000</created>
                <updated>Sun, 11 Jan 2015 05:32:16 +0000</updated>
                            <resolved>Mon, 22 Dec 2014 16:37:01 +0000</resolved>
                                    <version>1.8.1</version>
                                    <fixVersion>1.10</fixVersion>
                                    <component>Archivers</component>
                        <due />
                            <votes>0</votes>
                                    <watches>3</watches>
                                                                <comments>
                            <comment id="14255893" author="bodewig" created="Mon, 22 Dec 2014 16:33:31 +0000">&lt;p&gt;The log message you see is ZipFile's finalize method which looks at the closed flag - which is false by default and is not set to false in case of an error in RandomAccessFile's constructor.  So what you see is - fortunately - not a resource leak but just a bad log statement.  Will be fixed in trunk in a few seconds.&lt;/p&gt;</comment>
                            <comment id="14255897" author="bodewig" created="Mon, 22 Dec 2014 16:37:01 +0000">&lt;p&gt;message should disappear with svn revision 1647348&lt;/p&gt;</comment>
                            <comment id="14255993" author="aliu" created="Mon, 22 Dec 2014 18:13:40 +0000">&lt;p&gt;Thanks for the quick response, Stefan!&lt;/p&gt;

&lt;p&gt;Andrew&lt;/p&gt;
</comment>
                            <comment id="14272680" author="dweiss" created="Sat, 10 Jan 2015 20:24:54 +0000">&lt;p&gt;That close field should be declared volatile since finalize is invoked from a system thread and the write may not propagate properly.&lt;/p&gt;</comment>
                            <comment id="14272817" author="bodewig" created="Sun, 11 Jan 2015 05:32:16 +0000">&lt;p&gt;True, thanks!&lt;/p&gt;

&lt;p&gt;svn revision 1650873&lt;/p&gt;</comment>
                    </comments>
                    <attachments>
                    </attachments>
                <subtasks>
                    </subtasks>
                <customfields>
                                                                                                                                                                                                                                                                                                                                                                                                                                                                                                                                                                                                                                                                                                                    <customfield id="customfield_12314020" key="com.atlassian.jira.plugins.jira-development-integration-plugin:devsummary">
                        <customfieldname>Development</customfieldname>
                        <customfieldvalues>
                            
                        </customfieldvalues>
                    </customfield>
                                                                                                                        <customfield id="customfield_12313422" key="com.atlassian.jirafisheyeplugin:jobcheckbox">
                        <customfieldname>Enable Automatic Patch Review</customfieldname>
                        <customfieldvalues>
                            <customfieldvalue>false</customfieldvalue>

                        </customfieldvalues>
                    </customfield>
                                                                                                                                                                                                                                                                                                                                                                                                                                                                                                                                                                                                                                                <customfield id="customfield_12310420" key="com.pyxis.greenhopper.jira:gh-global-rank">
                        <customfieldname>Global Rank</customfieldname>
                        <customfieldvalues>
                            <customfieldvalue>9223372036854775807</customfieldvalue>
                        </customfieldvalues>
                    </customfield>
                                                                                                                                                                                                                                                                                                                                                                                                                                                                        <customfield id="customfield_12311820" key="com.pyxis.greenhopper.jira:gh-lexo-rank">
                        <customfieldname>Rank</customfieldname>
                        <customfieldvalues>
                            <customfieldvalue>0|i23mnr:</customfieldvalue>

                        </customfieldvalues>
                    </customfield>
                                                                <customfield id="customfield_12310920" key="com.pyxis.greenhopper.jira:gh-global-rank">
                        <customfieldname>Rank (Obsolete)</customfieldname>
                        <customfieldvalues>
                            <customfieldvalue>9223372036854775807</customfieldvalue>
                        </customfieldvalues>
                    </customfield>
                                                                                                                                                                                                                                                                                                                                                                                                                                                                                                                                                                                                                                                                                                                                                                                            </customfields>
    </item>


</channel>
</rss>