<rss version="0.92">
    <channel>
        <title>ASF JIRA</title>
        <link>https://issues.apache.org/jira/issues/?jql=project+%3D+COMPRESS+and+type+%3D+bug+and+%28status+%3D+RESOLVED+or+status+%3D+closed%29+and+resolution+%3D+Fixed+and+fixVersion+%21%3D+None++and+affectedVersion+%21%3D+None++and+affectedVersion+%21%3D+%22Nightly+Build%22</link>
        <description>An XML representation of a search request</description>
                <language>en-uk</language>
                        <issue start="0" end="188" total="188" />
                <build-info>
            <version>8.20.1</version>
            <build-number>820001</build-number>
            <build-date>28-10-2021</build-date>
        </build-info>

<item>
            <title>[COMPRESS-289] TarArchiveOutputStream includes timestamp in long link headers</title>
                <link>https://issues.apache.org/jira/browse/COMPRESS-289</link>
                <project id="12310904" key="COMPRESS">Commons Compress</project>
                    <description>&lt;p&gt;When I create a Tar Archive Entry with a long name, the Long Link Entry contains a default modification date of the current Date.&lt;/p&gt;

&lt;p&gt;This results in two archives with the same contents having different MD5 checksums.&lt;/p&gt;
</description>
                <environment />
        <key id="12742254">COMPRESS-289</key>
            <summary>TarArchiveOutputStream includes timestamp in long link headers</summary>
                <type id="1" iconUrl="https://issues.apache.org/jira/secure/viewavatar?size=xsmall&amp;avatarId=21133&amp;avatarType=issuetype">Bug</type>
                                            <priority id="5" iconUrl="https://issues.apache.org/jira/images/icons/priorities/trivial.svg">Trivial</priority>
                        <status id="5" iconUrl="https://issues.apache.org/jira/images/icons/statuses/resolved.png" description="A resolution has been taken, and it is awaiting verification by reporter. From here issues are either reopened, or are closed.">Resolved</status>
                    <statusCategory id="3" key="done" colorName="green" />
                                    <resolution id="1">Fixed</resolution>
                                        <assignee username="-1">Unassigned</assignee>
                                    <reporter username="bobrobertsonjr">Bob Robertson</reporter>
                        <labels>
                            <label>patch</label>
                    </labels>
                <created>Wed, 17 Sep 2014 19:48:19 +0000</created>
                <updated>Fri, 19 Sep 2014 18:10:24 +0000</updated>
                            <resolved>Fri, 19 Sep 2014 18:10:24 +0000</resolved>
                                    <version>1.8.1</version>
                                    <fixVersion>1.9</fixVersion>
                                    <component>Archivers</component>
                        <due />
                            <votes>0</votes>
                                    <watches>2</watches>
                                                                <comments>
                            <comment id="14140968" author="bodewig" created="Fri, 19 Sep 2014 17:49:52 +0000">&lt;p&gt;Thanks Bob&lt;/p&gt;

&lt;p&gt;I've taken a slightly different approach using the last modification time of the entry the long name entry belongs to.  Your unit test (moved to a different test class) still passes.  Please see svn revisions 1626280 and 1626284.&lt;/p&gt;</comment>
                            <comment id="14141008" author="bodewig" created="Fri, 19 Sep 2014 18:10:07 +0000">&lt;p&gt;Just realized the same problem also shows up for the PAX header entry and while I fixed this a test wen't into a inifinite recursion because the last modified time for the PAX header would trigger yet another PAX header ...&lt;/p&gt;

&lt;p&gt;See svn revision 1626290&lt;/p&gt;</comment>
                    </comments>
                    <attachments>
                            <attachment id="12669489" name="TarArchiveOutputStream.java.patch" size="969" author="bobrobertsonjr" created="Wed, 17 Sep 2014 19:59:09 +0000" />
                            <attachment id="12669490" name="TarTestCase.java.patch" size="4382" author="bobrobertsonjr" created="Wed, 17 Sep 2014 19:59:09 +0000" />
                    </attachments>
                <subtasks>
                    </subtasks>
                <customfields>
                                                                                                                                                                                                                                                                                                                                                                                                                                                                                                                                                                                                                                                                                                                    <customfield id="customfield_12314020" key="com.atlassian.jira.plugins.jira-development-integration-plugin:devsummary">
                        <customfieldname>Development</customfieldname>
                        <customfieldvalues>
                            
                        </customfieldvalues>
                    </customfield>
                                                                                                                        <customfield id="customfield_12313422" key="com.atlassian.jirafisheyeplugin:jobcheckbox">
                        <customfieldname>Enable Automatic Patch Review</customfieldname>
                        <customfieldvalues>
                            <customfieldvalue>false</customfieldvalue>

                        </customfieldvalues>
                    </customfield>
                                                                                                                                                                                                                                                                                                                                                                                                                                                                                                                                                                                                                                                <customfield id="customfield_12310420" key="com.pyxis.greenhopper.jira:gh-global-rank">
                        <customfieldname>Global Rank</customfieldname>
                        <customfieldvalues>
                            <customfieldvalue>9223372036854775807</customfieldvalue>
                        </customfieldvalues>
                    </customfield>
                                                                                                                                                                                                                                                                                                                                                                                                                                                                        <customfield id="customfield_12311820" key="com.pyxis.greenhopper.jira:gh-lexo-rank">
                        <customfieldname>Rank</customfieldname>
                        <customfieldvalues>
                            <customfieldvalue>0|i206cv:</customfieldvalue>

                        </customfieldvalues>
                    </customfield>
                                                                <customfield id="customfield_12310920" key="com.pyxis.greenhopper.jira:gh-global-rank">
                        <customfieldname>Rank (Obsolete)</customfieldname>
                        <customfieldvalues>
                            <customfieldvalue>9223372036854775807</customfieldvalue>
                        </customfieldvalues>
                    </customfield>
                                                                                                                                                                                                                                                                                                                                                                                                                                                                                                                                                                                                                                                                                                                                                                                            </customfields>
    </item>


</channel>
</rss>