<rss version="0.92">
    <channel>
        <title>ASF JIRA</title>
        <link>https://issues.apache.org/jira/issues/?jql=project+%3D+COMPRESS+and+type+%3D+bug+and+%28status+%3D+RESOLVED+or+status+%3D+closed%29+and+resolution+%3D+Fixed+and+fixVersion+%21%3D+None++and+affectedVersion+%21%3D+None++and+affectedVersion+%21%3D+%22Nightly+Build%22</link>
        <description>An XML representation of a search request</description>
                <language>en-uk</language>
                        <issue start="0" end="188" total="188" />
                <build-info>
            <version>8.20.1</version>
            <build-number>820001</build-number>
            <build-date>28-10-2021</build-date>
        </build-info>

<item>
            <title>[COMPRESS-531] Tar decompression fails with NullPointerException</title>
                <link>https://issues.apache.org/jira/browse/COMPRESS-531</link>
                <project id="12310904" key="COMPRESS">Commons Compress</project>
                    <description>&lt;p&gt;This Kotlin code fails with exception(NPE.tar is in the attachment)&lt;br/&gt;
Exception in thread "main" java.lang.NullPointerException&lt;br/&gt;
 at org.apache.commons.compress.archivers.tar.TarArchiveInputStream.applyPaxHeadersToCurrentEntry(TarArchiveInputStream.java:757)&lt;br/&gt;
 at org.apache.commons.compress.archivers.tar.TarArchiveInputStream.paxHeaders(TarArchiveInputStream.java:562)&lt;br/&gt;
 at org.apache.commons.compress.archivers.tar.TarArchiveInputStream.getNextTarEntry(TarArchiveInputStream.java:404)&lt;br/&gt;
 at org.apache.commons.compress.archivers.tar.TarArchiveInputStream.getNextEntry(TarArchiveInputStream.java:799)&lt;br/&gt;
 at ru.example.kotlinfuzzer.tests.MainKt.main(main.kt:20)&lt;br/&gt;
 at ru.example.kotlinfuzzer.tests.MainKt.main(main.kt)&lt;/p&gt;
&lt;div class="code panel" style="border-width: 1px;"&gt;&lt;div class="codeContent panelContent"&gt;
&lt;pre class="code-java"&gt;
&lt;span class="code-keyword"&gt;import&lt;/span&gt; org.apache.commons.compress.archivers.ArchiveStreamFactory
&lt;span class="code-keyword"&gt;import&lt;/span&gt; java.io.File

fun main() {
    val tar = File(&lt;span class="code-quote"&gt;"NPE.tar"&lt;/span&gt;)
    ArchiveStreamFactory().createArchiveInputStream(&lt;span class="code-quote"&gt;"tar"&lt;/span&gt;, tar.inputStream()).use { ais -&amp;gt;
        ais.nextEntry
        ais.readAllBytes()
    }
}
&lt;/pre&gt;
&lt;/div&gt;&lt;/div&gt;
&lt;p&gt;IOException expected&lt;/p&gt;</description>
                <environment />
        <key id="13307181">COMPRESS-531</key>
            <summary>Tar decompression fails with NullPointerException</summary>
                <type id="1" iconUrl="https://issues.apache.org/jira/secure/viewavatar?size=xsmall&amp;avatarId=21133&amp;avatarType=issuetype">Bug</type>
                                            <priority id="3" iconUrl="https://issues.apache.org/jira/images/icons/priorities/major.svg">Major</priority>
                        <status id="5" iconUrl="https://issues.apache.org/jira/images/icons/statuses/resolved.png" description="A resolution has been taken, and it is awaiting verification by reporter. From here issues are either reopened, or are closed.">Resolved</status>
                    <statusCategory id="3" key="done" colorName="green" />
                                    <resolution id="1">Fixed</resolution>
                                        <assignee username="-1">Unassigned</assignee>
                                    <reporter username="zuevmaxim">Maksim Zuev</reporter>
                        <labels>
                    </labels>
                <created>Mon, 25 May 2020 08:48:27 +0000</created>
                <updated>Sun, 31 May 2020 11:38:17 +0000</updated>
                            <resolved>Sun, 31 May 2020 11:38:17 +0000</resolved>
                                    <version>1.20</version>
                                    <fixVersion>1.21</fixVersion>
                                        <due />
                            <votes>0</votes>
                                    <watches>3</watches>
                                                                <comments>
                            <comment id="17116510" author="peterlee" created="Tue, 26 May 2020 07:33:06 +0000">&lt;p&gt;Can not find NPE.tar in the attachments. Maybe you forgot something?&#160;&lt;a href="https://issues.apache.org/jira/secure/ViewProfile.jspa?name=zuevmaxim" class="user-hover" rel="zuevmaxim"&gt;zuevmaxim&lt;/a&gt; &lt;img class="emoticon" src="https://issues.apache.org/jira/images/icons/emoticons/smile.png" height="16" width="16" align="absmiddle" alt="" border="0"/&gt;&lt;/p&gt;</comment>
                            <comment id="17116585" author="zuevmaxim" created="Tue, 26 May 2020 10:04:14 +0000">&lt;p&gt;I'm sorry. Now you can find it in the attachments.&lt;/p&gt;</comment>
                            <comment id="17120514" author="bodewig" created="Sun, 31 May 2020 11:38:07 +0000">&lt;p&gt;Thanks to the fix of &lt;a href="https://issues.apache.org/jira/browse/COMPRESS-530" title="Tar decompression fails with NegativeArraySizeException" class="issue-link" data-issue-key="COMPRESS-530"&gt;&lt;del&gt;COMPRESS-530&lt;/del&gt;&lt;/a&gt; the archive now causes an &lt;tt&gt;IOException&lt;/tt&gt; anyway. With commit e4eccde3 I've also removed the cause of the NPE.&lt;/p&gt;</comment>
                    </comments>
                    <attachments>
                            <attachment id="13004021" name="NPE.tar" size="602" author="zuevmaxim" created="Tue, 26 May 2020 10:02:29 +0000" />
                    </attachments>
                <subtasks>
                    </subtasks>
                <customfields>
                                                                                                                                                                                                                                                                                                                                                                                                                                                                                                                                                                                                                                                                                                                    <customfield id="customfield_12314020" key="com.atlassian.jira.plugins.jira-development-integration-plugin:devsummary">
                        <customfieldname>Development</customfieldname>
                        <customfieldvalues>
                            
                        </customfieldvalues>
                    </customfield>
                                                                                                                        <customfield id="customfield_12313422" key="com.atlassian.jirafisheyeplugin:jobcheckbox">
                        <customfieldname>Enable Automatic Patch Review</customfieldname>
                        <customfieldvalues>
                            <customfieldvalue>false</customfieldvalue>

                        </customfieldvalues>
                    </customfield>
                                                                                                                                                                                                                                                                                                                                                                                                                                                                                                                                                                                                                                                <customfield id="customfield_12310420" key="com.pyxis.greenhopper.jira:gh-global-rank">
                        <customfieldname>Global Rank</customfieldname>
                        <customfieldvalues>
                            <customfieldvalue>9223372036854775807</customfieldvalue>
                        </customfieldvalues>
                    </customfield>
                                                                                                                                                                                                                                                                                                                                                                                                                                                                        <customfield id="customfield_12311820" key="com.pyxis.greenhopper.jira:gh-lexo-rank">
                        <customfieldname>Rank</customfieldname>
                        <customfieldvalues>
                            <customfieldvalue>0|z0f4g0:</customfieldvalue>

                        </customfieldvalues>
                    </customfield>
                                                                <customfield id="customfield_12310920" key="com.pyxis.greenhopper.jira:gh-global-rank">
                        <customfieldname>Rank (Obsolete)</customfieldname>
                        <customfieldvalues>
                            <customfieldvalue>9223372036854775807</customfieldvalue>
                        </customfieldvalues>
                    </customfield>
                                                                                                                                                                                                                                                                                                                                                                                                                                                                                                                                                                                                                                                                                                                                                                                            </customfields>
    </item>


</channel>
</rss>