<rss version="0.92">
    <channel>
        <title>ASF JIRA</title>
        <link>https://issues.apache.org/jira/issues/?jql=project+%3D+COMPRESS+and+type+%3D+bug+and+%28status+%3D+RESOLVED+or+status+%3D+closed%29+and+resolution+%3D+Fixed+and+fixVersion+%21%3D+None++and+affectedVersion+%21%3D+None++and+affectedVersion+%21%3D+%22Nightly+Build%22</link>
        <description>An XML representation of a search request</description>
                <language>en-uk</language>
                        <issue start="0" end="188" total="188" />
                <build-info>
            <version>8.20.1</version>
            <build-number>820001</build-number>
            <build-date>28-10-2021</build-date>
        </build-info>

<item>
            <title>[COMPRESS-505] Multiple Reads of One SevenZArchiveEntry Fails</title>
                <link>https://issues.apache.org/jira/browse/COMPRESS-505</link>
                <project id="12310904" key="COMPRESS">Commons Compress</project>
                    <description>&lt;p&gt;I've run into a bug which occurs when attempting to read the same&#160;SevenZArchiveEntry stream multiple times. The following code illustrates the problem.&lt;/p&gt;
&lt;div class="code panel" style="border-width: 1px;"&gt;&lt;div class="codeContent panelContent"&gt;
&lt;pre class="code-java"&gt;
File archive = &lt;span class="code-keyword"&gt;new&lt;/span&gt; File(&lt;span class="code-quote"&gt;"CC0 Images.7z"&lt;/span&gt;);
&lt;span class="code-object"&gt;char&lt;/span&gt;[] password = &lt;span class="code-quote"&gt;"password"&lt;/span&gt;.toCharArray();
&lt;span class="code-keyword"&gt;try&lt;/span&gt; (SevenZFile f = &lt;span class="code-keyword"&gt;new&lt;/span&gt; SevenZFile(archive, password))
{
  SevenZArchiveEntry entry = StreamSupport.stream(f.getEntries().spliterator(), &lt;span class="code-keyword"&gt;false&lt;/span&gt;)
    .filter(e -&amp;gt; &lt;span class="code-quote"&gt;"alberta-amazing-attraction-banff-417074.jpg"&lt;/span&gt;.equals(e.getName()))
    .findFirst().orElseGet(&lt;span class="code-keyword"&gt;null&lt;/span&gt;);
  &lt;span class="code-keyword"&gt;assert&lt;/span&gt; entry != &lt;span class="code-keyword"&gt;null&lt;/span&gt;;
  &lt;span class="code-keyword"&gt;for&lt;/span&gt; (&lt;span class="code-object"&gt;int&lt;/span&gt; i = 0; i &amp;lt; 100; i++)
  {
    InputStream is = f.getInputStream(entry);
    BufferedImage img = ImageIO.read(is);
    &lt;span class="code-keyword"&gt;assert&lt;/span&gt; img != &lt;span class="code-keyword"&gt;null&lt;/span&gt;;
    &lt;span class="code-object"&gt;System&lt;/span&gt;.out.println(&lt;span class="code-quote"&gt;"Succeeded "&lt;/span&gt; + (i + 1) + &lt;span class="code-quote"&gt;" times"&lt;/span&gt;);
  }
}&lt;/pre&gt;
&lt;/div&gt;&lt;/div&gt;
&lt;p&gt;Below is the output I receive on version 1.20&lt;/p&gt;
&lt;div class="code panel" style="border-width: 1px;"&gt;&lt;div class="codeContent panelContent"&gt;
&lt;pre class="code-java"&gt;
Succeeded 1 times
Succeeded 2 times
Exception in thread &lt;span class="code-quote"&gt;"main"&lt;/span&gt; java.io.IOException: Checksum verification failed
    at org.apache.commons.compress.utils.ChecksumVerifyingInputStream.read(ChecksumVerifyingInputStream.java:61)
    at org.apache.commons.compress.utils.ChecksumVerifyingInputStream.skip(ChecksumVerifyingInputStream.java:102)
    at org.apache.commons.compress.utils.IOUtils.skip(IOUtils.java:113)
    at org.apache.commons.compress.archivers.sevenz.SevenZFile.getCurrentStream(SevenZFile.java:1318)
    at org.apache.commons.compress.archivers.sevenz.SevenZFile.getInputStream(SevenZFile.java:1354)
    at org.abitoff.dmav.Test.main(Test.java:11)
&lt;/pre&gt;
&lt;/div&gt;&lt;/div&gt;
&lt;p&gt;&#160;&lt;/p&gt;

&lt;p&gt;&#160;&lt;/p&gt;</description>
                <environment />
        <key id="13287588">COMPRESS-505</key>
            <summary>Multiple Reads of One SevenZArchiveEntry Fails</summary>
                <type id="1" iconUrl="https://issues.apache.org/jira/secure/viewavatar?size=xsmall&amp;avatarId=21133&amp;avatarType=issuetype">Bug</type>
                                            <priority id="4" iconUrl="https://issues.apache.org/jira/images/icons/priorities/minor.svg">Minor</priority>
                        <status id="6" iconUrl="https://issues.apache.org/jira/images/icons/statuses/closed.png" description="The issue is considered finished, the resolution is correct. Issues which are not closed can be reopened.">Closed</status>
                    <statusCategory id="3" key="done" colorName="green" />
                                    <resolution id="1">Fixed</resolution>
                                        <assignee username="peterlee">Peter Lee</assignee>
                                    <reporter username="acid1103">Steven Fontaine</reporter>
                        <labels>
                    </labels>
                <created>Tue, 25 Feb 2020 20:00:57 +0000</created>
                <updated>Wed, 25 Mar 2020 07:12:18 +0000</updated>
                            <resolved>Wed, 25 Mar 2020 07:12:18 +0000</resolved>
                                    <version>1.20</version>
                                    <fixVersion>1.21</fixVersion>
                                        <due />
                            <votes>0</votes>
                                    <watches>2</watches>
                                            <timeestimate seconds="0">0h</timeestimate>
                            <timespent seconds="2400">40m</timespent>
                                <comments>
                            <comment id="17050990" author="peter alfred lee" created="Wed, 4 Mar 2020 08:19:29 +0000">&lt;p&gt;This is a problem caused by the random access of 7z(which was published by me).&lt;/p&gt;

&lt;p&gt;I'm working on this. I'll push a PR on github and update this issue.&lt;/p&gt;</comment>
                            <comment id="17051863" author="peter alfred lee" created="Thu, 5 Mar 2020 07:47:30 +0000">&lt;p&gt;I investigated into the code and realized I made some mistakes in the original code. Sorry about my careless. The fix for it has already been pushed with PR #95.&lt;/p&gt;

&lt;p&gt;I can run the test code in this issue successfully with the new fix.&lt;/p&gt;

&lt;p&gt;I believe there would be no exceptions if you do not read a sing file multiple time, or you can just using the sequential access(by calling SevenZFile.getNextEntry and SevenZFile.read)&lt;/p&gt;

&lt;p&gt;But it seems you got to wait another release of commons compress if you really need to do this using SevenZFile.getInputStream.&lt;/p&gt;</comment>
                            <comment id="17066446" author="peterlee" created="Wed, 25 Mar 2020 07:12:18 +0000">&lt;p&gt;Fixed&lt;/p&gt;</comment>
                    </comments>
                    <attachments>
                            <attachment id="12994582" name="CC0 Images.7z" size="30822201" author="acid1103" created="Tue, 25 Feb 2020 20:06:32 +0000" />
                    </attachments>
                <subtasks>
                    </subtasks>
                <customfields>
                                                                                                                                                                                                                                                                                                                                                                                                                                                                                                                                                                                                                                                                                                                    <customfield id="customfield_12314020" key="com.atlassian.jira.plugins.jira-development-integration-plugin:devsummary">
                        <customfieldname>Development</customfieldname>
                        <customfieldvalues>
                            
                        </customfieldvalues>
                    </customfield>
                                                                                                                        <customfield id="customfield_12313422" key="com.atlassian.jirafisheyeplugin:jobcheckbox">
                        <customfieldname>Enable Automatic Patch Review</customfieldname>
                        <customfieldvalues>
                            <customfieldvalue>false</customfieldvalue>

                        </customfieldvalues>
                    </customfield>
                                                                                                                                                                                                                                                                                                                                                                                                                                                                                                                                                                                                                                                <customfield id="customfield_12310420" key="com.pyxis.greenhopper.jira:gh-global-rank">
                        <customfieldname>Global Rank</customfieldname>
                        <customfieldvalues>
                            <customfieldvalue>9223372036854775807</customfieldvalue>
                        </customfieldvalues>
                    </customfield>
                                                                                                                                                                                                                                                                                                                                                                                                                                                                        <customfield id="customfield_12311820" key="com.pyxis.greenhopper.jira:gh-lexo-rank">
                        <customfieldname>Rank</customfieldname>
                        <customfieldvalues>
                            <customfieldvalue>0|z0bvqw:</customfieldvalue>

                        </customfieldvalues>
                    </customfield>
                                                                <customfield id="customfield_12310920" key="com.pyxis.greenhopper.jira:gh-global-rank">
                        <customfieldname>Rank (Obsolete)</customfieldname>
                        <customfieldvalues>
                            <customfieldvalue>9223372036854775807</customfieldvalue>
                        </customfieldvalues>
                    </customfield>
                                                                                                                                                                                                                                                                                                                                                                                                                                                                                                                                                                                                                                                                                                                                                                                            </customfields>
    </item>


</channel>
</rss>