<rss version="0.92">
    <channel>
        <title>ASF JIRA</title>
        <link>https://issues.apache.org/jira/issues/?jql=project+%3D+COMPRESS+and+type+%3D+bug+and+%28status+%3D+RESOLVED+or+status+%3D+closed%29+and+resolution+%3D+Fixed+and+fixVersion+%21%3D+None++and+affectedVersion+%21%3D+None++and+affectedVersion+%21%3D+%22Nightly+Build%22</link>
        <description>An XML representation of a search request</description>
                <language>en-uk</language>
                        <issue start="0" end="188" total="188" />
                <build-info>
            <version>8.20.1</version>
            <build-number>820001</build-number>
            <build-date>28-10-2021</build-date>
        </build-info>

<item>
            <title>[COMPRESS-117] Certain tar files not recognised by ArchiveStreamFactory</title>
                <link>https://issues.apache.org/jira/browse/COMPRESS-117</link>
                <project id="12310904" key="COMPRESS">Commons Compress</project>
                    <description>&lt;p&gt;Certain tar files, like this one: &lt;a href="http://leo.scruffohio.net/cgi-bin/uploads/lzma912.tar" class="external-link" target="_blank" rel="nofollow noopener"&gt;http://leo.scruffohio.net/cgi-bin/uploads/lzma912.tar&lt;/a&gt; aren't being recognized by the ArchiveInputStream detector.&lt;/p&gt;

&lt;p&gt;I can open this tar file perfectly well with WinRAR and 7-zip. Neither of these complain. I can also open it with the command tar -xvf. However, I narrowed it down, and it turns out the TarArchiveInputStream.matches() is returning false, even though it is a valid tar file. This glitch should be fixed.&lt;/p&gt;</description>
                <environment>&lt;p&gt;MS Windows Vista, NetBeans IDE&lt;/p&gt;</environment>
        <key id="12471241">COMPRESS-117</key>
            <summary>Certain tar files not recognised by ArchiveStreamFactory</summary>
                <type id="1" iconUrl="https://issues.apache.org/jira/secure/viewavatar?size=xsmall&amp;avatarId=21133&amp;avatarType=issuetype">Bug</type>
                                            <priority id="4" iconUrl="https://issues.apache.org/jira/images/icons/priorities/minor.svg">Minor</priority>
                        <status id="5" iconUrl="https://issues.apache.org/jira/images/icons/statuses/resolved.png" description="A resolution has been taken, and it is awaiting verification by reporter. From here issues are either reopened, or are closed.">Resolved</status>
                    <statusCategory id="3" key="done" colorName="green" />
                                    <resolution id="1">Fixed</resolution>
                                        <assignee username="-1">Unassigned</assignee>
                                    <reporter username="thebombzen">Leo Izen</reporter>
                        <labels>
                    </labels>
                <created>Wed, 11 Aug 2010 00:14:34 +0000</created>
                <updated>Sat, 23 Jan 2016 20:40:43 +0000</updated>
                            <resolved>Wed, 23 Mar 2011 12:50:51 +0000</resolved>
                                    <version>1.1</version>
                                    <fixVersion>1.2</fixVersion>
                                    <component>Archivers</component>
                        <due />
                            <votes>0</votes>
                                    <watches>1</watches>
                                                                <comments>
                            <comment id="12897107" author="thebombzen" created="Wed, 11 Aug 2010 01:42:17 +0000">&lt;p&gt;Uploaded is the tar I had problems with&lt;/p&gt;</comment>
                            <comment id="13010084" author="sebb@apache.org" created="Wed, 23 Mar 2011 12:04:28 +0000">&lt;p&gt;The tar file has no identifying magic string, which is what the matcher is looking for.&lt;br/&gt;
What was used to create it?&lt;/p&gt;

&lt;p&gt;The file can be read OK with TarArchiveInputStream; the only minor issue is that the file is not auto-recognised.&lt;/p&gt;

&lt;p&gt;As a work-round, you could use ArchiveStreamFactory.createArchiveInputStream(String archiverName, InputStream in) to create the reader from the file extension.&lt;/p&gt;</comment>
                            <comment id="13010092" author="sebb@apache.org" created="Wed, 23 Mar 2011 12:22:13 +0000">&lt;p&gt;Fix subject and severity&lt;/p&gt;</comment>
                            <comment id="13010093" author="sebb@apache.org" created="Wed, 23 Mar 2011 12:26:05 +0000">&lt;p&gt;One possible approach would be to check if the first entry parses OK, and if so, assume that it is a tar file.&lt;/p&gt;

&lt;p&gt;This should be done in ArchiveStreamFactory, not TarArchiveInputStream.matches(), because matches() is a signature check only.&lt;/p&gt;</comment>
                            <comment id="13010101" author="sebb@apache.org" created="Wed, 23 Mar 2011 12:50:51 +0000">&lt;p&gt;ArchiveStreamFactory now tries to read the first archive entry if the match test fails.&lt;/p&gt;</comment>
                    </comments>
                <issuelinks>
                            <issuelinktype id="10030">
                    <name>Reference</name>
                                            <outwardlinks description="relates to">
                                        <issuelink>
            <issuekey id="12933625">COMPRESS-331</issuekey>
        </issuelink>
                            </outwardlinks>
                                                        </issuelinktype>
                    </issuelinks>
                <attachments>
                            <attachment id="12451730" name="lzma912.tar" size="2595328" author="thebombzen" created="Wed, 11 Aug 2010 01:42:16 +0000" />
                    </attachments>
                <subtasks>
                    </subtasks>
                <customfields>
                                                                                                                                                                                                                                                                                                                                                                                                                                                                                                                                                                                                                                                                                                                    <customfield id="customfield_12314020" key="com.atlassian.jira.plugins.jira-development-integration-plugin:devsummary">
                        <customfieldname>Development</customfieldname>
                        <customfieldvalues>
                            
                        </customfieldvalues>
                    </customfield>
                                                                                                                        <customfield id="customfield_12313422" key="com.atlassian.jirafisheyeplugin:jobcheckbox">
                        <customfieldname>Enable Automatic Patch Review</customfieldname>
                        <customfieldvalues>
                            <customfieldvalue>false</customfieldvalue>

                        </customfieldvalues>
                    </customfield>
                                                                                                                                                                                                                                                                                                                                                                                                                                                                                                                                                                                                                                                <customfield id="customfield_12310420" key="com.pyxis.greenhopper.jira:gh-global-rank">
                        <customfieldname>Global Rank</customfieldname>
                        <customfieldvalues>
                            <customfieldvalue>110615</customfieldvalue>
                        </customfieldvalues>
                    </customfield>
                                                                                                                                                                                                                                                                                                                                                                                                                                                                        <customfield id="customfield_12311820" key="com.pyxis.greenhopper.jira:gh-lexo-rank">
                        <customfieldname>Rank</customfieldname>
                        <customfieldvalues>
                            <customfieldvalue>0|i0b4hj:</customfieldvalue>

                        </customfieldvalues>
                    </customfield>
                                                                <customfield id="customfield_12310920" key="com.pyxis.greenhopper.jira:gh-global-rank">
                        <customfieldname>Rank (Obsolete)</customfieldname>
                        <customfieldvalues>
                            <customfieldvalue>62839</customfieldvalue>
                        </customfieldvalues>
                    </customfield>
                                                                                                                                                                                                                                                                                                                                                                                                                                                                                                                                                                                                                                                                                                                                                                                            </customfields>
    </item>


</channel>
</rss>