<rss version="0.92">
    <channel>
        <title>ASF JIRA</title>
        <link>https://issues.apache.org/jira/issues/?jql=project+%3D+COMPRESS+and+type+%3D+bug+and+%28status+%3D+RESOLVED+or+status+%3D+closed%29+and+resolution+%3D+Fixed+and+fixVersion+%21%3D+None++and+affectedVersion+%21%3D+None++and+affectedVersion+%21%3D+%22Nightly+Build%22</link>
        <description>An XML representation of a search request</description>
                <language>en-uk</language>
                        <issue start="0" end="188" total="188" />
                <build-info>
            <version>8.20.1</version>
            <build-number>820001</build-number>
            <build-date>28-10-2021</build-date>
        </build-info>

<item>
            <title>[COMPRESS-171] createArchiveInputStream detects text files less than 100 bytes as tar archives</title>
                <link>https://issues.apache.org/jira/browse/COMPRESS-171</link>
                <project id="12310904" key="COMPRESS">Commons Compress</project>
                    <description>&lt;p&gt;The fix for &lt;a href="https://issues.apache.org/jira/browse/COMPRESS-117" title="Certain tar files not recognised by ArchiveStreamFactory" class="issue-link" data-issue-key="COMPRESS-117"&gt;&lt;del&gt;COMPRESS-117&lt;/del&gt;&lt;/a&gt; which modified ArchiveStreamFactory().createArchiveInputStream(inputstream) results in short text files (empirically seems to be those &amp;lt;= 100 bytes) being detected as tar archives which obviously is not desirable if one wants to know whether or not the files are archives.&lt;br/&gt;
I'm not an expert on compressed archives but perhaps the heuristic that if a stream is interpretable as a tar file without an exception being thrown should only be applied on archives greater than 100 bytes?&lt;/p&gt;</description>
                <environment>&lt;p&gt;Windows 7/JDK 1.6&lt;/p&gt;</environment>
        <key id="12539182">COMPRESS-171</key>
            <summary>createArchiveInputStream detects text files less than 100 bytes as tar archives</summary>
                <type id="1" iconUrl="https://issues.apache.org/jira/secure/viewavatar?size=xsmall&amp;avatarId=21133&amp;avatarType=issuetype">Bug</type>
                                            <priority id="3" iconUrl="https://issues.apache.org/jira/images/icons/priorities/major.svg">Major</priority>
                        <status id="5" iconUrl="https://issues.apache.org/jira/images/icons/statuses/resolved.png" description="A resolution has been taken, and it is awaiting verification by reporter. From here issues are either reopened, or are closed.">Resolved</status>
                    <statusCategory id="3" key="done" colorName="green" />
                                    <resolution id="1">Fixed</resolution>
                                        <assignee username="-1">Unassigned</assignee>
                                    <reporter username="dan2097">Daniel Lowe</reporter>
                        <labels>
                            <label>detection</label>
                            <label>tar</label>
                    </labels>
                <created>Fri, 20 Jan 2012 17:54:09 +0000</created>
                <updated>Sun, 29 Jan 2012 20:57:38 +0000</updated>
                            <resolved>Sun, 29 Jan 2012 20:57:38 +0000</resolved>
                                    <version>1.2</version>
                    <version>1.3</version>
                                    <fixVersion>1.4</fixVersion>
                                    <component>Archivers</component>
                        <due />
                            <votes>0</votes>
                                    <watches>1</watches>
                                    <timeoriginalestimate seconds="3600">1h</timeoriginalestimate>
                            <timeestimate seconds="3600">1h</timeestimate>
                                        <comments>
                            <comment id="13195842" author="bodewig" created="Sun, 29 Jan 2012 20:57:38 +0000">&lt;p&gt;fixed with svn revision 1237475&lt;/p&gt;</comment>
                    </comments>
                <issuelinks>
                            <issuelinktype id="12310000">
                    <name>Duplicate</name>
                                                                <inwardlinks description="is duplicated by">
                                        <issuelink>
            <issuekey id="12539962">COMPRESS-173</issuekey>
        </issuelink>
                            </inwardlinks>
                                    </issuelinktype>
                    </issuelinks>
                <attachments>
                    </attachments>
                <subtasks>
                    </subtasks>
                <customfields>
                                                                                                                                                                                                                                                                                                                                                                                                                                                                                                                                                                                                                                                                                                                    <customfield id="customfield_12314020" key="com.atlassian.jira.plugins.jira-development-integration-plugin:devsummary">
                        <customfieldname>Development</customfieldname>
                        <customfieldvalues>
                            
                        </customfieldvalues>
                    </customfield>
                                                                                                                        <customfield id="customfield_12313422" key="com.atlassian.jirafisheyeplugin:jobcheckbox">
                        <customfieldname>Enable Automatic Patch Review</customfieldname>
                        <customfieldvalues>
                            <customfieldvalue>false</customfieldvalue>

                        </customfieldvalues>
                    </customfield>
                                                                                                                                                                                                                                                                                                                                                                                                                                                                                                                                                                                                                                                <customfield id="customfield_12310420" key="com.pyxis.greenhopper.jira:gh-global-rank">
                        <customfieldname>Global Rank</customfieldname>
                        <customfieldvalues>
                            <customfieldvalue>224684</customfieldvalue>
                        </customfieldvalues>
                    </customfield>
                                                                                                                                                                                                                                                                                                                                                                                                                                                                        <customfield id="customfield_12311820" key="com.pyxis.greenhopper.jira:gh-lexo-rank">
                        <customfieldname>Rank</customfieldname>
                        <customfieldvalues>
                            <customfieldvalue>0|i0b4bz:</customfieldvalue>

                        </customfieldvalues>
                    </customfield>
                                                                <customfield id="customfield_12310920" key="com.pyxis.greenhopper.jira:gh-global-rank">
                        <customfieldname>Rank (Obsolete)</customfieldname>
                        <customfieldvalues>
                            <customfieldvalue>62814</customfieldvalue>
                        </customfieldvalues>
                    </customfield>
                                                                                                                                                                                                                                                                                                                                                                                                                                                                                                                                                                                                                                                                                                                                                                                            </customfields>
    </item>


</channel>
</rss>