<rss version="0.92">
    <channel>
        <title>ASF JIRA</title>
        <link>https://issues.apache.org/jira/issues/?jql=project+%3D+COMPRESS+and+type+%3D+bug+and+%28status+%3D+RESOLVED+or+status+%3D+closed%29+and+resolution+%3D+Fixed+and+fixVersion+%21%3D+None++and+affectedVersion+%21%3D+None++and+affectedVersion+%21%3D+%22Nightly+Build%22</link>
        <description>An XML representation of a search request</description>
                <language>en-uk</language>
                        <issue start="0" end="188" total="188" />
                <build-info>
            <version>8.20.1</version>
            <build-number>820001</build-number>
            <build-date>28-10-2021</build-date>
        </build-info>

<item>
            <title>[COMPRESS-273] NullPointerException when creation fields/entries from scratch</title>
                <link>https://issues.apache.org/jira/browse/COMPRESS-273</link>
                <project id="12310904" key="COMPRESS">Commons Compress</project>
                    <description>&lt;p&gt;The API has public default constructors for many data types. However, when these 0-argument constructors are used, certain internal references are null, resulting in a NullPointerException soon after.&lt;/p&gt;

&lt;p&gt;This also applies to some 1-argument constructors where two references should be set before get... is used later.&lt;/p&gt;

&lt;p&gt;Either (1) these constructors should be non-public, (2) there should be documentation that certain fields need to be set later for an instance to be usable. In the latter case, there must be public set methods for the missing data.&lt;/p&gt;

&lt;p&gt;The attachment contains a number of similar test cases that show the same issue in a couple of classes.&lt;/p&gt;

&lt;p&gt;An example:&lt;br/&gt;
    org.apache.commons.compress.archivers.zip.UnicodeCommentExtraField var0 = new org.apache.commons.compress.archivers.zip.UnicodeCommentExtraField();&lt;br/&gt;
    org.apache.commons.compress.archivers.zip.ZipShort var1 = var0.getLocalFileDataLength();&lt;/p&gt;</description>
                <environment>&lt;p&gt;Mac OS 10.9, Java 6 and 7&lt;/p&gt;</environment>
        <key id="12707870">COMPRESS-273</key>
            <summary>NullPointerException when creation fields/entries from scratch</summary>
                <type id="1" iconUrl="https://issues.apache.org/jira/secure/viewavatar?size=xsmall&amp;avatarId=21133&amp;avatarType=issuetype">Bug</type>
                                            <priority id="3" iconUrl="https://issues.apache.org/jira/images/icons/priorities/major.svg">Major</priority>
                        <status id="5" iconUrl="https://issues.apache.org/jira/images/icons/statuses/resolved.png" description="A resolution has been taken, and it is awaiting verification by reporter. From here issues are either reopened, or are closed.">Resolved</status>
                    <statusCategory id="3" key="done" colorName="green" />
                                    <resolution id="1">Fixed</resolution>
                                        <assignee username="-1">Unassigned</assignee>
                                    <reporter username="Telcontar">Cyrille Artho</reporter>
                        <labels>
                    </labels>
                <created>Fri, 11 Apr 2014 04:13:32 +0000</created>
                <updated>Wed, 7 May 2014 15:37:14 +0000</updated>
                            <resolved>Fri, 18 Apr 2014 14:14:16 +0000</resolved>
                                    <version>1.8</version>
                                    <fixVersion>1.8.1</fixVersion>
                                    <component>Archivers</component>
                        <due />
                            <votes>0</votes>
                                    <watches>2</watches>
                                                                <comments>
                            <comment id="13967763" author="bodewig" created="Sun, 13 Apr 2014 09:09:52 +0000">&lt;p&gt;for the implementations of ZipExtraField the no-arg constructors are an implementation detail - they are supposed to be used together with the parseFrom* methods.&lt;/p&gt;

&lt;p&gt;I'll look into improving the state verification for the classes you are hitting with your tests.  In all cases the API isn't used as it is supposed to be, so part of the fix will be adapting Javadocs.&lt;/p&gt;</comment>
                            <comment id="13974105" author="bodewig" created="Fri, 18 Apr 2014 14:14:16 +0000">&lt;p&gt;added a few null guards in svn revision 1588476&lt;/p&gt;</comment>
                    </comments>
                    <attachments>
                            <attachment id="12639732" name="RandoopTest.java" size="2970" author="Telcontar" created="Fri, 11 Apr 2014 04:14:43 +0000" />
                    </attachments>
                <subtasks>
                    </subtasks>
                <customfields>
                                                                                                                                                                                                                                                                                                                                                                                                                                                                                                                                                                                                                                                                                                                    <customfield id="customfield_12314020" key="com.atlassian.jira.plugins.jira-development-integration-plugin:devsummary">
                        <customfieldname>Development</customfieldname>
                        <customfieldvalues>
                            
                        </customfieldvalues>
                    </customfield>
                                                                                                                        <customfield id="customfield_12313422" key="com.atlassian.jirafisheyeplugin:jobcheckbox">
                        <customfieldname>Enable Automatic Patch Review</customfieldname>
                        <customfieldvalues>
                            <customfieldvalue>false</customfieldvalue>

                        </customfieldvalues>
                    </customfield>
                                                                                                                                                                                                                                                                                                                                                                                                                                                                                                                                                                                                                                                <customfield id="customfield_12310420" key="com.pyxis.greenhopper.jira:gh-global-rank">
                        <customfieldname>Global Rank</customfieldname>
                        <customfieldvalues>
                            <customfieldvalue>386193</customfieldvalue>
                        </customfieldvalues>
                    </customfield>
                                                                                                                                                                                                                                                                                                                                                                                                                                                                        <customfield id="customfield_12311820" key="com.pyxis.greenhopper.jira:gh-lexo-rank">
                        <customfieldname>Rank</customfieldname>
                        <customfieldvalues>
                            <customfieldvalue>0|i1uj2n:</customfieldvalue>

                        </customfieldvalues>
                    </customfield>
                                                                <customfield id="customfield_12310920" key="com.pyxis.greenhopper.jira:gh-global-rank">
                        <customfieldname>Rank (Obsolete)</customfieldname>
                        <customfieldvalues>
                            <customfieldvalue>386458</customfieldvalue>
                        </customfieldvalues>
                    </customfield>
                                                                                                                                                                                                                                                                                                                                                                                                                                                                                                                                                                                                                                                                                                                                                                                            </customfields>
    </item>


</channel>
</rss>