<rss version="0.92">
    <channel>
        <title>ASF JIRA</title>
        <link>https://issues.apache.org/jira/issues/?jql=project+%3D+COMPRESS+and+type+%3D+bug+and+%28status+%3D+RESOLVED+or+status+%3D+closed%29+and+resolution+%3D+Fixed+and+fixVersion+%21%3D+None++and+affectedVersion+%21%3D+None++and+affectedVersion+%21%3D+%22Nightly+Build%22</link>
        <description>An XML representation of a search request</description>
                <language>en-uk</language>
                        <issue start="0" end="188" total="188" />
                <build-info>
            <version>8.20.1</version>
            <build-number>820001</build-number>
            <build-date>28-10-2021</build-date>
        </build-info>

<item>
            <title>[COMPRESS-219] ZipArchiveInputStream: ArrayIndexOutOfBoundsException when extracting a STORED zip file entry from within a zip.</title>
                <link>https://issues.apache.org/jira/browse/COMPRESS-219</link>
                <project id="12310904" key="COMPRESS">Commons Compress</project>
                    <description>&lt;p&gt;When trying to read out a ZIP file, that has been stored (Method STORE, not DEFLATE!, with DEFLATE it seems OK) in another ZIP file using the ZipArchiveInputStream, I do get an ArrayIndexOutOfBoundsException when doing the arraycopy in ZipArchiveInputStream#readStored(byte[], int, int) (line 362) because the "toRead" is not decreased by the buf.offsetInBuffer.&lt;/p&gt;

&lt;p&gt;I will add the zip in question as attachment.&lt;/p&gt;</description>
                <environment>&lt;p&gt;Windows (Linux as well)&lt;/p&gt;</environment>
        <key id="12632806">COMPRESS-219</key>
            <summary>ZipArchiveInputStream: ArrayIndexOutOfBoundsException when extracting a STORED zip file entry from within a zip.</summary>
                <type id="1" iconUrl="https://issues.apache.org/jira/secure/viewavatar?size=xsmall&amp;avatarId=21133&amp;avatarType=issuetype">Bug</type>
                                            <priority id="4" iconUrl="https://issues.apache.org/jira/images/icons/priorities/minor.svg">Minor</priority>
                        <status id="5" iconUrl="https://issues.apache.org/jira/images/icons/statuses/resolved.png" description="A resolution has been taken, and it is awaiting verification by reporter. From here issues are either reopened, or are closed.">Resolved</status>
                    <statusCategory id="3" key="done" colorName="green" />
                                    <resolution id="1">Fixed</resolution>
                                        <assignee username="-1">Unassigned</assignee>
                                    <reporter username="wurstbrot">Wurstbrot mit Senf</reporter>
                        <labels>
                    </labels>
                <created>Mon, 18 Feb 2013 09:39:37 +0000</created>
                <updated>Fri, 22 Feb 2013 05:08:11 +0000</updated>
                            <resolved>Fri, 22 Feb 2013 05:08:11 +0000</resolved>
                                    <version>1.4.1</version>
                                    <fixVersion>1.5</fixVersion>
                                    <component>Archivers</component>
                        <due />
                            <votes>0</votes>
                                    <watches>2</watches>
                                                                <comments>
                            <comment id="13580521" author="wurstbrot" created="Mon, 18 Feb 2013 09:40:40 +0000">&lt;p&gt;This is the zip file that causes the problems.&lt;/p&gt;</comment>
                            <comment id="13581034" author="bodewig" created="Tue, 19 Feb 2013 05:30:44 +0000">&lt;p&gt;I've copied your test archive to src/test/resources/&lt;a href="https://issues.apache.org/jira/browse/COMPRESS-219" title="ZipArchiveInputStream: ArrayIndexOutOfBoundsException when extracting a STORED zip file entry from within a zip." class="issue-link" data-issue-key="COMPRESS-219"&gt;&lt;del&gt;COMPRESS-219&lt;/del&gt;&lt;/a&gt;.zip and applied the attached test to compress' trunk and it passes.&lt;/p&gt;

&lt;p&gt;Is it possible we've fixed the problem already in trunk?  Or am I missing anything in the test?&lt;/p&gt;</comment>
                            <comment id="13582250" author="wurstbrot" created="Wed, 20 Feb 2013 15:42:33 +0000">&lt;p&gt;What you did in the test, works: you wrote the stream to a file, i.e. you actually copied the internal zip to the file. What causes the problem is the actual deflating of the zip within the zip.&lt;/p&gt;

&lt;p&gt;That is: creating a new ZipArchiveInputStream from the ZipArchiveInputStream like in the following snippet (I rewrote your code a bit for NIO.2, sorry for that &lt;img class="emoticon" src="https://issues.apache.org/jira/images/icons/emoticons/sad.png" height="16" width="16" align="absmiddle" alt="" border="0"/&gt;) so it reproduces the error and attached it to the issue.&lt;/p&gt;</comment>
                            <comment id="13582252" author="wurstbrot" created="Wed, 20 Feb 2013 15:45:09 +0000">&lt;p&gt;Modified test (NIO.2)&lt;/p&gt;

&lt;p&gt;Oh, and forget about the "static" methods. Shouldn't be static &lt;img class="emoticon" src="https://issues.apache.org/jira/images/icons/emoticons/smile.png" height="16" width="16" align="absmiddle" alt="" border="0"/&gt;&lt;/p&gt;</comment>
                            <comment id="13582421" author="bodewig" created="Wed, 20 Feb 2013 19:07:15 +0000">&lt;p&gt;I can't use NIO2 in a Java5 codebase, but I managed to reproduce the bug now &lt;img class="emoticon" src="https://issues.apache.org/jira/images/icons/emoticons/smile.png" height="16" width="16" align="absmiddle" alt="" border="0"/&gt;&lt;/p&gt;

&lt;p&gt;Can I include your test zip in compress' source tree or does it contain sensitive information?&lt;/p&gt;</comment>
                            <comment id="13582447" author="bodewig" created="Wed, 20 Feb 2013 19:24:50 +0000">&lt;p&gt;fixed with svn revision 1448357 - Thanks!&lt;/p&gt;

&lt;p&gt;I'll leave this ticket open until I know whether I can enable the test.&lt;/p&gt;</comment>
                            <comment id="13583100" author="wurstbrot" created="Thu, 21 Feb 2013 10:51:18 +0000">&lt;p&gt;Yes, of course you can include it. It does not contain any sensitive data, in fact, no "data" at all &lt;img class="emoticon" src="https://issues.apache.org/jira/images/icons/emoticons/smile.png" height="16" width="16" align="absmiddle" alt="" border="0"/&gt;&lt;/p&gt;</comment>
                            <comment id="13583919" author="bodewig" created="Fri, 22 Feb 2013 05:08:11 +0000">&lt;p&gt;Test committed, thanks!&lt;/p&gt;</comment>
                    </comments>
                    <attachments>
                            <attachment id="12570142" name="ZipArchiveInputStreamTest.java" size="1304" author="wurstbrot" created="Wed, 20 Feb 2013 15:45:09 +0000" />
                            <attachment id="12569904" name="compress-219-test.patch" size="2321" author="bodewig" created="Tue, 19 Feb 2013 05:30:44 +0000" />
                            <attachment id="12569790" name="test-linux.zip" size="2360" author="wurstbrot" created="Mon, 18 Feb 2013 09:40:40 +0000" />
                    </attachments>
                <subtasks>
                    </subtasks>
                <customfields>
                                                                                                                                                                                                                                                                                                                                                                                                                                                                                                                                                                                                                                                                                                                    <customfield id="customfield_12314020" key="com.atlassian.jira.plugins.jira-development-integration-plugin:devsummary">
                        <customfieldname>Development</customfieldname>
                        <customfieldvalues>
                            
                        </customfieldvalues>
                    </customfield>
                                                                                                                        <customfield id="customfield_12313422" key="com.atlassian.jirafisheyeplugin:jobcheckbox">
                        <customfieldname>Enable Automatic Patch Review</customfieldname>
                        <customfieldvalues>
                            <customfieldvalue>false</customfieldvalue>

                        </customfieldvalues>
                    </customfield>
                                                                                                                                                                                                                                                                                                                                                                                                                                                                                                                                                                                                                                                <customfield id="customfield_12310420" key="com.pyxis.greenhopper.jira:gh-global-rank">
                        <customfieldname>Global Rank</customfieldname>
                        <customfieldvalues>
                            <customfieldvalue>313302</customfieldvalue>
                        </customfieldvalues>
                    </customfield>
                                                                                                                                                                                                                                                                                                                                                                                                                                                                        <customfield id="customfield_12311820" key="com.pyxis.greenhopper.jira:gh-lexo-rank">
                        <customfieldname>Rank</customfieldname>
                        <customfieldvalues>
                            <customfieldvalue>0|i1i2e7:</customfieldvalue>

                        </customfieldvalues>
                    </customfield>
                                                                <customfield id="customfield_12310920" key="com.pyxis.greenhopper.jira:gh-global-rank">
                        <customfieldname>Rank (Obsolete)</customfieldname>
                        <customfieldvalues>
                            <customfieldvalue>313647</customfieldvalue>
                        </customfieldvalues>
                    </customfield>
                                                                                                                                                                                                                                                                                                                                                                                                                                                                                                                                                                                                                                                                                                                                                                                            </customfields>
    </item>


</channel>
</rss>