<rss version="0.92">
    <channel>
        <title>ASF JIRA</title>
        <link>https://issues.apache.org/jira/issues/?jql=project+%3D+COMPRESS+and+type+%3D+bug+and+%28status+%3D+RESOLVED+or+status+%3D+closed%29+and+resolution+%3D+Fixed+and+fixVersion+%21%3D+None++and+affectedVersion+%21%3D+None++and+affectedVersion+%21%3D+%22Nightly+Build%22</link>
        <description>An XML representation of a search request</description>
                <language>en-uk</language>
                        <issue start="0" end="188" total="188" />
                <build-info>
            <version>8.20.1</version>
            <build-number>820001</build-number>
            <build-date>28-10-2021</build-date>
        </build-info>

<item>
            <title>[COMPRESS-75] ZipArchiveInputStream does not show location in file where a problem occurred</title>
                <link>https://issues.apache.org/jira/browse/COMPRESS-75</link>
                <project id="12310904" key="COMPRESS">Commons Compress</project>
                    <description>&lt;p&gt;See &lt;a href="https://issues.apache.org/jira/browse/COMPRESS-62" title="Need many more test cases to check that can read &amp;quot;real&amp;quot; archives" class="issue-link" data-issue-key="COMPRESS-62"&gt;&lt;del&gt;COMPRESS-62&lt;/del&gt;&lt;/a&gt; - if ExtraFieldUtils.parse() detects an error, it only shows the offset within the local buffer, which is fairly useless in tracking down a problem.&lt;/p&gt;

&lt;p&gt;Somehow the current location in the file needs to be determined and added to the Exception message.&lt;/p&gt;

&lt;p&gt;The count/bytesRead field would help, but that actually points to the next available byte, i.e. after the problem area.&lt;br/&gt;
Also, the internal data may have been expanded.&lt;/p&gt;</description>
                <environment />
        <key id="12427108">COMPRESS-75</key>
            <summary>ZipArchiveInputStream does not show location in file where a problem occurred</summary>
                <type id="1" iconUrl="https://issues.apache.org/jira/secure/viewavatar?size=xsmall&amp;avatarId=21133&amp;avatarType=issuetype">Bug</type>
                                            <priority id="3" iconUrl="https://issues.apache.org/jira/images/icons/priorities/major.svg">Major</priority>
                        <status id="5" iconUrl="https://issues.apache.org/jira/images/icons/statuses/resolved.png" description="A resolution has been taken, and it is awaiting verification by reporter. From here issues are either reopened, or are closed.">Resolved</status>
                    <statusCategory id="3" key="done" colorName="green" />
                                    <resolution id="1">Fixed</resolution>
                                        <assignee username="-1">Unassigned</assignee>
                                    <reporter username="sebb">Sebb</reporter>
                        <labels>
                    </labels>
                <created>Thu, 4 Jun 2009 11:12:41 +0000</created>
                <updated>Mon, 31 May 2010 10:07:06 +0000</updated>
                            <resolved>Mon, 31 May 2010 10:07:06 +0000</resolved>
                                    <version>1.0</version>
                                    <fixVersion>1.1</fixVersion>
                                        <due />
                            <votes>0</votes>
                                    <watches>0</watches>
                                                                <comments>
                            <comment id="12832950" author="bodewig" created="Fri, 12 Feb 2010 11:12:26 +0000">&lt;p&gt;With svn revision 909358 you'll get the name of the entry that is causing the problem.  I'm not sure whether this is enough or if you really want the exact byte position.&lt;/p&gt;</comment>
                            <comment id="12864194" author="jukkaz" created="Wed, 5 May 2010 06:41:15 +0000">&lt;p&gt;Is there anything else we need to do for this?&lt;/p&gt;</comment>
                            <comment id="12873607" author="cgrobmeier" created="Mon, 31 May 2010 10:07:06 +0000">&lt;p&gt;As agreed on the ml: fixed&lt;/p&gt;</comment>
                    </comments>
                <issuelinks>
                            <issuelinktype id="10030">
                    <name>Reference</name>
                                            <outwardlinks description="relates to">
                                        <issuelink>
            <issuekey id="12419693">COMPRESS-62</issuekey>
        </issuelink>
                            </outwardlinks>
                                                        </issuelinktype>
                    </issuelinks>
                <attachments>
                    </attachments>
                <subtasks>
                    </subtasks>
                <customfields>
                                                                                                                                                                                                                                                                                                                                                                                                                                                                                                                                                                                                                                                                                                                    <customfield id="customfield_12314020" key="com.atlassian.jira.plugins.jira-development-integration-plugin:devsummary">
                        <customfieldname>Development</customfieldname>
                        <customfieldvalues>
                            
                        </customfieldvalues>
                    </customfield>
                                                                                                                        <customfield id="customfield_12313422" key="com.atlassian.jirafisheyeplugin:jobcheckbox">
                        <customfieldname>Enable Automatic Patch Review</customfieldname>
                        <customfieldvalues>
                            <customfieldvalue>false</customfieldvalue>

                        </customfieldvalues>
                    </customfield>
                                                                                                                                                                                                                                                                                                                                                                                                                                                                                                                                                                                                                                                <customfield id="customfield_12310420" key="com.pyxis.greenhopper.jira:gh-global-rank">
                        <customfieldname>Global Rank</customfieldname>
                        <customfieldvalues>
                            <customfieldvalue>110585</customfieldvalue>
                        </customfieldvalues>
                    </customfield>
                                                                                                                                                                                                                                                                                                                                                                                                                                                                        <customfield id="customfield_12311820" key="com.pyxis.greenhopper.jira:gh-lexo-rank">
                        <customfieldname>Rank</customfieldname>
                        <customfieldvalues>
                            <customfieldvalue>0|i0b4lj:</customfieldvalue>

                        </customfieldvalues>
                    </customfield>
                                                                <customfield id="customfield_12310920" key="com.pyxis.greenhopper.jira:gh-global-rank">
                        <customfieldname>Rank (Obsolete)</customfieldname>
                        <customfieldvalues>
                            <customfieldvalue>62857</customfieldvalue>
                        </customfieldvalues>
                    </customfield>
                                                                                                                                                                                                                                                                                                                                                                                                                                                                                                                                                                                                                                                                                                                                                                                            </customfields>
    </item>


</channel>
</rss>