<rss version="0.92">
    <channel>
        <title>ASF JIRA</title>
        <link>https://issues.apache.org/jira/issues/?jql=project+%3D+COMPRESS+and+type+%3D+bug+and+%28status+%3D+RESOLVED+or+status+%3D+closed%29+and+resolution+%3D+Fixed+and+fixVersion+%21%3D+None++and+affectedVersion+%21%3D+None++and+affectedVersion+%21%3D+%22Nightly+Build%22</link>
        <description>An XML representation of a search request</description>
                <language>en-uk</language>
                        <issue start="0" end="188" total="188" />
                <build-info>
            <version>8.20.1</version>
            <build-number>820001</build-number>
            <build-date>28-10-2021</build-date>
        </build-info>

<item>
            <title>[COMPRESS-415] Wrong class name in one example in the documentation of CPIO format</title>
                <link>https://issues.apache.org/jira/browse/COMPRESS-415</link>
                <project id="12310904" key="COMPRESS">Commons Compress</project>
                    <description>&lt;p&gt;Documentation link:&lt;/p&gt;

&lt;p&gt;&lt;a href="https://commons.apache.org/proper/commons-compress/javadocs/api-release/org/apache/commons/compress/archivers/cpio/CpioArchiveInputStream.html" class="external-link" target="_blank" rel="nofollow noopener"&gt;https://commons.apache.org/proper/commons-compress/javadocs/api-release/org/apache/commons/compress/archivers/cpio/CpioArchiveInputStream.html&lt;/a&gt;&lt;/p&gt;

&lt;p&gt;In the example section, the following class name is used: &lt;tt&gt;CPIOArchiveInputStream&lt;/tt&gt;, where it should be &lt;tt&gt;CpioArchiveInputStream&lt;/tt&gt;.&lt;/p&gt;

&lt;p&gt;Similar thing with &lt;tt&gt;CPIOArchiveEntry&lt;/tt&gt; &amp;#8211; proper class name seems to be &lt;tt&gt;CpioArchiveEntry&lt;/tt&gt;.&lt;/p&gt;</description>
                <environment />
        <key id="13082738">COMPRESS-415</key>
            <summary>Wrong class name in one example in the documentation of CPIO format</summary>
                <type id="1" iconUrl="https://issues.apache.org/jira/secure/viewavatar?size=xsmall&amp;avatarId=21133&amp;avatarType=issuetype">Bug</type>
                                            <priority id="5" iconUrl="https://issues.apache.org/jira/images/icons/priorities/trivial.svg">Trivial</priority>
                        <status id="5" iconUrl="https://issues.apache.org/jira/images/icons/statuses/resolved.png" description="A resolution has been taken, and it is awaiting verification by reporter. From here issues are either reopened, or are closed.">Resolved</status>
                    <statusCategory id="3" key="done" colorName="green" />
                                    <resolution id="1">Fixed</resolution>
                                        <assignee username="-1">Unassigned</assignee>
                                    <reporter username="cyraesil">Grzegorz Antoniak</reporter>
                        <labels>
                    </labels>
                <created>Tue, 27 Jun 2017 08:06:18 +0000</created>
                <updated>Tue, 27 Jun 2017 08:52:40 +0000</updated>
                            <resolved>Tue, 27 Jun 2017 08:52:40 +0000</resolved>
                                    <version>1.14</version>
                                    <fixVersion>1.15</fixVersion>
                                    <component>Documentation</component>
                        <due />
                            <votes>0</votes>
                                    <watches>2</watches>
                                                                <comments>
                            <comment id="16064489" author="bodewig" created="Tue, 27 Jun 2017 08:52:40 +0000">&lt;p&gt;Thanks! Seems to be a wide spread error, result of copy and paste &lt;img class="emoticon" src="https://issues.apache.org/jira/images/icons/emoticons/smile.png" height="16" width="16" align="absmiddle" alt="" border="0"/&gt;&lt;/p&gt;

&lt;p&gt;Fixed with git commit 446843e but I haven't re-generated the master javadocs of the site, yet.&lt;/p&gt;
</comment>
                    </comments>
                    <attachments>
                    </attachments>
                <subtasks>
                    </subtasks>
                <customfields>
                                                                                                                                                                                                                                                                                                                                                                                                                                                                                                                                                                                                                                                                                                                    <customfield id="customfield_12314020" key="com.atlassian.jira.plugins.jira-development-integration-plugin:devsummary">
                        <customfieldname>Development</customfieldname>
                        <customfieldvalues>
                            
                        </customfieldvalues>
                    </customfield>
                                                                                                                        <customfield id="customfield_12313422" key="com.atlassian.jirafisheyeplugin:jobcheckbox">
                        <customfieldname>Enable Automatic Patch Review</customfieldname>
                        <customfieldvalues>
                            <customfieldvalue>false</customfieldvalue>

                        </customfieldvalues>
                    </customfield>
                                                                                                                                                                                                                                                                                                                                                                                                                                                                                                                                                                                                                                                <customfield id="customfield_12310420" key="com.pyxis.greenhopper.jira:gh-global-rank">
                        <customfieldname>Global Rank</customfieldname>
                        <customfieldvalues>
                            <customfieldvalue>9223372036854775807</customfieldvalue>
                        </customfieldvalues>
                    </customfield>
                                                                                                                                                                                                                                                                                                                                                                                                                                                                        <customfield id="customfield_12311820" key="com.pyxis.greenhopper.jira:gh-lexo-rank">
                        <customfieldname>Rank</customfieldname>
                        <customfieldvalues>
                            <customfieldvalue>0|i3grs7:</customfieldvalue>

                        </customfieldvalues>
                    </customfield>
                                                                <customfield id="customfield_12310920" key="com.pyxis.greenhopper.jira:gh-global-rank">
                        <customfieldname>Rank (Obsolete)</customfieldname>
                        <customfieldvalues>
                            <customfieldvalue>9223372036854775807</customfieldvalue>
                        </customfieldvalues>
                    </customfield>
                                                                                                                                                                                                                                                                                                                                                                                                                                                                                                                                                                                                                                                                                                                                                                                            </customfields>
    </item>


</channel>
</rss>