<!-- 
RSS generated by JIRA (6.3.4#6332-sha1:51bc225ef474afe3128b2f66878477f322397b16) at Thu Dec 01 19:10:47 UTC 2016

It is possible to restrict the fields that are returned in this document by specifying the 'field' parameter in your request.
For example, to request only the issue key and summary add field=key&field=summary to the URL of your request.
For example:
https://issues.apache.org/jira/si/jira.issueviews:issue-xml/CODEC-155/CODEC-155.xml?field=key&amp;field=summary
-->
<rss version="0.92" >
<channel>
    <title>ASF JIRA</title>
    <link>https://issues.apache.org/jira</link>
    <description>This file is an XML representation of an issue</description>
    <language>en-uk</language>    <build-info>
        <version>6.3.4</version>
        <build-number>6332</build-number>
        <build-date>15-08-2014</build-date>
    </build-info>

<item>
            <title>[CODEC-155] DigestUtils.getDigest(String) should throw IllegalArgumentException instead of RuntimeException</title>
                <link>https://issues.apache.org/jira/browse/CODEC-155</link>
                <project id="12310464" key="CODEC">Commons Codec</project>
                    <description>&lt;p&gt;DigestUtils.getDigest(String) should throw IllegalArgumentException instead of RuntimeException&lt;/p&gt;</description>
                <environment>&lt;p&gt;Apache Maven 3.0.4 (r1232337; 2012-01-17 03:44:56-0500)&lt;br/&gt;
Maven home: C:\Java\apache-maven-3.0.4\bin\..&lt;br/&gt;
Java version: 1.6.0_31, vendor: Sun Microsystems Inc.&lt;br/&gt;
Java home: C:\Program Files\Java\jdk1.6.0_31\jre&lt;br/&gt;
Default locale: en_US, platform encoding: Cp1252&lt;br/&gt;
OS name: &quot;windows 7&quot;, version: &quot;6.1&quot;, arch: &quot;amd64&quot;, family: &quot;windows&quot;&lt;/p&gt;</environment>
        <key id="12605916">CODEC-155</key>
            <summary>DigestUtils.getDigest(String) should throw IllegalArgumentException instead of RuntimeException</summary>
                <type id="1" iconUrl="https://issues.apache.org/jira/images/icons/issuetypes/bug.png">Bug</type>
                                            <priority id="3" iconUrl="https://issues.apache.org/jira/images/icons/priorities/major.png">Major</priority>
                        <status id="6" iconUrl="https://issues.apache.org/jira/images/icons/statuses/closed.png" description="The issue is considered finished, the resolution is correct. Issues which are closed can be reopened.">Closed</status>
                    <statusCategory id="3" key="done" colorName="green"/>
                                    <resolution id="1">Fixed</resolution>
                                        <assignee username="-1">Unassigned</assignee>
                                    <reporter username="garydgregory">Gary Gregory</reporter>
                        <labels>
                    </labels>
                <created>Sun, 2 Sep 2012 17:37:32 +0000</created>
                <updated>Fri, 14 Sep 2012 20:20:19 +0000</updated>
                            <resolved>Sun, 2 Sep 2012 17:38:23 +0000</resolved>
                                    <version>1.6</version>
                                    <fixVersion>1.7</fixVersion>
                                        <due></due>
                            <votes>0</votes>
                                    <watches>1</watches>
                                                                <comments>
                            <comment id="13446990" author="garydgregory" created="Sun, 2 Sep 2012 17:38:23 +0000"  >&lt;p&gt;commit -m &quot;&lt;a href=&quot;https://issues.apache.org/jira/browse/CODEC-155&quot; title=&quot;DigestUtils.getDigest(String) should throw IllegalArgumentException instead of RuntimeException&quot; class=&quot;issue-link&quot; data-issue-key=&quot;CODEC-155&quot;&gt;&lt;del&gt;CODEC-155&lt;/del&gt;&lt;/a&gt; DigestUtils.getDigest(String) should throw IllegalArgumentException instead of RuntimeException.&quot; C:/svn/org/apache/commons/trunks-proper/codec/src/main/java/org/apache/commons/codec/digest/DigestUtils.java C:/svn/org/apache/commons/trunks-proper/codec/src/main/java/org/apache/commons/codec/digest/Sha2Crypt.java C:/svn/org/apache/commons/trunks-proper/codec/src/changes/changes.xml&lt;br/&gt;
    Sending        C:/svn/org/apache/commons/trunks-proper/codec/src/changes/changes.xml&lt;br/&gt;
    Sending        C:/svn/org/apache/commons/trunks-proper/codec/src/main/java/org/apache/commons/codec/digest/DigestUtils.java&lt;br/&gt;
    Sending        C:/svn/org/apache/commons/trunks-proper/codec/src/main/java/org/apache/commons/codec/digest/Sha2Crypt.java&lt;br/&gt;
    Transmitting file data ...&lt;br/&gt;
    Committed revision 1380010.&lt;/p&gt;</comment>
                            <comment id="13456096" author="garydgregory" created="Fri, 14 Sep 2012 20:20:19 +0000"  >&lt;p&gt;Released in 1.7 today.&lt;/p&gt;</comment>
                    </comments>
                    <attachments>
                    </attachments>
                <subtasks>
                    </subtasks>
                <customfields>
                                                <customfield id="customfield_12310310" key="com.atlassian.jira.toolkit:attachments">
                        <customfieldname>Attachment count</customfieldname>
                        <customfieldvalues>
                            <customfieldvalue>0.0</customfieldvalue>
                        </customfieldvalues>
                    </customfield>
                                                                                                                                                                                                                                                                                                                                                                                                                                                                                                                                                                                                                                                                                                                                                                                                                                                                                                                                        <customfield id="customfield_12310420" key="com.pyxis.greenhopper.jira:gh-global-rank">
                        <customfieldname>Global Rank</customfieldname>
                        <customfieldvalues>
                            <customfieldvalue>244871</customfieldvalue>
                        </customfieldvalues>
                    </customfield>
                                                                                                                        <customfield id="customfield_12312521" key="com.atlassian.jira.toolkit:LastCommentDate">
                        <customfieldname>Last public comment date</customfieldname>
                        <customfieldvalues>
                            4 years, 11 weeks, 5 days ago
                        </customfieldvalues>
                    </customfield>
                                                                                            <customfield id="customfield_12311820" key="com.pyxis.greenhopper.jira:gh-lexo-rank">
                        <customfieldname>Rank</customfieldname>
                        <customfieldvalues>
                            <customfieldvalue>0|i05ufj:</customfieldvalue>

                        </customfieldvalues>
                    </customfield>
                                                                <customfield id="customfield_12310920" key="com.pyxis.greenhopper.jira:gh-global-rank">
                        <customfieldname>Rank (Obsolete)</customfieldname>
                        <customfieldvalues>
                            <customfieldvalue>32027</customfieldvalue>
                        </customfieldvalues>
                    </customfield>
                                                                                                                                                                                                                                        <customfield id="customfield_12310222" key="com.atlassian.jira.ext.charting:timeinstatus">
                        <customfieldname>Time in Status</customfieldname>
                        <customfieldvalues>
                            
                        </customfieldvalues>
                    </customfield>
                                                                                                                        </customfields>
    </item>
</channel>
</rss>