<rss version="0.92">
    <channel>
        <title>ASF JIRA</title>
        <link>https://issues.apache.org/jira/issues/?jql=project+%3D+CLI+and+type+%3D+bug+and+%28status+%3D+RESOLVED+or+status+%3D+closed%29</link>
        <description>An XML representation of a search request</description>
                <language>en-uk</language>
                        <issue start="0" end="155" total="155" />
                <build-info>
            <version>8.20.7</version>
            <build-number>820007</build-number>
            <build-date>16-03-2022</build-date>
        </build-info>

<item>
            <title>[CLI-127] Date validation tests are locale dependent</title>
                <link>https://issues.apache.org/jira/browse/CLI-127</link>
                <project id="12310463" key="CLI">Commons CLI</project>
                    <description>&lt;p&gt;Date validation tests have strings such as Dec or Jan to specify months. In Italian locale the tests fails because the correct strings are Dic and Gen.&lt;br/&gt;
Use DateFormatSymbols to make the test locale independent&lt;/p&gt;</description>
                <environment />
        <key id="12360668">CLI-127</key>
            <summary>Date validation tests are locale dependent</summary>
                <type id="1" iconUrl="https://issues.apache.org/jira/secure/viewavatar?size=xsmall&amp;avatarId=21133&amp;avatarType=issuetype">Bug</type>
                                            <priority id="3" iconUrl="https://issues.apache.org/jira/images/icons/priorities/major.svg">Major</priority>
                        <status id="6" iconUrl="https://issues.apache.org/jira/images/icons/statuses/closed.png" description="The issue is considered finished, the resolution is correct. Issues which are not closed can be reopened.">Closed</status>
                    <statusCategory id="3" key="done" colorName="green" />
                                    <resolution id="1">Fixed</resolution>
                                        <assignee username="-1">Unassigned</assignee>
                                    <reporter username="aaime">Andrea Aime</reporter>
                        <labels>
                    </labels>
                <created>Wed, 17 Jan 2007 11:22:34 +0000</created>
                <updated>Thu, 15 Mar 2007 16:48:40 +0000</updated>
                            <resolved>Thu, 15 Mar 2007 16:45:09 +0000</resolved>
                                    <version>2.0</version>
                                    <fixVersion>2.0</fixVersion>
                                    <component>CLI-2.x</component>
                        <due />
                            <votes>0</votes>
                                    <watches>0</watches>
                                                                <comments>
                            <comment id="12465421" author="aaime" created="Wed, 17 Jan 2007 11:23:18 +0000">&lt;p&gt;Attached a patch to fix the issue&lt;/p&gt;</comment>
                            <comment id="12481216" author="bayard" created="Thu, 15 Mar 2007 16:45:09 +0000">&lt;p&gt;svn ci -m "Fixing tests so they pass in Italy as per #&lt;a href="https://issues.apache.org/jira/browse/CLI-127" title="Date validation tests are locale dependent" class="issue-link" data-issue-key="CLI-127"&gt;&lt;del&gt;CLI-127&lt;/del&gt;&lt;/a&gt;"&lt;/p&gt;

&lt;p&gt;Sending        src/test/org/apache/commons/cli2/validation/DateValidatorTest.java&lt;br/&gt;
Transmitting file data .&lt;br/&gt;
Committed revision 518683.&lt;/p&gt;

&lt;p&gt;Thanks Andrea.&lt;/p&gt;</comment>
                    </comments>
                    <attachments>
                            <attachment id="12349080" name="DateValidatorTest.java" size="1541" author="aaime" created="Wed, 17 Jan 2007 11:23:04 +0000" />
                    </attachments>
                <subtasks>
                    </subtasks>
                <customfields>
                                                                                                                                                                                                                                                                                                                                                                                                                                                                                                                                                                                                                                                                                                                    <customfield id="customfield_12314020" key="com.atlassian.jira.plugins.jira-development-integration-plugin:devsummary">
                        <customfieldname>Development</customfieldname>
                        <customfieldvalues>
                            
                        </customfieldvalues>
                    </customfield>
                                                                                                                        <customfield id="customfield_12313422" key="com.atlassian.jirafisheyeplugin:jobcheckbox">
                        <customfieldname>Enable Automatic Patch Review</customfieldname>
                        <customfieldvalues>
                            <customfieldvalue>false</customfieldvalue>

                        </customfieldvalues>
                    </customfield>
                                                                                                                                                                                                                                                                                                                                                                                                                                                                                                                                                                                                                                                <customfield id="customfield_12310420" key="com.pyxis.greenhopper.jira:gh-global-rank">
                        <customfieldname>Global Rank</customfieldname>
                        <customfieldvalues>
                            <customfieldvalue>107901</customfieldvalue>
                        </customfieldvalues>
                    </customfield>
                                                                                                                                                                                                                                                                                                                                                                                                                                                                        <customfield id="customfield_12311820" key="com.pyxis.greenhopper.jira:gh-lexo-rank">
                        <customfieldname>Rank</customfieldname>
                        <customfieldvalues>
                            <customfieldvalue>0|i0ud9r:</customfieldvalue>

                        </customfieldvalues>
                    </customfield>
                                                                <customfield id="customfield_12310920" key="com.pyxis.greenhopper.jira:gh-global-rank">
                        <customfieldname>Rank (Obsolete)</customfieldname>
                        <customfieldvalues>
                            <customfieldvalue>175291</customfieldvalue>
                        </customfieldvalues>
                    </customfield>
                                                                                                                                                                                                                                                                                                                                                                                                                                                                                                                                                                                                                                                                                                                                                                                            </customfields>
    </item>


</channel>
</rss>