<rss version="0.92">
    <channel>
        <title>ASF JIRA</title>
        <link>https://issues.apache.org/jira/issues/?jql=project+%3D+CLI+and+type+%3D+bug+and+%28status+%3D+RESOLVED+or+status+%3D+closed%29</link>
        <description>An XML representation of a search request</description>
                <language>en-uk</language>
                        <issue start="0" end="155" total="155" />
                <build-info>
            <version>8.20.7</version>
            <build-number>820007</build-number>
            <build-date>16-03-2022</build-date>
        </build-info>

<item>
            <title>[CLI-20] MissingArgumentException: no argument for &lt;option&gt; is thrown when the option's parameter equals to an existing option.</title>
                <link>https://issues.apache.org/jira/browse/CLI-20</link>
                <project id="12310463" key="CLI">Commons CLI</project>
                    <description>&lt;p&gt;MissingArgumentException: no argument for &amp;lt;option&amp;gt; is thrown when the option's&lt;br/&gt;
parameter equals to an existing option. Example:&lt;br/&gt;
-l option1&lt;br/&gt;
-m option2&lt;/p&gt;

&lt;p&gt;//this will throw exception&lt;br/&gt;
$app -l m&lt;/p&gt;

&lt;p&gt;Test case follows:&lt;br/&gt;
import junit.framework.*;&lt;br/&gt;
import org.apache.log4j.*;&lt;br/&gt;
import org.apache.commons.cli.*;&lt;/p&gt;

&lt;p&gt;public class CliTest extends TestCase {&lt;br/&gt;
	CommandLineParser parser;&lt;/p&gt;

&lt;p&gt;	public CliTest(String name) &lt;/p&gt;
{
		super(name);
	}
&lt;p&gt;	protected void setUp() throws Exception &lt;/p&gt;
{
		parser = new PosixParser();
	}
&lt;p&gt;	public void testParamNamedAsOption() throws Exception {&lt;br/&gt;
		final String[] CLI_ARGS = new String[] &lt;/p&gt;
{"-z", "c"}
&lt;p&gt;;&lt;br/&gt;
		Option option = new Option("z", "timezone", true, &lt;br/&gt;
			"affected option");&lt;br/&gt;
		Options cliOptions = new Options();&lt;br/&gt;
		cliOptions.addOption(option);&lt;br/&gt;
		parser.parse(cliOptions, CLI_ARGS);&lt;/p&gt;

&lt;p&gt;		//now add conflicting option&lt;br/&gt;
		cliOptions.addOption("c", "conflict", true, "conflict option");&lt;br/&gt;
		parser.parse(cliOptions, CLI_ARGS);&lt;br/&gt;
	}&lt;br/&gt;
}&lt;/p&gt;</description>
                <environment>&lt;p&gt;Operating System: All&lt;br/&gt;
Platform: PC&lt;/p&gt;</environment>
        <key id="12340446">CLI-20</key>
            <summary>MissingArgumentException: no argument for &lt;option&gt; is thrown when the option's parameter equals to an existing option.</summary>
                <type id="1" iconUrl="https://issues.apache.org/jira/secure/viewavatar?size=xsmall&amp;avatarId=21133&amp;avatarType=issuetype">Bug</type>
                                            <priority id="3" iconUrl="https://issues.apache.org/jira/images/icons/priorities/major.svg">Major</priority>
                        <status id="6" iconUrl="https://issues.apache.org/jira/images/icons/statuses/closed.png" description="The issue is considered finished, the resolution is correct. Issues which are not closed can be reopened.">Closed</status>
                    <statusCategory id="3" key="done" colorName="green" />
                                    <resolution id="1">Fixed</resolution>
                                        <assignee username="-1">Unassigned</assignee>
                                    <reporter username="ledestin@amur.ru">Dmitry Macsema</reporter>
                        <labels>
                    </labels>
                <created>Wed, 4 Dec 2002 11:41:23 +0000</created>
                <updated>Thu, 15 Mar 2007 16:49:10 +0000</updated>
                            <resolved>Thu, 15 Mar 2007 16:49:10 +0000</resolved>
                                    <version>1.0</version>
                                    <fixVersion>2.0</fixVersion>
                                    <component>CLI-2.x</component>
                        <due />
                            <votes>0</votes>
                                    <watches>0</watches>
                                                                <comments>
                            <comment id="12403301" author="jbjk" created="Thu, 16 Jan 2003 18:26:34 +0000">&lt;p&gt;This issue is resolved. The test has been added to BugTest.&lt;/p&gt;
</comment>
                            <comment id="12403302" author="ddekany@freemail.hu" created="Sun, 9 Feb 2003 01:18:26 +0000">&lt;p&gt;Still bad. You parse the options for two times in BugTest.test15046, and this hides the bug. &lt;br/&gt;
Remove the redundant line from BugTest.test15046 where you parse the options first &lt;br/&gt;
(parser.parse(cliOptions, CLI_ARGS)). Then the exception will be raied as the reporter said.&lt;/p&gt;</comment>
                            <comment id="12403303" author="jbjk" created="Fri, 31 Oct 2003 08:24:48 +0000">&lt;p&gt;This is resolved in CLI 2.  I have added a test case (see the bugs package) - check out the source in &lt;br/&gt;
the sandbox for more information.&lt;/p&gt;</comment>
                    </comments>
                    <attachments>
                    </attachments>
                <subtasks>
                    </subtasks>
                <customfields>
                                                                                                                                                                                                                                                                                                                                                                                                                                                                                                                                                                                                    <customfield id="customfield_10010" key="com.atlassian.jira.plugin.system.customfieldtypes:importid">
                        <customfieldname>Bugzilla Id</customfieldname>
                        <customfieldvalues>
                            <customfieldvalue>15046</customfieldvalue>
                        </customfieldvalues>
                    </customfield>
                                                                                                                                                    <customfield id="customfield_12314020" key="com.atlassian.jira.plugins.jira-development-integration-plugin:devsummary">
                        <customfieldname>Development</customfieldname>
                        <customfieldvalues>
                            
                        </customfieldvalues>
                    </customfield>
                                                                                                                        <customfield id="customfield_12313422" key="com.atlassian.jirafisheyeplugin:jobcheckbox">
                        <customfieldname>Enable Automatic Patch Review</customfieldname>
                        <customfieldvalues>
                            <customfieldvalue>false</customfieldvalue>

                        </customfieldvalues>
                    </customfield>
                                                                                                                                                                                                                                                                                                                                                                                                                                                                                                                                                                                                                                                <customfield id="customfield_12310420" key="com.pyxis.greenhopper.jira:gh-global-rank">
                        <customfieldname>Global Rank</customfieldname>
                        <customfieldvalues>
                            <customfieldvalue>40208</customfieldvalue>
                        </customfieldvalues>
                    </customfield>
                                                                                                                                                                                                                                                                                                                                                                                                                                                                        <customfield id="customfield_12311820" key="com.pyxis.greenhopper.jira:gh-lexo-rank">
                        <customfieldname>Rank</customfieldname>
                        <customfieldvalues>
                            <customfieldvalue>0|i0fs8f:</customfieldvalue>

                        </customfieldvalues>
                    </customfield>
                                                                <customfield id="customfield_12310920" key="com.pyxis.greenhopper.jira:gh-global-rank">
                        <customfieldname>Rank (Obsolete)</customfieldname>
                        <customfieldvalues>
                            <customfieldvalue>90171</customfieldvalue>
                        </customfieldvalues>
                    </customfield>
                                                                                                                                                                                                                                                                                                                                                                                                                                                                                                                                                                                                                                                                                                                                                                                            </customfields>
    </item>


</channel>
</rss>