<rss version="0.92">
    <channel>
        <title>ASF JIRA</title>
        <link>https://issues.apache.org/jira/issues/?jql=project+%3D+CLI+and+type+%3D+bug+and+%28status+%3D+RESOLVED+or+status+%3D+closed%29</link>
        <description>An XML representation of a search request</description>
                <language>en-uk</language>
                        <issue start="0" end="155" total="155" />
                <build-info>
            <version>8.20.7</version>
            <build-number>820007</build-number>
            <build-date>16-03-2022</build-date>
        </build-info>

<item>
            <title>[CLI-156] Missing required options not throwing MissingOptionException</title>
                <link>https://issues.apache.org/jira/browse/CLI-156</link>
                <project id="12310463" key="CLI">Commons CLI</project>
                    <description>&lt;p&gt;When an Options object is used to parse a second set of command arguments it won't throw a MissingOptionException.&lt;/p&gt;

&lt;div class="code panel" style="border-width: 1px;"&gt;&lt;div class="codeContent panelContent"&gt;
&lt;pre class="code-java"&gt;&lt;span class="code-keyword"&gt;import&lt;/span&gt; org.apache.commons.cli.CommandLine;
&lt;span class="code-keyword"&gt;import&lt;/span&gt; org.apache.commons.cli.GnuParser;
&lt;span class="code-keyword"&gt;import&lt;/span&gt; org.apache.commons.cli.OptionBuilder;
&lt;span class="code-keyword"&gt;import&lt;/span&gt; org.apache.commons.cli.Options;
&lt;span class="code-keyword"&gt;import&lt;/span&gt; org.apache.commons.cli.ParseException;

&lt;span class="code-keyword"&gt;public&lt;/span&gt; &lt;span class="code-keyword"&gt;class &lt;/span&gt;Example
{
	&lt;span class="code-keyword"&gt;public&lt;/span&gt; &lt;span class="code-keyword"&gt;static&lt;/span&gt; void main(&lt;span class="code-object"&gt;String&lt;/span&gt;[] args) &lt;span class="code-keyword"&gt;throws&lt;/span&gt; ParseException
	{
		brokenExample();
		workingExample();
	}

	&lt;span class="code-comment"&gt;// &lt;span class="code-keyword"&gt;throws&lt;/span&gt; exception as expected
&lt;/span&gt;	&lt;span class="code-keyword"&gt;private&lt;/span&gt; &lt;span class="code-keyword"&gt;static&lt;/span&gt; void workingExample() &lt;span class="code-keyword"&gt;throws&lt;/span&gt; ParseException
	{
		&lt;span class="code-object"&gt;String&lt;/span&gt;[] args = {};

		Options opts = &lt;span class="code-keyword"&gt;new&lt;/span&gt; Options();
		opts.addOption(OptionBuilder.isRequired().create(&lt;span class="code-quote"&gt;'v'&lt;/span&gt;));

		GnuParser parser = &lt;span class="code-keyword"&gt;new&lt;/span&gt; GnuParser();
		CommandLine secondCL = parser.parse(opts, args);

		&lt;span class="code-object"&gt;System&lt;/span&gt;.out.println(&lt;span class="code-quote"&gt;"Done workingExample"&lt;/span&gt;);
	}

	&lt;span class="code-comment"&gt;// fails to &lt;span class="code-keyword"&gt;throw&lt;/span&gt; exception on second invocation of parse
&lt;/span&gt;	&lt;span class="code-keyword"&gt;private&lt;/span&gt; &lt;span class="code-keyword"&gt;static&lt;/span&gt; void brokenExample() &lt;span class="code-keyword"&gt;throws&lt;/span&gt; ParseException
	{
		&lt;span class="code-object"&gt;String&lt;/span&gt;[] firstArgs = { &lt;span class="code-quote"&gt;"-v"&lt;/span&gt; };
		&lt;span class="code-object"&gt;String&lt;/span&gt;[] secondArgs = {};

		Options opts = &lt;span class="code-keyword"&gt;new&lt;/span&gt; Options();
		opts.addOption(OptionBuilder.isRequired().create(&lt;span class="code-quote"&gt;'v'&lt;/span&gt;));

		GnuParser parser = &lt;span class="code-keyword"&gt;new&lt;/span&gt; GnuParser();
		CommandLine firstCL = parser.parse(opts, firstArgs);
		CommandLine secondCL = parser.parse(opts, secondArgs);

		&lt;span class="code-object"&gt;System&lt;/span&gt;.out.println(&lt;span class="code-quote"&gt;"Done brokenExample"&lt;/span&gt;);
	}
}
&lt;/pre&gt;
&lt;/div&gt;&lt;/div&gt;

&lt;p&gt;This is a result of the Options object returning the reference to its own list and the parsers modifying that list. The first call is removing the required options as they are found and subsequent calls get back an empty list.&lt;/p&gt;</description>
                <environment />
        <key id="12396927">CLI-156</key>
            <summary>Missing required options not throwing MissingOptionException</summary>
                <type id="1" iconUrl="https://issues.apache.org/jira/secure/viewavatar?size=xsmall&amp;avatarId=21133&amp;avatarType=issuetype">Bug</type>
                                            <priority id="5" iconUrl="https://issues.apache.org/jira/images/icons/priorities/trivial.svg">Trivial</priority>
                        <status id="6" iconUrl="https://issues.apache.org/jira/images/icons/statuses/closed.png" description="The issue is considered finished, the resolution is correct. Issues which are not closed can be reopened.">Closed</status>
                    <statusCategory id="3" key="done" colorName="green" />
                                    <resolution id="1">Fixed</resolution>
                                        <assignee username="-1">Unassigned</assignee>
                                    <reporter username="jwilde">Jeremy Wilde</reporter>
                        <labels>
                    </labels>
                <created>Tue, 27 May 2008 21:35:39 +0000</created>
                <updated>Fri, 30 May 2008 06:08:37 +0000</updated>
                            <resolved>Thu, 29 May 2008 13:39:50 +0000</resolved>
                                    <version>1.1</version>
                                    <fixVersion>1.2</fixVersion>
                                    <component>Parser</component>
                        <due />
                            <votes>0</votes>
                                    <watches>1</watches>
                                                                <comments>
                            <comment id="12600385" author="bayard" created="Wed, 28 May 2008 06:53:14 +0000">&lt;p&gt;Seems like it should be easy to solve by cloning the list before returning.&lt;/p&gt;</comment>
                            <comment id="12600769" author="ebourg" created="Thu, 29 May 2008 13:38:03 +0000">&lt;p&gt;Fixed, I cloned the list in the parser, it seemed better than cloning the list in the getter.&lt;/p&gt;</comment>
                    </comments>
                    <attachments>
                    </attachments>
                <subtasks>
                    </subtasks>
                <customfields>
                                                                                                                                                                                                                                                                                                                                                                                                                                                                                                                                                                                                                                                                                                                    <customfield id="customfield_12314020" key="com.atlassian.jira.plugins.jira-development-integration-plugin:devsummary">
                        <customfieldname>Development</customfieldname>
                        <customfieldvalues>
                            
                        </customfieldvalues>
                    </customfield>
                                                                                                                        <customfield id="customfield_12313422" key="com.atlassian.jirafisheyeplugin:jobcheckbox">
                        <customfieldname>Enable Automatic Patch Review</customfieldname>
                        <customfieldvalues>
                            <customfieldvalue>false</customfieldvalue>

                        </customfieldvalues>
                    </customfield>
                                                                                                                                                                                                                                                                                                                                                                                                                                                                                                                                                                                                                                                <customfield id="customfield_12310420" key="com.pyxis.greenhopper.jira:gh-global-rank">
                        <customfieldname>Global Rank</customfieldname>
                        <customfieldvalues>
                            <customfieldvalue>40189</customfieldvalue>
                        </customfieldvalues>
                    </customfield>
                                                                                                                                                                                                                                                                                                                                                                                                                                                                        <customfield id="customfield_12311820" key="com.pyxis.greenhopper.jira:gh-lexo-rank">
                        <customfieldname>Rank</customfieldname>
                        <customfieldvalues>
                            <customfieldvalue>0|i0frnr:</customfieldvalue>

                        </customfieldvalues>
                    </customfield>
                                                                <customfield id="customfield_12310920" key="com.pyxis.greenhopper.jira:gh-global-rank">
                        <customfieldname>Rank (Obsolete)</customfieldname>
                        <customfieldvalues>
                            <customfieldvalue>90078</customfieldvalue>
                        </customfieldvalues>
                    </customfield>
                                                                                                                                                                                                                                                                                                                                                                                                                                                                                                                                                                                                                                                                                                                                                                                            </customfields>
    </item>


</channel>
</rss>