<rss version="0.92">
    <channel>
        <title>ASF JIRA</title>
        <link>https://issues.apache.org/jira/issues/?jql=project+%3D+CLI+and+type+%3D+bug+and+%28status+%3D+RESOLVED+or+status+%3D+closed%29</link>
        <description>An XML representation of a search request</description>
                <language>en-uk</language>
                        <issue start="0" end="155" total="155" />
                <build-info>
            <version>8.20.7</version>
            <build-number>820007</build-number>
            <build-date>16-03-2022</build-date>
        </build-info>

<item>
            <title>[CLI-56] [cli] clone() method doesn't fully clone contents</title>
                <link>https://issues.apache.org/jira/browse/CLI-56</link>
                <project id="12310463" key="CLI">Commons CLI</project>
                    <description>&lt;p&gt;Broken out from #19749.&lt;/p&gt;

&lt;p&gt;I'm a little weary of fixing this in case it was done this way on purpose... if&lt;br/&gt;
anyone cloning options would care to reasure me it would be appreciated.  Also&lt;br/&gt;
need to decide if cli2 Options should be Cloneable&lt;/p&gt;

&lt;p&gt;Rob&lt;/p&gt;</description>
                <environment>&lt;p&gt;Operating System: other&lt;br/&gt;
Platform: Other&lt;/p&gt;</environment>
        <key id="12341412">CLI-56</key>
            <summary>[cli] clone() method doesn't fully clone contents</summary>
                <type id="1" iconUrl="https://issues.apache.org/jira/secure/viewavatar?size=xsmall&amp;avatarId=21133&amp;avatarType=issuetype">Bug</type>
                                            <priority id="3" iconUrl="https://issues.apache.org/jira/images/icons/priorities/major.svg">Major</priority>
                        <status id="6" iconUrl="https://issues.apache.org/jira/images/icons/statuses/closed.png" description="The issue is considered finished, the resolution is correct. Issues which are not closed can be reopened.">Closed</status>
                    <statusCategory id="3" key="done" colorName="green" />
                                    <resolution id="1">Fixed</resolution>
                                        <assignee username="-1">Unassigned</assignee>
                                    <reporter username="roxspring">Robert James Oxspring</reporter>
                        <labels>
                    </labels>
                <created>Tue, 20 Apr 2004 07:24:52 +0000</created>
                <updated>Thu, 15 Mar 2007 16:49:15 +0000</updated>
                            <resolved>Thu, 15 Mar 2007 16:49:15 +0000</resolved>
                                    <version>1.0</version>
                                    <fixVersion>1.1</fixVersion>
                                    <component>CLI-1.x</component>
                        <due />
                            <votes>0</votes>
                                    <watches>0</watches>
                                                                <comments>
                            <comment id="12406495" author="sebb@apache.org" created="Sun, 3 Oct 2004 16:48:12 +0000">&lt;p&gt;The clone() method in CLI Option v 1.0 fails to clone the values array; this&lt;br/&gt;
means one can't pick up the values from options like "-D property=value"&lt;/p&gt;

&lt;p&gt;Not sure whether the clone() method is really required - do options need to be&lt;br/&gt;
cloneable? Might be better to provide a copy constructor instead, and avoid all&lt;br/&gt;
the problems with clone.&lt;/p&gt;
</comment>
                            <comment id="12406496" author="bayard" created="Wed, 8 Mar 2006 14:40:06 +0000">&lt;p&gt;clone() showed up in a commit from jkeyes, whose comment doesn't indicate any&lt;br/&gt;
reason for the addition:&lt;/p&gt;

&lt;p&gt;&lt;a href="http://svn.apache.org/viewcvs.cgi/jakarta/commons/proper/cli/trunk/src/java/org/apache/commons/cli/Option.java?rev=129799&amp;amp;r1=129796&amp;amp;r2=129799" class="external-link" target="_blank" rel="nofollow noopener"&gt;http://svn.apache.org/viewcvs.cgi/jakarta/commons/proper/cli/trunk/src/java/org/apache/commons/cli/Option.java?rev=129799&amp;amp;r1=129796&amp;amp;r2=129799&lt;/a&gt;&lt;/p&gt;</comment>
                            <comment id="12406497" author="bayard" created="Wed, 8 Mar 2006 14:41:59 +0000">&lt;p&gt;Removed clone() from Option - thus resolving this bug.&lt;/p&gt;</comment>
                    </comments>
                    <attachments>
                    </attachments>
                <subtasks>
                    </subtasks>
                <customfields>
                                                                                                                                                                                                                                                                                                                                                                                                                                                                                                                                                                                                    <customfield id="customfield_10010" key="com.atlassian.jira.plugin.system.customfieldtypes:importid">
                        <customfieldname>Bugzilla Id</customfieldname>
                        <customfieldvalues>
                            <customfieldvalue>28482</customfieldvalue>
                        </customfieldvalues>
                    </customfield>
                                                                                                                                                    <customfield id="customfield_12314020" key="com.atlassian.jira.plugins.jira-development-integration-plugin:devsummary">
                        <customfieldname>Development</customfieldname>
                        <customfieldvalues>
                            
                        </customfieldvalues>
                    </customfield>
                                                                                                                        <customfield id="customfield_12313422" key="com.atlassian.jirafisheyeplugin:jobcheckbox">
                        <customfieldname>Enable Automatic Patch Review</customfieldname>
                        <customfieldvalues>
                            <customfieldvalue>false</customfieldvalue>

                        </customfieldvalues>
                    </customfield>
                                                                                                                                                                                                                                                                                                                                                                                                                                                                                                                                                                                                                                                <customfield id="customfield_12310420" key="com.pyxis.greenhopper.jira:gh-global-rank">
                        <customfieldname>Global Rank</customfieldname>
                        <customfieldvalues>
                            <customfieldvalue>107850</customfieldvalue>
                        </customfieldvalues>
                    </customfield>
                                                                                                                                                                                                                                                                                                                                                                                                                                                                        <customfield id="customfield_12311820" key="com.pyxis.greenhopper.jira:gh-lexo-rank">
                        <customfieldname>Rank</customfieldname>
                        <customfieldvalues>
                            <customfieldvalue>0|i0fruf:</customfieldvalue>

                        </customfieldvalues>
                    </customfield>
                                                                <customfield id="customfield_12310920" key="com.pyxis.greenhopper.jira:gh-global-rank">
                        <customfieldname>Rank (Obsolete)</customfieldname>
                        <customfieldvalues>
                            <customfieldvalue>90108</customfieldvalue>
                        </customfieldvalues>
                    </customfield>
                                                                                                                                                                                                                                                                                                                                                                                                                                                                                                                                                                                                                                                                                                                                                                                            </customfields>
    </item>


</channel>
</rss>