<rss version="0.92">
    <channel>
        <title>ASF JIRA</title>
        <link>https://issues.apache.org/jira/issues/?jql=project+%3D+CLI+and+type+%3D+bug+and+%28status+%3D+RESOLVED+or+status+%3D+closed%29</link>
        <description>An XML representation of a search request</description>
                <language>en-uk</language>
                        <issue start="0" end="155" total="155" />
                <build-info>
            <version>8.20.7</version>
            <build-number>820007</build-number>
            <build-date>16-03-2022</build-date>
        </build-info>

<item>
            <title>[CLI-45] [CLI][PATCH] Documentation errors</title>
                <link>https://issues.apache.org/jira/browse/CLI-45</link>
                <project id="12310463" key="CLI">Commons CLI</project>
                    <description>&lt;p&gt;I've been learning how to use commons-cli and found a few errors in the&lt;br/&gt;
documentation. There are some links go to the wrong place, some spelling&lt;br/&gt;
mistakes and more importantly some errors in the example code. I'll be attaching&lt;br/&gt;
patches shortly.&lt;/p&gt;</description>
                <environment>&lt;p&gt;Operating System: other&lt;br/&gt;
Platform: Other&lt;/p&gt;</environment>
        <key id="12341572">CLI-45</key>
            <summary>[CLI][PATCH] Documentation errors</summary>
                <type id="1" iconUrl="https://issues.apache.org/jira/secure/viewavatar?size=xsmall&amp;avatarId=21133&amp;avatarType=issuetype">Bug</type>
                                            <priority id="3" iconUrl="https://issues.apache.org/jira/images/icons/priorities/major.svg">Major</priority>
                        <status id="6" iconUrl="https://issues.apache.org/jira/images/icons/statuses/closed.png" description="The issue is considered finished, the resolution is correct. Issues which are not closed can be reopened.">Closed</status>
                    <statusCategory id="3" key="done" colorName="green" />
                                    <resolution id="1">Fixed</resolution>
                                        <assignee username="-1">Unassigned</assignee>
                                    <reporter username="dennisl@apache.org">Dennis Lundberg</reporter>
                        <labels>
                    </labels>
                <created>Wed, 14 Jul 2004 06:07:40 +0000</created>
                <updated>Thu, 15 Mar 2007 16:49:14 +0000</updated>
                            <resolved>Thu, 15 Mar 2007 16:49:14 +0000</resolved>
                                    <version>1.0</version>
                                    <fixVersion>1.1</fixVersion>
                                    <component>CLI-1.x</component>
                        <due />
                            <votes>0</votes>
                                    <watches>0</watches>
                                                                <comments>
                            <comment id="12407006" author="dennisl@apache.org" created="Wed, 14 Jul 2004 06:11:03 +0000">&lt;p&gt;Created an attachment (id=12104)&lt;br/&gt;
Fixes spelling and mistargeted link&lt;/p&gt;</comment>
                            <comment id="12407007" author="dennisl@apache.org" created="Wed, 14 Jul 2004 06:12:23 +0000">&lt;p&gt;Created an attachment (id=12105)&lt;br/&gt;
Fixes spelling and mistargeted link&lt;/p&gt;</comment>
                            <comment id="12407008" author="dennisl@apache.org" created="Wed, 14 Jul 2004 06:15:20 +0000">&lt;p&gt;Created an attachment (id=12106)&lt;br/&gt;
Fixes spelling, mistargeted links and example code errors&lt;/p&gt;</comment>
                            <comment id="12407009" author="dennisl@apache.org" created="Thu, 15 Jul 2004 03:45:48 +0000">&lt;p&gt;Created an attachment (id=12112)&lt;br/&gt;
Replaces the first patch for usage.xml and adds a couple of more fixes&lt;/p&gt;</comment>
                            <comment id="12407010" author="dennisl@apache.org" created="Thu, 15 Jul 2004 03:49:22 +0000">&lt;p&gt;Just to be clear here. Attachment 12106 can be ignored. Use attachment 12112&lt;br/&gt;
instead. The last one includes everything from the first one, and also makes&lt;br/&gt;
sure that the examples uses the correct Parser implementations.&lt;/p&gt;</comment>
                            <comment id="12407011" author="roxspring" created="Thu, 22 Jul 2004 04:22:56 +0000">&lt;p&gt;Patch from 07/14/04 20:45 has been applied, thanks.  I don't think it gets&lt;br/&gt;
pushed to the live site automatically so I'm not marking it fixed until it does.&lt;/p&gt;

&lt;p&gt;Rob&lt;/p&gt;</comment>
                            <comment id="12407012" author="roxspring" created="Wed, 18 Aug 2004 17:12:18 +0000">&lt;p&gt;After the initial misunderstanding the other changes have been applied too.&lt;/p&gt;</comment>
                    </comments>
                    <attachments>
                            <attachment id="12332980" name="ASF.LICENSE.NOT.GRANTED--introduction.xml.patch" size="1777" author="dennisl@apache.org" created="Wed, 14 Jul 2004 06:11:03 +0000" />
                            <attachment id="12332981" name="ASF.LICENSE.NOT.GRANTED--properties.xml.patch" size="876" author="dennisl@apache.org" created="Wed, 14 Jul 2004 06:12:23 +0000" />
                            <attachment id="12332983" name="ASF.LICENSE.NOT.GRANTED--usage.xml-version2.patch" size="9229" author="dennisl@apache.org" created="Thu, 15 Jul 2004 03:45:48 +0000" />
                            <attachment id="12332982" name="ASF.LICENSE.NOT.GRANTED--usage.xml.patch" size="7562" author="dennisl@apache.org" created="Wed, 14 Jul 2004 06:15:20 +0000" />
                    </attachments>
                <subtasks>
                    </subtasks>
                <customfields>
                                                                                                                                                                                                                                                                                                                                                                                                                                                                                                                                                                                                    <customfield id="customfield_10010" key="com.atlassian.jira.plugin.system.customfieldtypes:importid">
                        <customfieldname>Bugzilla Id</customfieldname>
                        <customfieldvalues>
                            <customfieldvalue>30089</customfieldvalue>
                        </customfieldvalues>
                    </customfield>
                                                                                                                                                    <customfield id="customfield_12314020" key="com.atlassian.jira.plugins.jira-development-integration-plugin:devsummary">
                        <customfieldname>Development</customfieldname>
                        <customfieldvalues>
                            
                        </customfieldvalues>
                    </customfield>
                                                                                                                        <customfield id="customfield_12313422" key="com.atlassian.jirafisheyeplugin:jobcheckbox">
                        <customfieldname>Enable Automatic Patch Review</customfieldname>
                        <customfieldvalues>
                            <customfieldvalue>false</customfieldvalue>

                        </customfieldvalues>
                    </customfield>
                                                                                                                                                                                                                                                                                                                                                                                                                                                                                                                                                                                                                                                <customfield id="customfield_12310420" key="com.pyxis.greenhopper.jira:gh-global-rank">
                        <customfieldname>Global Rank</customfieldname>
                        <customfieldvalues>
                            <customfieldvalue>107842</customfieldvalue>
                        </customfieldvalues>
                    </customfield>
                                                                                                                                                                                                                                                                                                                                                                                                                                                                        <customfield id="customfield_12311820" key="com.pyxis.greenhopper.jira:gh-lexo-rank">
                        <customfieldname>Rank</customfieldname>
                        <customfieldvalues>
                            <customfieldvalue>0|i0frv3:</customfieldvalue>

                        </customfieldvalues>
                    </customfield>
                                                                <customfield id="customfield_12310920" key="com.pyxis.greenhopper.jira:gh-global-rank">
                        <customfieldname>Rank (Obsolete)</customfieldname>
                        <customfieldvalues>
                            <customfieldvalue>90111</customfieldvalue>
                        </customfieldvalues>
                    </customfield>
                                                                                                                                                                                                                                                                                                                                                                                                                                                                                                                                                                                                                                                                                                                                                                                            </customfields>
    </item>


</channel>
</rss>