<rss version="0.92">
    <channel>
        <title>ASF JIRA</title>
        <link>https://issues.apache.org/jira/issues/?jql=project+%3D+CLI+and+type+%3D+bug+and+%28status+%3D+RESOLVED+or+status+%3D+closed%29</link>
        <description>An XML representation of a search request</description>
                <language>en-uk</language>
                        <issue start="0" end="155" total="155" />
                <build-info>
            <version>8.20.7</version>
            <build-number>820007</build-number>
            <build-date>16-03-2022</build-date>
        </build-info>

<item>
            <title>[CLI-47] [cli] CLI does not support long parameter names on command-line.</title>
                <link>https://issues.apache.org/jira/browse/CLI-47</link>
                <project id="12310463" key="CLI">Commons CLI</project>
                    <description>&lt;p&gt;The documentation of CLI says that CLI supports short (single character) and &lt;br/&gt;
long parameter names (string).  It even gives as example the ANT java &lt;br/&gt;
application.  However, after doing several tests and reviewing the JavaDoc &lt;br/&gt;
thoroughly, I am left to conclude that the assumption is false.  I checked the &lt;br/&gt;
ANT application source code to find out that ANT DOES NOT USE CLI as command-&lt;br/&gt;
line parser.&lt;/p&gt;

&lt;p&gt;The code for CLI needs to be reviewed and updated to support long parameter &lt;br/&gt;
names on the command-line.  I would also suggest to use an XML approach to &lt;br/&gt;
declare the various command-line parameters and formats.  A more declarative &lt;br/&gt;
approach would certainly makes things easier.&lt;/p&gt;</description>
                <environment>&lt;p&gt;Operating System: other&lt;br/&gt;
Platform: Other&lt;/p&gt;</environment>
        <key id="12341729">CLI-47</key>
            <summary>[cli] CLI does not support long parameter names on command-line.</summary>
                <type id="1" iconUrl="https://issues.apache.org/jira/secure/viewavatar?size=xsmall&amp;avatarId=21133&amp;avatarType=issuetype">Bug</type>
                                            <priority id="3" iconUrl="https://issues.apache.org/jira/images/icons/priorities/major.svg">Major</priority>
                        <status id="6" iconUrl="https://issues.apache.org/jira/images/icons/statuses/closed.png" description="The issue is considered finished, the resolution is correct. Issues which are not closed can be reopened.">Closed</status>
                    <statusCategory id="3" key="done" colorName="green" />
                                    <resolution id="5">Cannot Reproduce</resolution>
                                        <assignee username="-1">Unassigned</assignee>
                                    <reporter username="cp1965@rogers.com">Colbert Philippe</reporter>
                        <labels>
                    </labels>
                <created>Sat, 18 Sep 2004 14:00:02 +0000</created>
                <updated>Thu, 15 Mar 2007 16:49:14 +0000</updated>
                            <resolved>Thu, 15 Mar 2007 16:49:14 +0000</resolved>
                                    <version>1.0</version>
                                                        <due />
                            <votes>0</votes>
                                    <watches>0</watches>
                                                                <comments>
                            <comment id="12407578" author="roxspring" created="Tue, 28 Dec 2004 02:57:42 +0000">&lt;p&gt;The support for long option names in CLI1 is admittedly ropey but is there and&lt;br/&gt;
is much improved in CLI2.  I don't think the documentation claims that Ant uses&lt;br/&gt;
CLI, just that Ant's options could be modelled, its just an example.&lt;/p&gt;

&lt;p&gt;XML based modelling has been suggested elsewhere and will probably be&lt;br/&gt;
implemented in 2.1, please come to commons-dev to discuss your thoughts and&lt;br/&gt;
requirements (prefix threads with &lt;span class="error"&gt;&amp;#91;cli&amp;#93;&lt;/span&gt;).&lt;/p&gt;

&lt;p&gt;Rob&lt;/p&gt;</comment>
                    </comments>
                    <attachments>
                    </attachments>
                <subtasks>
                    </subtasks>
                <customfields>
                                                                                                                                                                                                                                                                                                                                                                                                                                                                                                                                                                                                    <customfield id="customfield_10010" key="com.atlassian.jira.plugin.system.customfieldtypes:importid">
                        <customfieldname>Bugzilla Id</customfieldname>
                        <customfieldvalues>
                            <customfieldvalue>31284</customfieldvalue>
                        </customfieldvalues>
                    </customfield>
                                                                                                                                                    <customfield id="customfield_12314020" key="com.atlassian.jira.plugins.jira-development-integration-plugin:devsummary">
                        <customfieldname>Development</customfieldname>
                        <customfieldvalues>
                            
                        </customfieldvalues>
                    </customfield>
                                                                                                                        <customfield id="customfield_12313422" key="com.atlassian.jirafisheyeplugin:jobcheckbox">
                        <customfieldname>Enable Automatic Patch Review</customfieldname>
                        <customfieldvalues>
                            <customfieldvalue>false</customfieldvalue>

                        </customfieldvalues>
                    </customfield>
                                                                                                                                                                                                                                                                                                                                                                                                                                                                                                                                                                                                                                                <customfield id="customfield_12310420" key="com.pyxis.greenhopper.jira:gh-global-rank">
                        <customfieldname>Global Rank</customfieldname>
                        <customfieldvalues>
                            <customfieldvalue>107844</customfieldvalue>
                        </customfieldvalues>
                    </customfield>
                                                                                                                                                                                                                                                                                                                                                                                                                                                                        <customfield id="customfield_12311820" key="com.pyxis.greenhopper.jira:gh-lexo-rank">
                        <customfieldname>Rank</customfieldname>
                        <customfieldvalues>
                            <customfieldvalue>0|i0fs73:</customfieldvalue>

                        </customfieldvalues>
                    </customfield>
                                                                <customfield id="customfield_12310920" key="com.pyxis.greenhopper.jira:gh-global-rank">
                        <customfieldname>Rank (Obsolete)</customfieldname>
                        <customfieldvalues>
                            <customfieldvalue>90165</customfieldvalue>
                        </customfieldvalues>
                    </customfield>
                                                                                                                                                                                                                                                                                                                                                                                                                                                                                                                                                                                                                                                                                                                                                                                            </customfields>
    </item>


</channel>
</rss>