<rss version="0.92">
    <channel>
        <title>ASF JIRA</title>
        <link>https://issues.apache.org/jira/issues/?jql=project+%3D+CLI+and+type+%3D+bug+and+%28status+%3D+RESOLVED+or+status+%3D+closed%29</link>
        <description>An XML representation of a search request</description>
                <language>en-uk</language>
                        <issue start="0" end="155" total="155" />
                <build-info>
            <version>8.20.7</version>
            <build-number>820007</build-number>
            <build-date>16-03-2022</build-date>
        </build-info>

<item>
            <title>[CLI-187] OptionBuilder working incorrectly at first Invocation of create(...)</title>
                <link>https://issues.apache.org/jira/browse/CLI-187</link>
                <project id="12310463" key="CLI">Commons CLI</project>
                    <description>&lt;p&gt;OptionBuilder is working incorrectly when invoked for the first time. Since "argName" is null the arg-text will not be initialized for the first option created. argName is set on the call to reset() though.&lt;br/&gt;
So after the first Option created OptionBuilder works fine.&lt;/p&gt;</description>
                <environment />
        <key id="12431954">CLI-187</key>
            <summary>OptionBuilder working incorrectly at first Invocation of create(...)</summary>
                <type id="1" iconUrl="https://issues.apache.org/jira/secure/viewavatar?size=xsmall&amp;avatarId=21133&amp;avatarType=issuetype">Bug</type>
                                            <priority id="4" iconUrl="https://issues.apache.org/jira/images/icons/priorities/minor.svg">Minor</priority>
                        <status id="6" iconUrl="https://issues.apache.org/jira/images/icons/statuses/closed.png" description="The issue is considered finished, the resolution is correct. Issues which are not closed can be reopened.">Closed</status>
                    <statusCategory id="3" key="done" colorName="green" />
                                    <resolution id="3">Duplicate</resolution>
                                        <assignee username="-1">Unassigned</assignee>
                                    <reporter username="deexem">Kristoff Kiefer</reporter>
                        <labels>
                    </labels>
                <created>Sat, 1 Aug 2009 08:12:28 +0000</created>
                <updated>Sat, 9 May 2015 18:43:38 +0000</updated>
                            <resolved>Sat, 19 Jun 2010 20:22:21 +0000</resolved>
                                    <version>1.1</version>
                                    <fixVersion>1.3</fixVersion>
                                    <component>Options definition</component>
                        <due />
                            <votes>0</votes>
                                    <watches>1</watches>
                                                                <comments>
                            <comment id="12737850" author="deexem" created="Sat, 1 Aug 2009 08:24:18 +0000">&lt;p&gt;I think I already found it.&lt;/p&gt;

&lt;p&gt;I attached a patch&lt;/p&gt;</comment>
                            <comment id="12880486" author="ebourg" created="Sat, 19 Jun 2010 14:18:31 +0000">&lt;p&gt;Thank you for pointing this, there is indeed an inconsistency. The default argument name is already defined in HelpFormatter and this is where it really belongs.&lt;/p&gt;</comment>
                            <comment id="12880544" author="ebourg" created="Sat, 19 Jun 2010 20:22:21 +0000">&lt;p&gt;Resolving as duplicate of &lt;a href="https://issues.apache.org/jira/browse/CLI-186" title="Standard help text will not show mandatory arguments for first option" class="issue-link" data-issue-key="CLI-186"&gt;&lt;del&gt;CLI-186&lt;/del&gt;&lt;/a&gt; since it's basically the reason that explains this bug.&lt;/p&gt;</comment>
                    </comments>
                <issuelinks>
                            <issuelinktype id="10030">
                    <name>Reference</name>
                                            <outwardlinks description="relates to">
                                        <issuelink>
            <issuekey id="12431941">CLI-186</issuekey>
        </issuelink>
                            </outwardlinks>
                                                        </issuelinktype>
                    </issuelinks>
                <attachments>
                            <attachment id="12415226" name="OptionBuilder.patch" size="1033" author="deexem" created="Sat, 1 Aug 2009 08:25:56 +0000" />
                    </attachments>
                <subtasks>
                    </subtasks>
                <customfields>
                                                                                                                                                                                                                                                                                                                                                                                                                                                                                                                                                                                                                                                                                                                    <customfield id="customfield_12314020" key="com.atlassian.jira.plugins.jira-development-integration-plugin:devsummary">
                        <customfieldname>Development</customfieldname>
                        <customfieldvalues>
                            
                        </customfieldvalues>
                    </customfield>
                                                                                                                        <customfield id="customfield_12313422" key="com.atlassian.jirafisheyeplugin:jobcheckbox">
                        <customfieldname>Enable Automatic Patch Review</customfieldname>
                        <customfieldvalues>
                            <customfieldvalue>false</customfieldvalue>

                        </customfieldvalues>
                    </customfield>
                                                                                                                                                                                                                                                                                                                                                                                                                                                                                                                                                                                                                                                <customfield id="customfield_12310420" key="com.pyxis.greenhopper.jira:gh-global-rank">
                        <customfieldname>Global Rank</customfieldname>
                        <customfieldvalues>
                            <customfieldvalue>59214</customfieldvalue>
                        </customfieldvalues>
                    </customfield>
                                                                                                                                                                                                                                                                                                                                                                                                                                                                        <customfield id="customfield_12311820" key="com.pyxis.greenhopper.jira:gh-lexo-rank">
                        <customfieldname>Rank</customfieldname>
                        <customfieldvalues>
                            <customfieldvalue>0|i0frin:</customfieldvalue>

                        </customfieldvalues>
                    </customfield>
                                                                <customfield id="customfield_12310920" key="com.pyxis.greenhopper.jira:gh-global-rank">
                        <customfieldname>Rank (Obsolete)</customfieldname>
                        <customfieldvalues>
                            <customfieldvalue>90055</customfieldvalue>
                        </customfieldvalues>
                    </customfield>
                                                                                                                                                                                                                                                                                                                                                                                                                                                                                                                                                                                                                                                                                                                                                                                            </customfields>
    </item>


</channel>
</rss>