<rss version="0.92">
    <channel>
        <title>ASF JIRA</title>
        <link>https://issues.apache.org/jira/issues/?jql=project+%3D+CLI+and+type+%3D+bug+and+%28status+%3D+RESOLVED+or+status+%3D+closed%29</link>
        <description>An XML representation of a search request</description>
                <language>en-uk</language>
                        <issue start="0" end="155" total="155" />
                <build-info>
            <version>8.20.7</version>
            <build-number>820007</build-number>
            <build-date>16-03-2022</build-date>
        </build-info>

<item>
            <title>[CLI-43] [cli] A single char argument equals to an option makes parser to fail.</title>
                <link>https://issues.apache.org/jira/browse/CLI-43</link>
                <project id="12310463" key="CLI">Commons CLI</project>
                    <description>&lt;p&gt;I've the following code:&lt;/p&gt;

&lt;p&gt;options.addOption(OptionBuilder.withLongOpt("label").hasArg().create("l"));&lt;br/&gt;
options.addOption(OptionBuilder.withLongOpt("property-descriptor").hasArgs&lt;br/&gt;
().create("p"));&lt;br/&gt;
...&lt;/p&gt;

&lt;p&gt;if the args param of the parser is&lt;/p&gt;

&lt;p&gt;args&lt;span class="error"&gt;&amp;#91;0&amp;#93;&lt;/span&gt; = "--label";&lt;br/&gt;
args&lt;span class="error"&gt;&amp;#91;1&amp;#93;&lt;/span&gt; = "p";&lt;br/&gt;
args[ ] = ...&lt;/p&gt;

&lt;p&gt;ParseException is thrown with the following message: "no argument for:l".&lt;br/&gt;
If I change args&lt;span class="error"&gt;&amp;#91;1&amp;#93;&lt;/span&gt; using any character not used as short option's form the &lt;br/&gt;
programs work. Any chars used as short option's form makes the parser to fail.&lt;/p&gt;</description>
                <environment>&lt;p&gt;Operating System: Windows XP&lt;br/&gt;
Platform: PC&lt;/p&gt;</environment>
        <key id="12341975">CLI-43</key>
            <summary>[cli] A single char argument equals to an option makes parser to fail.</summary>
                <type id="1" iconUrl="https://issues.apache.org/jira/secure/viewavatar?size=xsmall&amp;avatarId=21133&amp;avatarType=issuetype">Bug</type>
                                            <priority id="3" iconUrl="https://issues.apache.org/jira/images/icons/priorities/major.svg">Major</priority>
                        <status id="6" iconUrl="https://issues.apache.org/jira/images/icons/statuses/closed.png" description="The issue is considered finished, the resolution is correct. Issues which are not closed can be reopened.">Closed</status>
                    <statusCategory id="3" key="done" colorName="green" />
                                    <resolution id="3">Duplicate</resolution>
                                        <assignee username="-1">Unassigned</assignee>
                                    <reporter username="claudio.rosati@acsys.it">Claudio Rosati</reporter>
                        <labels>
                    </labels>
                <created>Wed, 5 Jan 2005 01:12:25 +0000</created>
                <updated>Thu, 15 Mar 2007 16:49:14 +0000</updated>
                            <resolved>Thu, 15 Mar 2007 16:49:14 +0000</resolved>
                                                                        <due />
                            <votes>0</votes>
                                    <watches>0</watches>
                                                                <comments>
                            <comment id="12408455" author="dmorris@plumcreek.com" created="Wed, 5 Jan 2005 04:35:02 +0000">&lt;p&gt;Why don't you try the patch associated with 25044 since this appears to be a &lt;br/&gt;
duplicate.&lt;/p&gt;</comment>
                            <comment id="12408456" author="roxspring" created="Thu, 7 Apr 2005 03:17:52 +0000">

&lt;ul&gt;
	&lt;li&gt;
	&lt;ul&gt;
		&lt;li&gt;
		&lt;ul&gt;
			&lt;li&gt;This bug has been marked as a duplicate of 25044 ***&lt;/li&gt;
		&lt;/ul&gt;
		&lt;/li&gt;
	&lt;/ul&gt;
	&lt;/li&gt;
&lt;/ul&gt;
</comment>
                    </comments>
                    <attachments>
                    </attachments>
                <subtasks>
                    </subtasks>
                <customfields>
                                                                                                                                                                                                                                                                                                                                                                                                                                                                                                                                                                                                    <customfield id="customfield_10010" key="com.atlassian.jira.plugin.system.customfieldtypes:importid">
                        <customfieldname>Bugzilla Id</customfieldname>
                        <customfieldvalues>
                            <customfieldvalue>32936</customfieldvalue>
                        </customfieldvalues>
                    </customfield>
                                                                                                                                                    <customfield id="customfield_12314020" key="com.atlassian.jira.plugins.jira-development-integration-plugin:devsummary">
                        <customfieldname>Development</customfieldname>
                        <customfieldvalues>
                            
                        </customfieldvalues>
                    </customfield>
                                                                                                                        <customfield id="customfield_12313422" key="com.atlassian.jirafisheyeplugin:jobcheckbox">
                        <customfieldname>Enable Automatic Patch Review</customfieldname>
                        <customfieldvalues>
                            <customfieldvalue>false</customfieldvalue>

                        </customfieldvalues>
                    </customfield>
                                                                                                                                                                                                                                                                                                                                                                                                                                                                                                                                                                                                                                                <customfield id="customfield_12310420" key="com.pyxis.greenhopper.jira:gh-global-rank">
                        <customfieldname>Global Rank</customfieldname>
                        <customfieldvalues>
                            <customfieldvalue>107840</customfieldvalue>
                        </customfieldvalues>
                    </customfield>
                                                                                                                                                                                                                                                                                                                                                                                                                                                                        <customfield id="customfield_12311820" key="com.pyxis.greenhopper.jira:gh-lexo-rank">
                        <customfieldname>Rank</customfieldname>
                        <customfieldvalues>
                            <customfieldvalue>0|i0ue2v:</customfieldvalue>

                        </customfieldvalues>
                    </customfield>
                                                                <customfield id="customfield_12310920" key="com.pyxis.greenhopper.jira:gh-global-rank">
                        <customfieldname>Rank (Obsolete)</customfieldname>
                        <customfieldvalues>
                            <customfieldvalue>175422</customfieldvalue>
                        </customfieldvalues>
                    </customfield>
                                                                                                                                                                                                                                                                                                                                                                                                                                                                                                                                                                                                                                                                                                                                                                                            </customfields>
    </item>


</channel>
</rss>