<rss version="0.92">
    <channel>
        <title>ASF JIRA</title>
        <link>https://issues.apache.org/jira/issues/?jql=project+%3D+CLI+and+type+%3D+bug+and+%28status+%3D+RESOLVED+or+status+%3D+closed%29</link>
        <description>An XML representation of a search request</description>
                <language>en-uk</language>
                        <issue start="0" end="155" total="155" />
                <build-info>
            <version>8.20.7</version>
            <build-number>820007</build-number>
            <build-date>16-03-2022</build-date>
        </build-info>

<item>
            <title>[CLI-18] HelpFormatter.printHelp(String cmdLineSyntax, String header, Options options, String footer) throws exception if footer contains CR LF</title>
                <link>https://issues.apache.org/jira/browse/CLI-18</link>
                <project id="12310463" key="CLI">Commons CLI</project>
                    <description>&lt;p&gt;If String footer contains windows new line, printHelp throws exception.&lt;br/&gt;
If it contains only LF line endings, it works fine on Linux and Windows platforms.&lt;/p&gt;</description>
                <environment>&lt;p&gt;Operating System: All&lt;br/&gt;
Platform: PC&lt;/p&gt;</environment>
        <key id="12342806">CLI-18</key>
            <summary>HelpFormatter.printHelp(String cmdLineSyntax, String header, Options options, String footer) throws exception if footer contains CR LF</summary>
                <type id="1" iconUrl="https://issues.apache.org/jira/secure/viewavatar?size=xsmall&amp;avatarId=21133&amp;avatarType=issuetype">Bug</type>
                                            <priority id="3" iconUrl="https://issues.apache.org/jira/images/icons/priorities/major.svg">Major</priority>
                        <status id="6" iconUrl="https://issues.apache.org/jira/images/icons/statuses/closed.png" description="The issue is considered finished, the resolution is correct. Issues which are not closed can be reopened.">Closed</status>
                    <statusCategory id="3" key="done" colorName="green" />
                                    <resolution id="3">Duplicate</resolution>
                                        <assignee username="-1">Unassigned</assignee>
                                    <reporter username="nebojsa@anja.ig3.net">Neboj&#154;a</reporter>
                        <labels>
                    </labels>
                <created>Tue, 20 Dec 2005 20:55:21 +0000</created>
                <updated>Fri, 6 Feb 2009 06:59:42 +0000</updated>
                            <resolved>Mon, 15 Sep 2008 22:38:20 +0000</resolved>
                                    <version>1.0</version>
                                    <fixVersion>1.1</fixVersion>
                                        <due />
                            <votes>0</votes>
                                    <watches>0</watches>
                                                                <comments>
                            <comment id="12414954" author="aks" created="Tue, 6 Jun 2006 20:04:07 +0000">&lt;p&gt;I tried to write a JUnit test case for this and couldn't reproduce it for either cli or cli2. I was working on the latest svn on a linux desktop. I will attach my unittests for others to try in other environments.&lt;/p&gt;</comment>
                            <comment id="12414955" author="aks" created="Tue, 6 Jun 2006 20:05:30 +0000">&lt;p&gt;passing junit test for cli&lt;/p&gt;</comment>
                            <comment id="12414958" author="aks" created="Tue, 6 Jun 2006 21:03:23 +0000">&lt;p&gt;passing junit test for cli2&lt;/p&gt;</comment>
                            <comment id="12415183" author="bayard" created="Thu, 8 Jun 2006 00:39:35 +0000">&lt;p&gt;Unit tests applied. They pass for me too. Resolving this as Cannot Reproduce. &lt;/p&gt;

&lt;p&gt;Neboj&#154;a, if you have the chance it would be very much appreciated if you could run Andrew's unit tests to see if they pass for you too.&lt;/p&gt;

&lt;hr /&gt;

&lt;p&gt;svn ci -m "Adding Andrew's unit tests for &lt;a href="https://issues.apache.org/jira/browse/CLI-18" title="HelpFormatter.printHelp(String cmdLineSyntax, String header, Options options, String footer) throws exception if footer contains CR LF" class="issue-link" data-issue-key="CLI-18"&gt;&lt;del&gt;CLI-18&lt;/del&gt;&lt;/a&gt; - they pass for me too, so marking the issue as Cannot R&lt;br/&gt;
eproduce"&lt;br/&gt;
Adding         src/test/org/apache/commons/cli/bug&lt;br/&gt;
Adding         src/test/org/apache/commons/cli/bug/BugCLI18Test.java&lt;br/&gt;
Adding         src/test/org/apache/commons/cli2/bug/BugCLI18Test.java&lt;br/&gt;
Transmitting file data ..&lt;br/&gt;
Committed revision 412466.&lt;/p&gt;</comment>
                            <comment id="12631164" author="ebourg" created="Mon, 15 Sep 2008 22:37:49 +0000">&lt;p&gt;Issue confirmed on CLI 1.0, this was fixed in CLI 1.1. This looks like a duplicate of &lt;a href="https://issues.apache.org/jira/browse/CLI-8" title="Line separator as first char for helpformatter (footer) throws exception" class="issue-link" data-issue-key="CLI-8"&gt;&lt;del&gt;CLI-8&lt;/del&gt;&lt;/a&gt;&lt;/p&gt;</comment>
                    </comments>
                <issuelinks>
                            <issuelinktype id="12310000">
                    <name>Duplicate</name>
                                            <outwardlinks description="duplicates">
                                        <issuelink>
            <issuekey id="12340830">CLI-8</issuekey>
        </issuelink>
                            </outwardlinks>
                                                        </issuelinktype>
                    </issuelinks>
                <attachments>
                            <attachment id="12335083" name="BugCLI18Test.java" size="1580" author="aks" created="Tue, 6 Jun 2006 21:03:23 +0000" />
                            <attachment id="12335082" name="BugCLI18Test.java" size="976" author="aks" created="Tue, 6 Jun 2006 20:05:30 +0000" />
                    </attachments>
                <subtasks>
                    </subtasks>
                <customfields>
                                                                                                                                                                                                                                                                                                                                                                                                                                                                                                                                                                                                    <customfield id="customfield_10010" key="com.atlassian.jira.plugin.system.customfieldtypes:importid">
                        <customfieldname>Bugzilla Id</customfieldname>
                        <customfieldvalues>
                            <customfieldvalue>37969</customfieldvalue>
                        </customfieldvalues>
                    </customfield>
                                                                                                                                                    <customfield id="customfield_12314020" key="com.atlassian.jira.plugins.jira-development-integration-plugin:devsummary">
                        <customfieldname>Development</customfieldname>
                        <customfieldvalues>
                            
                        </customfieldvalues>
                    </customfield>
                                                                                                                        <customfield id="customfield_12313422" key="com.atlassian.jirafisheyeplugin:jobcheckbox">
                        <customfieldname>Enable Automatic Patch Review</customfieldname>
                        <customfieldvalues>
                            <customfieldvalue>false</customfieldvalue>

                        </customfieldvalues>
                    </customfield>
                                                                                                                                                                                                                                                                                                                                                                                                                                                                                                                                                                                                                                                <customfield id="customfield_12310420" key="com.pyxis.greenhopper.jira:gh-global-rank">
                        <customfieldname>Global Rank</customfieldname>
                        <customfieldvalues>
                            <customfieldvalue>107818</customfieldvalue>
                        </customfieldvalues>
                    </customfield>
                                                                                                                                                                                                                                                                                                                                                                                                                                                                        <customfield id="customfield_12311820" key="com.pyxis.greenhopper.jira:gh-lexo-rank">
                        <customfieldname>Rank</customfieldname>
                        <customfieldvalues>
                            <customfieldvalue>0|i0fry7:</customfieldvalue>

                        </customfieldvalues>
                    </customfield>
                                                                <customfield id="customfield_12310920" key="com.pyxis.greenhopper.jira:gh-global-rank">
                        <customfieldname>Rank (Obsolete)</customfieldname>
                        <customfieldvalues>
                            <customfieldvalue>90125</customfieldvalue>
                        </customfieldvalues>
                    </customfield>
                                                                                                                                                                                                                                                                                                                                                                                                                                                                                                                                                                                                                                                                                                                                                                                            </customfields>
    </item>


</channel>
</rss>