<rss version="0.92">
    <channel>
        <title>ASF JIRA</title>
        <link>https://issues.apache.org/jira/issues/?jql=project+%3D+CLI+and+type+%3D+bug+and+%28status+%3D+RESOLVED+or+status+%3D+closed%29</link>
        <description>An XML representation of a search request</description>
                <language>en-uk</language>
                        <issue start="0" end="155" total="155" />
                <build-info>
            <version>8.20.7</version>
            <build-number>820007</build-number>
            <build-date>16-03-2022</build-date>
        </build-info>

<item>
            <title>[CLI-195] Fix some iterator boundary check bugs.</title>
                <link>https://issues.apache.org/jira/browse/CLI-195</link>
                <project id="12310463" key="CLI">Commons CLI</project>
                    <description>&lt;p&gt;This patch can be applied to the current svn checked out version of cli2 (2010-Feb-9th).&lt;br/&gt;
It will make the cli2 compatible to JDK 5 generic type, eliminating all compiling warnings,&lt;br/&gt;
and fix some minor but critical iterator boundary check bugs.&lt;/p&gt;

&lt;p&gt;The bug could be found in the following way: creating some Option object WITHOUT description,&lt;br/&gt;
and use a HelpFormatter to print the helping message, then a NoSuchElementException will be thrown.&lt;/p&gt;

&lt;p&gt;This is because the HelpFormatter.printHelp() did not correctly check the empty status of descriptionIterator.&lt;/p&gt;

&lt;p&gt;And moreover, some implementation of Option.processParent() method did not check the empty status&lt;br/&gt;
of the argument "ListIterator&amp;lt;String&amp;gt; arguments".&lt;/p&gt;
</description>
                <environment>&lt;p&gt;JDK 5&lt;/p&gt;</environment>
        <key id="12455779">CLI-195</key>
            <summary>Fix some iterator boundary check bugs.</summary>
                <type id="1" iconUrl="https://issues.apache.org/jira/secure/viewavatar?size=xsmall&amp;avatarId=21133&amp;avatarType=issuetype">Bug</type>
                                            <priority id="2" iconUrl="https://issues.apache.org/jira/images/icons/priorities/critical.svg">Critical</priority>
                        <status id="5" iconUrl="https://issues.apache.org/jira/images/icons/statuses/resolved.png" description="A resolution has been taken, and it is awaiting verification by reporter. From here issues are either reopened, or are closed.">Resolved</status>
                    <statusCategory id="3" key="done" colorName="green" />
                                    <resolution id="3">Duplicate</resolution>
                                        <assignee username="-1">Unassigned</assignee>
                                    <reporter username="starfish">Haixing Hu</reporter>
                        <labels>
                            <label>cli2</label>
                            <label>commons</label>
                    </labels>
                <created>Tue, 9 Feb 2010 15:46:34 +0000</created>
                <updated>Tue, 15 Jun 2010 17:21:45 +0000</updated>
                            <resolved>Tue, 15 Jun 2010 17:18:49 +0000</resolved>
                                                                    <component>CLI-2.x</component>
                        <due />
                            <votes>0</votes>
                                    <watches>0</watches>
                                    <timeoriginalestimate seconds="600">10m</timeoriginalestimate>
                            <timeestimate seconds="600">10m</timeestimate>
                                        <comments>
                            <comment id="12831500" author="starfish" created="Tue, 9 Feb 2010 15:47:12 +0000">&lt;p&gt;The patch.&lt;/p&gt;</comment>
                            <comment id="12831502" author="starfish" created="Tue, 9 Feb 2010 15:51:16 +0000">&lt;p&gt;by the way, the patch is applied to the svn revision: 908084&lt;/p&gt;</comment>
                            <comment id="12879034" author="ebourg" created="Tue, 15 Jun 2010 17:18:49 +0000">&lt;p&gt;Merging with &lt;a href="https://issues.apache.org/jira/browse/CLI-173" title="Upgrade to Java 5 features" class="issue-link" data-issue-key="CLI-173"&gt;CLI-173&lt;/a&gt;&lt;/p&gt;</comment>
                    </comments>
                <issuelinks>
                            <issuelinktype id="12310000">
                    <name>Duplicate</name>
                                            <outwardlinks description="duplicates">
                                        <issuelink>
            <issuekey id="12406835">CLI-173</issuekey>
        </issuelink>
                            </outwardlinks>
                                                        </issuelinktype>
                    </issuelinks>
                <attachments>
                            <attachment id="12435308" name="cli2-jdk1.5-patch-with-boundary-fix.patch" size="280683" author="starfish" created="Tue, 9 Feb 2010 15:47:12 +0000" />
                    </attachments>
                <subtasks>
                    </subtasks>
                <customfields>
                                                                                                                                                                                                                                                                                                                                                                                                                                                                                                                                                                                                                                                                                                                    <customfield id="customfield_12314020" key="com.atlassian.jira.plugins.jira-development-integration-plugin:devsummary">
                        <customfieldname>Development</customfieldname>
                        <customfieldvalues>
                            
                        </customfieldvalues>
                    </customfield>
                                                                                                                        <customfield id="customfield_12313422" key="com.atlassian.jirafisheyeplugin:jobcheckbox">
                        <customfieldname>Enable Automatic Patch Review</customfieldname>
                        <customfieldvalues>
                            <customfieldvalue>false</customfieldvalue>

                        </customfieldvalues>
                    </customfield>
                                                                                                                                                                                                                                                                                                                                                                                                                                                                                                                                                                                                                                                <customfield id="customfield_12310420" key="com.pyxis.greenhopper.jira:gh-global-rank">
                        <customfieldname>Global Rank</customfieldname>
                        <customfieldvalues>
                            <customfieldvalue>59199</customfieldvalue>
                        </customfieldvalues>
                    </customfield>
                                                                                                                                                                                                                                                                                                                                                                                                                                                                        <customfield id="customfield_12311820" key="com.pyxis.greenhopper.jira:gh-lexo-rank">
                        <customfieldname>Rank</customfieldname>
                        <customfieldvalues>
                            <customfieldvalue>0|i0tdef:</customfieldvalue>

                        </customfieldvalues>
                    </customfield>
                                                                <customfield id="customfield_12310920" key="com.pyxis.greenhopper.jira:gh-global-rank">
                        <customfieldname>Rank (Obsolete)</customfieldname>
                        <customfieldvalues>
                            <customfieldvalue>169480</customfieldvalue>
                        </customfieldvalues>
                    </customfield>
                                                                                                                                                                                                                                                                                                                                                                                                                                                                                                                                                                                                                                                                                                                                                                                            </customfields>
    </item>


</channel>
</rss>