<rss version="0.92">
    <channel>
        <title>ASF JIRA</title>
        <link>https://issues.apache.org/jira/issues/?jql=project+%3D+CLI+and+type+%3D+bug+and+%28status+%3D+RESOLVED+or+status+%3D+closed%29</link>
        <description>An XML representation of a search request</description>
                <language>en-uk</language>
                        <issue start="0" end="155" total="155" />
                <build-info>
            <version>8.20.7</version>
            <build-number>820007</build-number>
            <build-date>16-03-2022</build-date>
        </build-info>

<item>
            <title>[CLI-143] Put CLI 2.x into Maven repository</title>
                <link>https://issues.apache.org/jira/browse/CLI-143</link>
                <project id="12310463" key="CLI">Commons CLI</project>
                    <description>&lt;p&gt;The groundswell appears to lead to CLI 1.x being declared at End Of Life and for CLI 2.x to become the new main stream.  However, there is no version of CLI 2.x in the Maven repository.  I think a SNAPSHOT release of some version of the 2.x branch should be put out as a matter of urgency.&lt;/p&gt;

&lt;p&gt;(This will enable me to try 2.x out with Groovy and report back.)&lt;/p&gt;</description>
                <environment />
        <key id="12375975">CLI-143</key>
            <summary>Put CLI 2.x into Maven repository</summary>
                <type id="1" iconUrl="https://issues.apache.org/jira/secure/viewavatar?size=xsmall&amp;avatarId=21133&amp;avatarType=issuetype">Bug</type>
                                            <priority id="2" iconUrl="https://issues.apache.org/jira/images/icons/priorities/critical.svg">Critical</priority>
                        <status id="6" iconUrl="https://issues.apache.org/jira/images/icons/statuses/closed.png" description="The issue is considered finished, the resolution is correct. Issues which are not closed can be reopened.">Closed</status>
                    <statusCategory id="3" key="done" colorName="green" />
                                    <resolution id="1">Fixed</resolution>
                                        <assignee username="-1">Unassigned</assignee>
                                    <reporter username="russel">Dr. Russel Winder</reporter>
                        <labels>
                    </labels>
                <created>Tue, 14 Aug 2007 14:48:45 +0000</created>
                <updated>Mon, 2 Jun 2008 15:15:26 +0000</updated>
                            <resolved>Mon, 2 Jun 2008 15:15:26 +0000</resolved>
                                                    <fixVersion>2.0</fixVersion>
                                    <component>CLI-2.x</component>
                        <due />
                            <votes>1</votes>
                                    <watches>0</watches>
                                                                <comments>
                            <comment id="12519852" author="bayard" created="Wed, 15 Aug 2007 04:56:13 +0000">&lt;p&gt;&lt;a href="http://people.apache.org/repo/m1-snapshot-repository/commons-cli/jars/" class="external-link" target="_blank" rel="nofollow noopener"&gt;http://people.apache.org/repo/m1-snapshot-repository/commons-cli/jars/&lt;/a&gt;&lt;/p&gt;</comment>
                            <comment id="12519870" author="russel" created="Wed, 15 Aug 2007 06:00:36 +0000">&lt;p&gt;Thanks for acting on this one so quickly, it is much appreciated.  I can now get on with experiments as it is not required to checkout the CLI source and build the jar myself.  Actually I have done this, but the problem is that others on the Groovy team would not want to.&lt;/p&gt;

&lt;p&gt;One issue though.  Shouldn't the name be:&lt;/p&gt;

&lt;p&gt;    commons-cli-2.0-SNAPSHOT.jar&lt;/p&gt;

&lt;p&gt;or perhaps this is really:&lt;/p&gt;

&lt;p&gt;    commons-cli-2.1-SNAPSHOT.jar&lt;/p&gt;

&lt;p&gt;I am not sure Maven is actually happy with jars with no version number.&lt;/p&gt;

&lt;p&gt;A second issue I just spotted.  This is the Maven 1 repository.  I think in general people consider Maven 1 anathema and use only Maven 2.  Is there an auto move from the Maven 1 to the Maven 2 repository or should the Maven 2 POM be used to publish into the Maven 2 repository.&lt;/p&gt;

&lt;p&gt;I guess this raises the issue as to whether it is sensible to have three parallel build systems:  Ant, Maven 1, and Maven 2, or whether to restrict this just to one.  Maven 2 would be my choice.&lt;/p&gt;

&lt;p&gt;Thanks.&lt;/p&gt;</comment>
                            <comment id="12520009" author="bayard" created="Wed, 15 Aug 2007 15:44:05 +0000">
&lt;p&gt;Maven should be happy. It is a bit weird though to have SNAPSHOT and not 2.0-SNAPSHOT in maven2 nowadays. It's a legacy of our shell script build system.&lt;/p&gt;

&lt;p&gt;As we're moving away from that to Continuum currently, I think it's best to leave it be and let the general move improve that. Unless of course SNAPSHOT as a version causes errors.&lt;/p&gt;

&lt;p&gt;You can use m1 repositories from maven2, do a &amp;lt;layout&amp;gt;legacy&amp;lt;/layout&amp;gt; within the &amp;lt;repository&amp;gt; element.&lt;/p&gt;

&lt;p&gt;Generally Commons components are Maven1 builds, with Ant available for those who don't like Maven. A few components are Ant builds due to painful issues that made Maven hard to setup fully. The move is now underway to move to Maven2 as the default build; at which point I'm definitely +1 to delete the Maven1 builds. &lt;/p&gt;</comment>
                            <comment id="12561280" author="russel" created="Tue, 22 Jan 2008 09:50:16 +0000">&lt;p&gt;I can't find the snapshot on &lt;a href="http://people.apache.org/repo/m2-snapshot-repository/" class="external-link" target="_blank" rel="nofollow noopener"&gt;http://people.apache.org/repo/m2-snapshot-repository/&lt;/a&gt;.  Am I looking in the right place?&lt;/p&gt;

&lt;p&gt;I note that if I build from subversion head (r614153) the group id is commons-cli where I would have expected it to be org.apache.commons.  Perhaps the POM needs updating further?&lt;/p&gt;</comment>
                            <comment id="12601650" author="russel" created="Mon, 2 Jun 2008 15:15:26 +0000">&lt;p&gt;2.0-SNAPSHOT is now in the repository, so this issue can now be closed.&lt;/p&gt;

&lt;p&gt;As and when trunk gets evolved a person with suitable permissions can update the snapshot.&lt;/p&gt;

&lt;p&gt;Hopefully eventually there will actually be a 2.0 release.&lt;/p&gt;</comment>
                    </comments>
                    <attachments>
                    </attachments>
                <subtasks>
                    </subtasks>
                <customfields>
                                                                                                                                                                                                                                                                                                                                                                                                                                                                                                                                                                                                                                                                                                                    <customfield id="customfield_12314020" key="com.atlassian.jira.plugins.jira-development-integration-plugin:devsummary">
                        <customfieldname>Development</customfieldname>
                        <customfieldvalues>
                            
                        </customfieldvalues>
                    </customfield>
                                                                                                                        <customfield id="customfield_12313422" key="com.atlassian.jirafisheyeplugin:jobcheckbox">
                        <customfieldname>Enable Automatic Patch Review</customfieldname>
                        <customfieldvalues>
                            <customfieldvalue>false</customfieldvalue>

                        </customfieldvalues>
                    </customfield>
                                                                                                                                                                                                                                                                                                                                                                                                                                                                                                                                                                                                                                                <customfield id="customfield_12310420" key="com.pyxis.greenhopper.jira:gh-global-rank">
                        <customfieldname>Global Rank</customfieldname>
                        <customfieldvalues>
                            <customfieldvalue>107911</customfieldvalue>
                        </customfieldvalues>
                    </customfield>
                                                                                                                                                                                                                                                                                                                                                                                                                                                                        <customfield id="customfield_12311820" key="com.pyxis.greenhopper.jira:gh-lexo-rank">
                        <customfieldname>Rank</customfieldname>
                        <customfieldvalues>
                            <customfieldvalue>0|i0ud6f:</customfieldvalue>

                        </customfieldvalues>
                    </customfield>
                                                                <customfield id="customfield_12310920" key="com.pyxis.greenhopper.jira:gh-global-rank">
                        <customfieldname>Rank (Obsolete)</customfieldname>
                        <customfieldvalues>
                            <customfieldvalue>175276</customfieldvalue>
                        </customfieldvalues>
                    </customfield>
                                                                                                                                                                                                                                                                                                                                                                                                                                                                                                                                                                                                                                                                                                                                                                                            </customfields>
    </item>


</channel>
</rss>