<rss version="0.92">
    <channel>
        <title>ASF JIRA</title>
        <link>https://issues.apache.org/jira/issues/?jql=project+%3D+CLI+and+type+%3D+bug+and+%28status+%3D+RESOLVED+or+status+%3D+closed%29</link>
        <description>An XML representation of a search request</description>
                <language>en-uk</language>
                        <issue start="0" end="155" total="155" />
                <build-info>
            <version>8.20.7</version>
            <build-number>820007</build-number>
            <build-date>16-03-2022</build-date>
        </build-info>

<item>
            <title>[CLI-66] [cli] Wrong OptionCount at options with aliases</title>
                <link>https://issues.apache.org/jira/browse/CLI-66</link>
                <project id="12310463" key="CLI">Commons CLI</project>
                    <description>&lt;p&gt;If you define&lt;/p&gt;

&lt;p&gt;    final Option help = obuilder&lt;br/&gt;
                    .withShortName("h")&lt;br/&gt;
                    .withShortName("help")&lt;br/&gt;
                    .withShortName("?")&lt;br/&gt;
                    .withDescription("print usage")&lt;br/&gt;
                    .create();&lt;br/&gt;
    obuilder.reset();                    &lt;/p&gt;

&lt;p&gt;and call&lt;/p&gt;

&lt;p&gt;    CommandLine line;&lt;br/&gt;
    line = processCommandLine(new String[] &lt;/p&gt;
{"-hy"}
&lt;p&gt;);&lt;br/&gt;
    assertEquals(new String[] &lt;/p&gt;
{"-h"}
&lt;p&gt;, line);&lt;/p&gt;

&lt;p&gt;then assertEquals(...); &lt;/p&gt;

&lt;p&gt;  public static void assertContentsEqual(final Collection expected, final&lt;br/&gt;
Collection found) &lt;/p&gt;
{
    assertTrue(expected.containsAll(found));
    assertTrue(found.containsAll(expected));
    assertEquals(expected.size(), found.size());
  }

&lt;p&gt;fails at the last line. If you do the same with&lt;/p&gt;

&lt;p&gt;    final Option help = obuilder&lt;br/&gt;
                    .withShortName("h")&lt;br/&gt;
                    .withDescription("print usage")&lt;br/&gt;
                    .create();&lt;br/&gt;
    obuilder.reset();                    &lt;/p&gt;

&lt;p&gt;then the test is green. If you retest with&lt;/p&gt;

&lt;p&gt;    final Option help = obuilder&lt;br/&gt;
                    .withShortName("h")&lt;br/&gt;
                    .withShortName("help")&lt;br/&gt;
                    .withDescription("print usage")&lt;br/&gt;
                    .create();&lt;br/&gt;
    obuilder.reset();                    &lt;/p&gt;

&lt;p&gt;the test again fails.&lt;/p&gt;</description>
                <environment>&lt;p&gt;Operating System: All&lt;br/&gt;
Platform: All&lt;/p&gt;</environment>
        <key id="12342067">CLI-66</key>
            <summary>[cli] Wrong OptionCount at options with aliases</summary>
                <type id="1" iconUrl="https://issues.apache.org/jira/secure/viewavatar?size=xsmall&amp;avatarId=21133&amp;avatarType=issuetype">Bug</type>
                                            <priority id="3" iconUrl="https://issues.apache.org/jira/images/icons/priorities/major.svg">Major</priority>
                        <status id="6" iconUrl="https://issues.apache.org/jira/images/icons/statuses/closed.png" description="The issue is considered finished, the resolution is correct. Issues which are not closed can be reopened.">Closed</status>
                    <statusCategory id="3" key="done" colorName="green" />
                                    <resolution id="4">Incomplete</resolution>
                                        <assignee username="-1">Unassigned</assignee>
                                    <reporter username="klaus.kopruch@materna.de">Klaus Kopruch</reporter>
                        <labels>
                    </labels>
                <created>Sat, 19 Feb 2005 00:53:56 +0000</created>
                <updated>Thu, 15 Mar 2007 16:49:16 +0000</updated>
                            <resolved>Thu, 15 Mar 2007 16:49:16 +0000</resolved>
                                                                        <due />
                            <votes>0</votes>
                                    <watches>0</watches>
                                                                <comments>
                            <comment id="12408758" author="klaus.kopruch@materna.de" created="Sat, 19 Feb 2005 01:04:17 +0000">&lt;p&gt;Created an attachment (id=14314)&lt;br/&gt;
JUnit Test which reproduces the bug&lt;/p&gt;</comment>
                            <comment id="12408759" author="roxspring" created="Thu, 7 Apr 2005 04:05:42 +0000">&lt;p&gt;I don't follow the problem below and for me the unit tests (even the OK one)&lt;br/&gt;
doesn't pass - and the failure is during the parsing of the command line itself.&lt;br/&gt;
 The reason for the failure is that the parsed argument is -hy which must be&lt;br/&gt;
interpretted in one of the following ways:&lt;/p&gt;

&lt;p&gt;A single option -hy.&lt;br/&gt;
An option -h with and argument y.&lt;br/&gt;
Two options compressed together -h -y.&lt;/p&gt;

&lt;p&gt;None of these is the case because the only option defined is -h with no arguments.&lt;br/&gt;
Feel free to reopen the bug if the problem persists / you can explain it better.&lt;/p&gt;</comment>
                    </comments>
                    <attachments>
                            <attachment id="12333392" name="ASF.LICENSE.NOT.GRANTED--AsfBug33635.java" size="5336" author="klaus.kopruch@materna.de" created="Sat, 19 Feb 2005 01:04:17 +0000" />
                    </attachments>
                <subtasks>
                    </subtasks>
                <customfields>
                                                                                                                                                                                                                                                                                                                                                                                                                                                                                                                                                                                                    <customfield id="customfield_10010" key="com.atlassian.jira.plugin.system.customfieldtypes:importid">
                        <customfieldname>Bugzilla Id</customfieldname>
                        <customfieldvalues>
                            <customfieldvalue>33635</customfieldvalue>
                        </customfieldvalues>
                    </customfield>
                                                                                                                                                    <customfield id="customfield_12314020" key="com.atlassian.jira.plugins.jira-development-integration-plugin:devsummary">
                        <customfieldname>Development</customfieldname>
                        <customfieldvalues>
                            
                        </customfieldvalues>
                    </customfield>
                                                                                                                        <customfield id="customfield_12313422" key="com.atlassian.jirafisheyeplugin:jobcheckbox">
                        <customfieldname>Enable Automatic Patch Review</customfieldname>
                        <customfieldvalues>
                            <customfieldvalue>false</customfieldvalue>

                        </customfieldvalues>
                    </customfield>
                                                                                                                                                                                                                                                                                                                                                                                                                                                                                                                                                                                                                                                <customfield id="customfield_12310420" key="com.pyxis.greenhopper.jira:gh-global-rank">
                        <customfieldname>Global Rank</customfieldname>
                        <customfieldvalues>
                            <customfieldvalue>107859</customfieldvalue>
                        </customfieldvalues>
                    </customfield>
                                                                                                                                                                                                                                                                                                                                                                                                                                                                        <customfield id="customfield_12311820" key="com.pyxis.greenhopper.jira:gh-lexo-rank">
                        <customfieldname>Rank</customfieldname>
                        <customfieldvalues>
                            <customfieldvalue>0|i0ue5r:</customfieldvalue>

                        </customfieldvalues>
                    </customfield>
                                                                <customfield id="customfield_12310920" key="com.pyxis.greenhopper.jira:gh-global-rank">
                        <customfieldname>Rank (Obsolete)</customfieldname>
                        <customfieldvalues>
                            <customfieldvalue>175435</customfieldvalue>
                        </customfieldvalues>
                    </customfield>
                                                                                                                                                                                                                                                                                                                                                                                                                                                                                                                                                                                                                                                                                                                                                                                            </customfields>
    </item>


</channel>
</rss>