<rss version="0.92">
    <channel>
        <title>ASF JIRA</title>
        <link>https://issues.apache.org/jira/issues/?jql=project+%3D+CLI+and+type+%3D+bug+and+%28status+%3D+RESOLVED+or+status+%3D+closed%29</link>
        <description>An XML representation of a search request</description>
                <language>en-uk</language>
                        <issue start="0" end="155" total="155" />
                <build-info>
            <version>8.20.7</version>
            <build-number>820007</build-number>
            <build-date>16-03-2022</build-date>
        </build-info>

<item>
            <title>[CLI-148] arguments are interpreted as options</title>
                <link>https://issues.apache.org/jira/browse/CLI-148</link>
                <project id="12310463" key="CLI">Commons CLI</project>
                    <description>&lt;p&gt;The command-line parser interprets arguments to options as options if they match existing options.  Example:&lt;/p&gt;

&lt;p&gt;Assume&lt;br/&gt;
-a arg&lt;br/&gt;
-b arg&lt;/p&gt;

&lt;p&gt;-a b -b a was fixed in &lt;a href="https://issues.apache.org/jira/browse/CLI-71" title="[cli] A weakness of parser" class="issue-link" data-issue-key="CLI-71"&gt;&lt;del&gt;CLI-71&lt;/del&gt;&lt;/a&gt;, but&lt;/p&gt;

&lt;p&gt;-a "-b" returns &lt;br/&gt;
Unable to parse command line: no argument for:a&lt;/p&gt;

&lt;p&gt;-a "-c" is OK if "-c" is not defined as an option.&lt;/p&gt;

&lt;p&gt;The option in my case was "-password" and their password happened to match one of the options.&lt;/p&gt;</description>
                <environment>&lt;p&gt;Debian stable x86 with Sun JDK 1.6.0_02&lt;/p&gt;</environment>
        <key id="12378209">CLI-148</key>
            <summary>arguments are interpreted as options</summary>
                <type id="1" iconUrl="https://issues.apache.org/jira/secure/viewavatar?size=xsmall&amp;avatarId=21133&amp;avatarType=issuetype">Bug</type>
                                            <priority id="4" iconUrl="https://issues.apache.org/jira/images/icons/priorities/minor.svg">Minor</priority>
                        <status id="6" iconUrl="https://issues.apache.org/jira/images/icons/statuses/closed.png" description="The issue is considered finished, the resolution is correct. Issues which are not closed can be reopened.">Closed</status>
                    <statusCategory id="3" key="done" colorName="green" />
                                    <resolution id="2">Won't Fix</resolution>
                                        <assignee username="-1">Unassigned</assignee>
                                    <reporter username="mray">Matt Ray</reporter>
                        <labels>
                    </labels>
                <created>Thu, 13 Sep 2007 22:01:03 +0000</created>
                <updated>Wed, 2 Jan 2008 07:03:57 +0000</updated>
                            <resolved>Wed, 2 Jan 2008 07:03:57 +0000</resolved>
                                    <version>1.1</version>
                                    <fixVersion>1.2</fixVersion>
                                    <component>CLI-1.x</component>
                        <due />
                            <votes>0</votes>
                                    <watches>1</watches>
                                                                <comments>
                            <comment id="12527632" author="brianegge" created="Fri, 14 Sep 2007 20:57:52 +0000">&lt;p&gt;Hi Matt,&lt;/p&gt;

&lt;p&gt;This is a limitation of the CLI 1.x parser, and I don't think it would be possible to fix without breaking a lot of existing code and test cases.  However, there are a couple of work around.&lt;/p&gt;

&lt;p&gt;1) Don't include a space between the option and the arg.&lt;br/&gt;
2) Enclose the arg in quotes&lt;/p&gt;

&lt;p&gt;I've attached a test case showing examples of the above two methods.&lt;/p&gt;</comment>
                            <comment id="12527633" author="brianegge" created="Fri, 14 Sep 2007 20:59:10 +0000">&lt;p&gt;Source code showing the workaround for when the argument could also be interpreted as an option.&lt;/p&gt;</comment>
                            <comment id="12538241" author="bayard" created="Sat, 27 Oct 2007 18:37:15 +0000">&lt;p&gt;I've added the workaround source to the test package. &lt;/p&gt;

&lt;p&gt;r589175 | bayard | 2007-10-27 11:36:12 -0700 (Sat, 27 Oct 2007) | 1 line&lt;br/&gt;
Changed paths:&lt;br/&gt;
   M /commons/proper/cli/branches/cli-1.x/src/test/org/apache/commons/cli/bug/BugCLI148Test.java&lt;/p&gt;

&lt;p&gt;Fixing the source to reference the correct reference number, ie) &lt;a href="https://issues.apache.org/jira/browse/CLI-138" title="No &amp;#39;--&amp;#39; option for terminating options processing" class="issue-link" data-issue-key="CLI-138"&gt;&lt;del&gt;CLI-138&lt;/del&gt;&lt;/a&gt;&lt;br/&gt;
------------------------------------------------------------------------&lt;br/&gt;
r589174 | bayard | 2007-10-27 11:35:46 -0700 (Sat, 27 Oct 2007) | 1 line&lt;br/&gt;
Changed paths:&lt;br/&gt;
   D /commons/proper/cli/branches/cli-1.x/src/test/org/apache/commons/cli/bug/BugCLI138Test.java&lt;br/&gt;
   A /commons/proper/cli/branches/cli-1.x/src/test/org/apache/commons/cli/bug/BugCLI148Test.java (from /commons/proper/cli/branches/cli-1.x/src/test/org/apache/commons/cli/bug/BugCLI138Test.java:589173)&lt;/p&gt;

&lt;p&gt;Renaming to correct issue number&lt;br/&gt;
------------------------------------------------------------------------&lt;br/&gt;
r589173 | bayard | 2007-10-27 11:35:02 -0700 (Sat, 27 Oct 2007) | 1 line&lt;br/&gt;
Changed paths:&lt;br/&gt;
   A /commons/proper/cli/branches/cli-1.x/src/test/org/apache/commons/cli/bug/BugCLI138Test.java&lt;/p&gt;

&lt;p&gt;Adding Brian's workaround tests from &lt;a href="https://issues.apache.org/jira/browse/CLI-148" title="arguments are interpreted as options" class="issue-link" data-issue-key="CLI-148"&gt;&lt;del&gt;CLI-148&lt;/del&gt;&lt;/a&gt;&lt;/p&gt;</comment>
                            <comment id="12555259" author="bayard" created="Wed, 2 Jan 2008 07:03:57 +0000">&lt;p&gt;Marking as wontfix in accordance with Brian's comment.&lt;/p&gt;</comment>
                    </comments>
                <issuelinks>
                            <issuelinktype id="10030">
                    <name>Reference</name>
                                            <outwardlinks description="relates to">
                                        <issuelink>
            <issuekey id="12342994">CLI-71</issuekey>
        </issuelink>
                            </outwardlinks>
                                                        </issuelinktype>
                    </issuelinks>
                <attachments>
                            <attachment id="12365896" name="BugCLI138Test.java" size="1268" author="brianegge" created="Fri, 14 Sep 2007 20:59:10 +0000" />
                    </attachments>
                <subtasks>
                    </subtasks>
                <customfields>
                                                                                                                                                                                                                                                                                                                                                                                                                                                                                                                                                                                                                                                                                                                    <customfield id="customfield_12314020" key="com.atlassian.jira.plugins.jira-development-integration-plugin:devsummary">
                        <customfieldname>Development</customfieldname>
                        <customfieldvalues>
                            
                        </customfieldvalues>
                    </customfield>
                                                                                                                        <customfield id="customfield_12313422" key="com.atlassian.jirafisheyeplugin:jobcheckbox">
                        <customfieldname>Enable Automatic Patch Review</customfieldname>
                        <customfieldvalues>
                            <customfieldvalue>false</customfieldvalue>

                        </customfieldvalues>
                    </customfield>
                                                                                                                                                                                                                                                                                                                                                                                                                                                                                                                                                                                                                                                <customfield id="customfield_12310420" key="com.pyxis.greenhopper.jira:gh-global-rank">
                        <customfieldname>Global Rank</customfieldname>
                        <customfieldvalues>
                            <customfieldvalue>107915</customfieldvalue>
                        </customfieldvalues>
                    </customfield>
                                                                                                                                                                                                                                                                                                                                                                                                                                                                        <customfield id="customfield_12311820" key="com.pyxis.greenhopper.jira:gh-lexo-rank">
                        <customfieldname>Rank</customfieldname>
                        <customfieldvalues>
                            <customfieldvalue>0|i0frov:</customfieldvalue>

                        </customfieldvalues>
                    </customfield>
                                                                <customfield id="customfield_12310920" key="com.pyxis.greenhopper.jira:gh-global-rank">
                        <customfieldname>Rank (Obsolete)</customfieldname>
                        <customfieldvalues>
                            <customfieldvalue>90083</customfieldvalue>
                        </customfieldvalues>
                    </customfield>
                                                                                                                                                                                                                                                                                                                                                                                                                                                                                                                                                                                                                                                                                                                                                                                            </customfields>
    </item>


</channel>
</rss>