<rss version="0.92">
    <channel>
        <title>ASF JIRA</title>
        <link>https://issues.apache.org/jira/issues/?jql=project+%3D+CLI+and+type+%3D+bug+and+%28status+%3D+RESOLVED+or+status+%3D+closed%29</link>
        <description>An XML representation of a search request</description>
                <language>en-uk</language>
                        <issue start="0" end="155" total="155" />
                <build-info>
            <version>8.20.7</version>
            <build-number>820007</build-number>
            <build-date>16-03-2022</build-date>
        </build-info>

<item>
            <title>[CLI-29] Options should not be able to be added more than once</title>
                <link>https://issues.apache.org/jira/browse/CLI-29</link>
                <project id="12310463" key="CLI">Commons CLI</project>
                    <description>&lt;p&gt;One should not be able to add the same Option (by unique ID) to the Options&lt;br/&gt;
object multiple times. Specifically, this causes a problem with required options.&lt;/p&gt;

&lt;p&gt;I performed the following set of steps, which resulted in the behavior that the&lt;br/&gt;
option I specified was not marked as set in the Parser.requiredOptions List:&lt;/p&gt;

&lt;p&gt;Option o = OptionBuilder.isRequired().withDescription("test").create("test");&lt;br/&gt;
Options opts = new Options();&lt;br/&gt;
opts.addOption(o);&lt;br/&gt;
opts.addOption(o);&lt;/p&gt;

&lt;p&gt;Now, if I parse a command line like this:&lt;/p&gt;

{program}
&lt;p&gt; -test&lt;/p&gt;

&lt;p&gt;I get an MissingArgumentException thrown from Parser.checkRequiredOptions that&lt;br/&gt;
the option was not found. This is because the option has been added to&lt;br/&gt;
requiredOptions twice.&lt;/p&gt;

&lt;p&gt;I believe that one should not be able to add the same option twice (or this&lt;br/&gt;
behavior should be ... er .... optional).&lt;/p&gt;</description>
                <environment>&lt;p&gt;Operating System: other&lt;br/&gt;
Platform: Other&lt;/p&gt;</environment>
        <key id="12340430">CLI-29</key>
            <summary>Options should not be able to be added more than once</summary>
                <type id="1" iconUrl="https://issues.apache.org/jira/secure/viewavatar?size=xsmall&amp;avatarId=21133&amp;avatarType=issuetype">Bug</type>
                                            <priority id="3" iconUrl="https://issues.apache.org/jira/images/icons/priorities/major.svg">Major</priority>
                        <status id="6" iconUrl="https://issues.apache.org/jira/images/icons/statuses/closed.png" description="The issue is considered finished, the resolution is correct. Issues which are not closed can be reopened.">Closed</status>
                    <statusCategory id="3" key="done" colorName="green" />
                                    <resolution id="1">Fixed</resolution>
                                        <assignee username="-1">Unassigned</assignee>
                                    <reporter username="pmularien@deploy.com">Peter Mularien</reporter>
                        <labels>
                    </labels>
                <created>Sat, 23 Nov 2002 06:58:08 +0000</created>
                <updated>Thu, 15 Mar 2007 16:49:12 +0000</updated>
                            <resolved>Thu, 15 Mar 2007 16:49:12 +0000</resolved>
                                    <version>1.0</version>
                                    <fixVersion>1.1</fixVersion>
                                    <component>CLI-1.x</component>
                        <due />
                            <votes>0</votes>
                                    <watches>0</watches>
                                                                <comments>
                            <comment id="12403264" author="jbjk" created="Fri, 17 Jan 2003 05:31:20 +0000">&lt;p&gt;The rule is now LIFO, so the last time an Option is added that is the option&lt;br/&gt;
that takes precedent.&lt;/p&gt;</comment>
                    </comments>
                    <attachments>
                    </attachments>
                <subtasks>
                    </subtasks>
                <customfields>
                                                                                                                                                                                                                                                                                                                                                                                                                                                                                                                                                                                                    <customfield id="customfield_10010" key="com.atlassian.jira.plugin.system.customfieldtypes:importid">
                        <customfieldname>Bugzilla Id</customfieldname>
                        <customfieldvalues>
                            <customfieldvalue>14786</customfieldvalue>
                        </customfieldvalues>
                    </customfield>
                                                                                                                                                    <customfield id="customfield_12314020" key="com.atlassian.jira.plugins.jira-development-integration-plugin:devsummary">
                        <customfieldname>Development</customfieldname>
                        <customfieldvalues>
                            
                        </customfieldvalues>
                    </customfield>
                                                                                                                        <customfield id="customfield_12313422" key="com.atlassian.jirafisheyeplugin:jobcheckbox">
                        <customfieldname>Enable Automatic Patch Review</customfieldname>
                        <customfieldvalues>
                            <customfieldvalue>false</customfieldvalue>

                        </customfieldvalues>
                    </customfield>
                                                                                                                                                                                                                                                                                                                                                                                                                                                                                                                                                                                                                                                <customfield id="customfield_12310420" key="com.pyxis.greenhopper.jira:gh-global-rank">
                        <customfieldname>Global Rank</customfieldname>
                        <customfieldvalues>
                            <customfieldvalue>107827</customfieldvalue>
                        </customfieldvalues>
                    </customfield>
                                                                                                                                                                                                                                                                                                                                                                                                                                                                        <customfield id="customfield_12311820" key="com.pyxis.greenhopper.jira:gh-lexo-rank">
                        <customfieldname>Rank</customfieldname>
                        <customfieldvalues>
                            <customfieldvalue>0|i0frwv:</customfieldvalue>

                        </customfieldvalues>
                    </customfield>
                                                                <customfield id="customfield_12310920" key="com.pyxis.greenhopper.jira:gh-global-rank">
                        <customfieldname>Rank (Obsolete)</customfieldname>
                        <customfieldvalues>
                            <customfieldvalue>90119</customfieldvalue>
                        </customfieldvalues>
                    </customfield>
                                                                                                                                                                                                                                                                                                                                                                                                                                                                                                                                                                                                                                                                                                                                                                                            </customfields>
    </item>


</channel>
</rss>