<rss version="0.92">
    <channel>
        <title>ASF JIRA</title>
        <link>https://issues.apache.org/jira/issues/?jql=project+%3D+CLI+and+type+%3D+bug+and+%28status+%3D+RESOLVED+or+status+%3D+closed%29</link>
        <description>An XML representation of a search request</description>
                <language>en-uk</language>
                        <issue start="0" end="155" total="155" />
                <build-info>
            <version>8.20.7</version>
            <build-number>820007</build-number>
            <build-date>16-03-2022</build-date>
        </build-info>

<item>
            <title>[CLI-55] [cli] PatternOptionBuilder does not support required Options</title>
                <link>https://issues.apache.org/jira/browse/CLI-55</link>
                <project id="12310463" key="CLI">Commons CLI</project>
                    <description>&lt;p&gt;It seems like no required Options can be created via the&lt;br/&gt;
PatternOptionBuilder. That is for the following reason:&lt;/p&gt;

&lt;p&gt;Usually "required" is being specified by including an "!"&lt;br/&gt;
into the pattern. E.g. like this "hc!&amp;lt;" which should make&lt;br/&gt;
the option "c" mandatory. But you always get an&lt;br/&gt;
IllegalArgumentException because the "!" is used to create&lt;br/&gt;
an Option. Here is the main loop...&lt;/p&gt;

&lt;p&gt;  if (!isValueCode(ch))&lt;br/&gt;
  {&lt;br/&gt;
    if (opt != ' ')&lt;/p&gt;
    {
      options.addOption(
         OptionBuilder.hasArg(type != null)
                      .isRequired(required).withType(type)
                      .create(opt));
       required = false;
       type = null;
       opt = ' ';
    }
&lt;p&gt;    opt = ch;&lt;br/&gt;
  }&lt;br/&gt;
  else if (ch == '!')&lt;/p&gt;
  {
    required = true;
  }
&lt;p&gt;  else&lt;/p&gt;
  {
    type = getValueClass(ch);
  }

&lt;p&gt;If you look at the code you can see the that "!"&lt;br/&gt;
case is only being reached in the else clause.&lt;br/&gt;
Which in turn means if isValueCode('!') is true.&lt;br/&gt;
If you look at "isValueCode"&lt;/p&gt;

&lt;p&gt;  public static boolean isValueCode(char ch)&lt;br/&gt;
     {&lt;br/&gt;
         if ((ch != '@') &amp;amp;&amp;amp; (ch != ':') &amp;amp;&amp;amp; (ch != '%') &amp;amp;&amp;amp; (ch != '+')&lt;br/&gt;
             &amp;amp;&amp;amp; (ch != '#') &amp;amp;&amp;amp; (ch != '&amp;lt;') &amp;amp;&amp;amp; (ch != '&amp;gt;') &amp;amp;&amp;amp; (ch != '*')&lt;br/&gt;
             &amp;amp;&amp;amp; (ch != '/'))&lt;/p&gt;
         {
             return false;
         }&lt;br/&gt;
 &lt;br/&gt;
         return true;&lt;br/&gt;
     }&lt;br/&gt;
&lt;br/&gt;
you can see that "isValueCode('!')" will always return&lt;br/&gt;
false and the else clause can never be reached.&lt;br/&gt;
&lt;br/&gt;
Adding the "!" to the "isValueCode" method should&lt;br/&gt;
do the trick.&lt;br/&gt;
&lt;br/&gt;
  public static boolean isValueCode(char ch)&lt;br/&gt;
     {&lt;br/&gt;
         if ((ch != '@') &amp;amp;&amp;amp; (ch != ':') &amp;amp;&amp;amp; (ch != '%') &amp;amp;&amp;amp; (ch != '+')&lt;br/&gt;
             &amp;amp;&amp;amp; (ch != '#') &amp;amp;&amp;amp; (ch != '&amp;lt;') &amp;amp;&amp;amp; (ch != '&amp;gt;') &amp;amp;&amp;amp; (ch != '*')&lt;br/&gt;
             &amp;amp;&amp;amp; (ch != '/') &amp;amp;&amp;amp; (ch != '!'))&lt;br/&gt;
         {             return false;         }

&lt;p&gt;         return true;&lt;br/&gt;
     }&lt;/p&gt;

&lt;p&gt;Could someone please fix this?&lt;br/&gt;
Thanks, Torsten&lt;/p&gt;</description>
                <environment>&lt;p&gt;Operating System: Windows XP&lt;br/&gt;
Platform: PC&lt;/p&gt;</environment>
        <key id="12341323">CLI-55</key>
            <summary>[cli] PatternOptionBuilder does not support required Options</summary>
                <type id="1" iconUrl="https://issues.apache.org/jira/secure/viewavatar?size=xsmall&amp;avatarId=21133&amp;avatarType=issuetype">Bug</type>
                                            <priority id="3" iconUrl="https://issues.apache.org/jira/images/icons/priorities/major.svg">Major</priority>
                        <status id="6" iconUrl="https://issues.apache.org/jira/images/icons/statuses/closed.png" description="The issue is considered finished, the resolution is correct. Issues which are not closed can be reopened.">Closed</status>
                    <statusCategory id="3" key="done" colorName="green" />
                                    <resolution id="1">Fixed</resolution>
                                        <assignee username="-1">Unassigned</assignee>
                                    <reporter username="tcurdt">Torsten Curdt</reporter>
                        <labels>
                    </labels>
                <created>Thu, 11 Mar 2004 00:50:11 +0000</created>
                <updated>Thu, 15 Mar 2007 16:49:15 +0000</updated>
                            <resolved>Thu, 15 Mar 2007 16:39:14 +0000</resolved>
                                    <version>1.0</version>
                                    <fixVersion>2.0</fixVersion>
                                    <component>CLI-2.x</component>
                        <due />
                            <votes>0</votes>
                                    <watches>0</watches>
                                                                <comments>
                            <comment id="12406198" author="tcurdt" created="Mon, 22 Mar 2004 08:01:58 +0000">&lt;p&gt;Created an attachment (id=10890)&lt;br/&gt;
patch for PatternOptionBuilder&lt;/p&gt;</comment>
                            <comment id="12406199" author="roxspring" created="Fri, 26 Mar 2004 09:29:28 +0000">&lt;p&gt;Presuming found in version 1.0.&lt;br/&gt;
We need to investigate this further as the current PatternBuilder is largely a&lt;br/&gt;
cut'n'paste job that hasn't seen much testing IIRC.&lt;/p&gt;

&lt;p&gt;Targetting the beta&lt;/p&gt;

&lt;p&gt;Rob&lt;/p&gt;</comment>
                            <comment id="12406200" author="roxspring" created="Fri, 26 Mar 2004 09:38:46 +0000">&lt;p&gt;Whoops - meant FIXED.&lt;/p&gt;</comment>
                            <comment id="12406201" author="roxspring" created="Fri, 26 Mar 2004 09:40:16 +0000">&lt;p&gt;Doh! - wrong bug.&lt;/p&gt;</comment>
                            <comment id="12406202" author="roxspring" created="Fri, 26 Mar 2004 10:09:42 +0000">&lt;p&gt;Assuming that I've understood the problem properly then this appears to be fixed&lt;br/&gt;
in CLI2.  Some double checking would be appreciated though.&lt;/p&gt;</comment>
                            <comment id="12406203" author="tcurdt" created="Fri, 26 Mar 2004 18:48:23 +0000">&lt;p&gt;The PatternBuilder in branch RESEARCH_CLI_2_ROXSPRING seems to be ok&lt;/p&gt;</comment>
                    </comments>
                    <attachments>
                            <attachment id="12332793" name="ASF.LICENSE.NOT.GRANTED--PatternOtionBuilder.patch" size="804" author="tcurdt" created="Mon, 22 Mar 2004 08:01:58 +0000" />
                    </attachments>
                <subtasks>
                    </subtasks>
                <customfields>
                                                                                                                                                                                                                                                                                                                                                                                                                                                                                                                                                                                                    <customfield id="customfield_10010" key="com.atlassian.jira.plugin.system.customfieldtypes:importid">
                        <customfieldname>Bugzilla Id</customfieldname>
                        <customfieldvalues>
                            <customfieldvalue>27575</customfieldvalue>
                        </customfieldvalues>
                    </customfield>
                                                                                                                                                    <customfield id="customfield_12314020" key="com.atlassian.jira.plugins.jira-development-integration-plugin:devsummary">
                        <customfieldname>Development</customfieldname>
                        <customfieldvalues>
                            
                        </customfieldvalues>
                    </customfield>
                                                                                                                        <customfield id="customfield_12313422" key="com.atlassian.jirafisheyeplugin:jobcheckbox">
                        <customfieldname>Enable Automatic Patch Review</customfieldname>
                        <customfieldvalues>
                            <customfieldvalue>false</customfieldvalue>

                        </customfieldvalues>
                    </customfield>
                                                                                                                                                                                                                                                                                                                                                                                                                                                                                                                                                                                                                                                <customfield id="customfield_12310420" key="com.pyxis.greenhopper.jira:gh-global-rank">
                        <customfieldname>Global Rank</customfieldname>
                        <customfieldvalues>
                            <customfieldvalue>107849</customfieldvalue>
                        </customfieldvalues>
                    </customfield>
                                                                                                                                                                                                                                                                                                                                                                                                                                                                        <customfield id="customfield_12311820" key="com.pyxis.greenhopper.jira:gh-lexo-rank">
                        <customfieldname>Rank</customfieldname>
                        <customfieldvalues>
                            <customfieldvalue>0|i0fs67:</customfieldvalue>

                        </customfieldvalues>
                    </customfield>
                                                                <customfield id="customfield_12310920" key="com.pyxis.greenhopper.jira:gh-global-rank">
                        <customfieldname>Rank (Obsolete)</customfieldname>
                        <customfieldvalues>
                            <customfieldvalue>90161</customfieldvalue>
                        </customfieldvalues>
                    </customfield>
                                                                                                                                                                                                                                                                                                                                                                                                                                                                                                                                                                                                                                                                                                                                                                                            </customfields>
    </item>


</channel>
</rss>