<rss version="0.92">
    <channel>
        <title>ASF JIRA</title>
        <link>https://issues.apache.org/jira/issues/?jql=project+%3D+CLI+and+type+%3D+bug+and+%28status+%3D+RESOLVED+or+status+%3D+closed%29</link>
        <description>An XML representation of a search request</description>
                <language>en-uk</language>
                        <issue start="0" end="155" total="155" />
                <build-info>
            <version>8.20.7</version>
            <build-number>820007</build-number>
            <build-date>16-03-2022</build-date>
        </build-info>

<item>
            <title>[CLI-146] SVN repository link incorrect / related to TLP change</title>
                <link>https://issues.apache.org/jira/browse/CLI-146</link>
                <project id="12310463" key="CLI">Commons CLI</project>
                    <description>&lt;p&gt;On page: &lt;br/&gt;
&lt;a href="http://people.apache.org/~bayard/commons-cli/1.0-rc3/site/index.html" class="external-link" target="_blank" rel="nofollow noopener"&gt;http://people.apache.org/~bayard/commons-cli/1.0-rc3/site/index.html&lt;/a&gt;&lt;/p&gt;

&lt;p&gt;Navigate to 'SVN repository'.&lt;/p&gt;

&lt;p&gt;Links to: &lt;a href="http://svn.apache.org/viewvc/jakarta/commons/proper/cli/trunk/" class="external-link" target="_blank" rel="nofollow noopener"&gt;http://svn.apache.org/viewvc/jakarta/commons/proper/cli/trunk/&lt;/a&gt;&lt;/p&gt;

&lt;p&gt;Should link to: &lt;a href="http://svn.apache.org/viewvc/commons/proper/cli/trunk/" class="external-link" target="_blank" rel="nofollow noopener"&gt;http://svn.apache.org/viewvc/commons/proper/cli/trunk/&lt;/a&gt;&lt;/p&gt;</description>
                <environment />
        <key id="12376468">CLI-146</key>
            <summary>SVN repository link incorrect / related to TLP change</summary>
                <type id="1" iconUrl="https://issues.apache.org/jira/secure/viewavatar?size=xsmall&amp;avatarId=21133&amp;avatarType=issuetype">Bug</type>
                                            <priority id="4" iconUrl="https://issues.apache.org/jira/images/icons/priorities/minor.svg">Minor</priority>
                        <status id="6" iconUrl="https://issues.apache.org/jira/images/icons/statuses/closed.png" description="The issue is considered finished, the resolution is correct. Issues which are not closed can be reopened.">Closed</status>
                    <statusCategory id="3" key="done" colorName="green" />
                                    <resolution id="1">Fixed</resolution>
                                        <assignee username="-1">Unassigned</assignee>
                                    <reporter username="brianegge">Brian Egge</reporter>
                        <labels>
                    </labels>
                <created>Tue, 21 Aug 2007 05:48:37 +0000</created>
                <updated>Tue, 21 Aug 2007 22:00:46 +0000</updated>
                            <resolved>Tue, 21 Aug 2007 22:00:48 +0000</resolved>
                                                                        <due />
                            <votes>0</votes>
                                    <watches>0</watches>
                                                                <comments>
                            <comment id="12521384" author="bayard" created="Tue, 21 Aug 2007 10:16:11 +0000">&lt;p&gt;That's not the real site Brian, just the staging version I had up for testing &lt;span class="error"&gt;&amp;#91;people have complained when I delete them too quickly before&amp;#93;&lt;/span&gt;.&lt;/p&gt;

&lt;p&gt;&lt;a href="http://commons.apache.org/cli/" class="external-link" target="_blank" rel="nofollow noopener"&gt;http://commons.apache.org/cli/&lt;/a&gt; seems to be okay. Does it look okay to you?&lt;/p&gt;</comment>
                            <comment id="12521610" author="brianegge" created="Tue, 21 Aug 2007 22:00:08 +0000">&lt;p&gt;OK.  The other page looks good.  Odd, the staging version was page that Google took me too.  Navigating from apache.org worked fine though. &lt;/p&gt;</comment>
                    </comments>
                    <attachments>
                    </attachments>
                <subtasks>
                    </subtasks>
                <customfields>
                                                                                                                                                                                                                                                                                                                                                                                                                                                                                                                                                                                                                                                                                                                    <customfield id="customfield_12314020" key="com.atlassian.jira.plugins.jira-development-integration-plugin:devsummary">
                        <customfieldname>Development</customfieldname>
                        <customfieldvalues>
                            
                        </customfieldvalues>
                    </customfield>
                                                                                                                        <customfield id="customfield_12313422" key="com.atlassian.jirafisheyeplugin:jobcheckbox">
                        <customfieldname>Enable Automatic Patch Review</customfieldname>
                        <customfieldvalues>
                            <customfieldvalue>false</customfieldvalue>

                        </customfieldvalues>
                    </customfield>
                                                                                                                                                                                                                                                                                                                                                                                                                                                                                                                                                                                                                                                <customfield id="customfield_12310420" key="com.pyxis.greenhopper.jira:gh-global-rank">
                        <customfieldname>Global Rank</customfieldname>
                        <customfieldvalues>
                            <customfieldvalue>107914</customfieldvalue>
                        </customfieldvalues>
                    </customfield>
                                                                                                                                                                                                                                                                                                                                                                                                                                                                        <customfield id="customfield_12311820" key="com.pyxis.greenhopper.jira:gh-lexo-rank">
                        <customfieldname>Rank</customfieldname>
                        <customfieldvalues>
                            <customfieldvalue>0|i0udtj:</customfieldvalue>

                        </customfieldvalues>
                    </customfield>
                                                                <customfield id="customfield_12310920" key="com.pyxis.greenhopper.jira:gh-global-rank">
                        <customfieldname>Rank (Obsolete)</customfieldname>
                        <customfieldvalues>
                            <customfieldvalue>175380</customfieldvalue>
                        </customfieldvalues>
                    </customfield>
                                                                                                                                                                                                                                                                                                                                                                                                                                                                                                                                                                                                                                                                                                                                                                                            </customfields>
    </item>


</channel>
</rss>