<rss version="0.92">
    <channel>
        <title>ASF JIRA</title>
        <link>https://issues.apache.org/jira/issues/?jql=project+%3D+CLI+and+type+%3D+bug+and+%28status+%3D+RESOLVED+or+status+%3D+closed%29</link>
        <description>An XML representation of a search request</description>
                <language>en-uk</language>
                        <issue start="0" end="155" total="155" />
                <build-info>
            <version>8.20.7</version>
            <build-number>820007</build-number>
            <build-date>16-03-2022</build-date>
        </build-info>

<item>
            <title>[CLI-34] Problem in printUsage for OptionGroup</title>
                <link>https://issues.apache.org/jira/browse/CLI-34</link>
                <project id="12310463" key="CLI">Commons CLI</project>
                    <description>&lt;p&gt;The printUsage method, when used with an OptionGroup in the Options, will print &lt;br/&gt;
every option in that group past the first more than once (once as a group &lt;br/&gt;
option, and once as a non-group option).  This is due to a bug in the logic of &lt;br/&gt;
printUsage, at line 267.  Alteration required:&lt;/p&gt;




&lt;p&gt;// if the Option is not part of an OptionGroup&lt;/p&gt;


&lt;p&gt;else {&lt;/p&gt;




&lt;p&gt;change to:&lt;/p&gt;




&lt;p&gt;// if the Option is not part of an OptionGroup&lt;/p&gt;


&lt;p&gt;else if (group == null) {&lt;/p&gt;






&lt;p&gt;I've built a unit test for this:&lt;/p&gt;




&lt;p&gt;	public void testMultiOptionPrintUsage() throws Exception&lt;/p&gt;


	{


		String firstOption = "FirstOption";


		String secondOption = "SecondOption";




		Options options = new Options();


		OptionGroup optGroup = new OptionGroup();


		optGroup.addOption(OptionBuilder.create(firstOption));


		optGroup.addOption(OptionBuilder.create(secondOption));


		options.addOptionGroup(optGroup);


		


		ByteArrayOutputStream byteStream = new ByteArrayOutputStream();


		HelpFormatter help = new HelpFormatter();


		help.printUsage(new PrintWriter(byteStream, true), 80, "Test", options);


		


		String usageString = byteStream.toString();


		assertTrue("Should not find multiple copies of "+firstOption, 
usageString.indexOf(firstOption, 
usageString.indexOf(firstOption)+firstOption.length()) == -1);


		assertTrue("Should not find multiple copies of "+secondOption, 
usageString.indexOf(secondOption, 
usageString.indexOf(secondOption)+secondOption.length()) == -1);


	}</description>
                <environment>&lt;p&gt;Operating System: All&lt;br/&gt;
Platform: PC&lt;/p&gt;</environment>
        <key id="12340567">CLI-34</key>
            <summary>Problem in printUsage for OptionGroup</summary>
                <type id="1" iconUrl="https://issues.apache.org/jira/secure/viewavatar?size=xsmall&amp;avatarId=21133&amp;avatarType=issuetype">Bug</type>
                                            <priority id="4" iconUrl="https://issues.apache.org/jira/images/icons/priorities/minor.svg">Minor</priority>
                        <status id="6" iconUrl="https://issues.apache.org/jira/images/icons/statuses/closed.png" description="The issue is considered finished, the resolution is correct. Issues which are not closed can be reopened.">Closed</status>
                    <statusCategory id="3" key="done" colorName="green" />
                                    <resolution id="3">Duplicate</resolution>
                                        <assignee username="-1">Unassigned</assignee>
                                    <reporter username="mlanzetta@accelrys.com">Michael Lanzetta</reporter>
                        <labels>
                    </labels>
                <created>Fri, 21 Feb 2003 08:17:26 +0000</created>
                <updated>Thu, 15 Mar 2007 16:49:12 +0000</updated>
                            <resolved>Thu, 15 Mar 2007 16:49:12 +0000</resolved>
                                    <version>1.0</version>
                                                        <due />
                            <votes>0</votes>
                                    <watches>0</watches>
                                                                <comments>
                            <comment id="12403691" author="dominik.stadler@gmx.at" created="Thu, 7 Aug 2003 21:03:01 +0000">&lt;p&gt;I think &lt;a href="https://issues.apache.org/jira/browse/CLI-15" title="HelpFormatter does not handle groups properly" class="issue-link" data-issue-key="CLI-15"&gt;&lt;del&gt;COM-548&lt;/del&gt;&lt;/a&gt; is exactly the same report and has patches available. Maybe&lt;br/&gt;
this bug should be set to DUPLICATE...&lt;/p&gt;</comment>
                            <comment id="12403692" author="mlanzetta@accelrys.com" created="Thu, 7 Aug 2003 22:07:21 +0000">

&lt;ul&gt;
	&lt;li&gt;
	&lt;ul&gt;
		&lt;li&gt;
		&lt;ul&gt;
			&lt;li&gt;This bug has been marked as a duplicate of 19749 ***&lt;/li&gt;
		&lt;/ul&gt;
		&lt;/li&gt;
	&lt;/ul&gt;
	&lt;/li&gt;
&lt;/ul&gt;
</comment>
                    </comments>
                    <attachments>
                    </attachments>
                <subtasks>
                    </subtasks>
                <customfields>
                                                                                                                                                                                                                                                                                                                                                                                                                                                                                                                                                                                                    <customfield id="customfield_10010" key="com.atlassian.jira.plugin.system.customfieldtypes:importid">
                        <customfieldname>Bugzilla Id</customfieldname>
                        <customfieldvalues>
                            <customfieldvalue>17268</customfieldvalue>
                        </customfieldvalues>
                    </customfield>
                                                                                                                                                    <customfield id="customfield_12314020" key="com.atlassian.jira.plugins.jira-development-integration-plugin:devsummary">
                        <customfieldname>Development</customfieldname>
                        <customfieldvalues>
                            
                        </customfieldvalues>
                    </customfield>
                                                                                                                        <customfield id="customfield_12313422" key="com.atlassian.jirafisheyeplugin:jobcheckbox">
                        <customfieldname>Enable Automatic Patch Review</customfieldname>
                        <customfieldvalues>
                            <customfieldvalue>false</customfieldvalue>

                        </customfieldvalues>
                    </customfield>
                                                                                                                                                                                                                                                                                                                                                                                                                                                                                                                                                                                                                                                <customfield id="customfield_12310420" key="com.pyxis.greenhopper.jira:gh-global-rank">
                        <customfieldname>Global Rank</customfieldname>
                        <customfieldvalues>
                            <customfieldvalue>107832</customfieldvalue>
                        </customfieldvalues>
                    </customfield>
                                                                                                                                                                                                                                                                                                                                                                                                                                                                        <customfield id="customfield_12311820" key="com.pyxis.greenhopper.jira:gh-lexo-rank">
                        <customfieldname>Rank</customfieldname>
                        <customfieldvalues>
                            <customfieldvalue>0|i0fs7b:</customfieldvalue>

                        </customfieldvalues>
                    </customfield>
                                                                <customfield id="customfield_12310920" key="com.pyxis.greenhopper.jira:gh-global-rank">
                        <customfieldname>Rank (Obsolete)</customfieldname>
                        <customfieldvalues>
                            <customfieldvalue>90166</customfieldvalue>
                        </customfieldvalues>
                    </customfield>
                                                                                                                                                                                                                                                                                                                                                                                                                                                                                                                                                                                                                                                                                                                                                                                            </customfields>
    </item>


</channel>
</rss>