<rss version="0.92">
    <channel>
        <title>ASF JIRA</title>
        <link>https://issues.apache.org/jira/issues/?jql=project+%3D+CLI+and+type+%3D+bug+and+%28status+%3D+RESOLVED+or+status+%3D+closed%29</link>
        <description>An XML representation of a search request</description>
                <language>en-uk</language>
                        <issue start="0" end="155" total="155" />
                <build-info>
            <version>8.20.7</version>
            <build-number>820007</build-number>
            <build-date>16-03-2022</build-date>
        </build-info>

<item>
            <title>[CLI-54] [Patch][CLI] OptionBuilder implemented like ToStringBuilder from commons-lang</title>
                <link>https://issues.apache.org/jira/browse/CLI-54</link>
                <project id="12310463" key="CLI">Commons CLI</project>
                    <description>&lt;p&gt;OptionBuilder uses only static methods instead of a very common java-idiom, the&lt;br/&gt;
chain of calls, that is used in many jakarta projects (see ECS or commons-lang&lt;br/&gt;
with the implementations of ToStringBuilder, HashCodeBuilder...)&lt;/p&gt;

&lt;p&gt;This patch fixes OptionBuilder but as it breaks the current API, it might be&lt;br/&gt;
best applied on a 2.0 release.&lt;/p&gt;

&lt;p&gt;Ludovic.&lt;/p&gt;

&lt;p&gt;Index: src/java/org/apache/commons/cli/OptionBuilder.java&lt;br/&gt;
===================================================================&lt;br/&gt;
retrieving revision 1.16&lt;br/&gt;
diff -u -r1.16 OptionBuilder.java&lt;br/&gt;
&amp;#8212; src/java/org/apache/commons/cli/OptionBuilder.java	9 Oct 2003 20:57:01&lt;br/&gt;
-0000	1.16&lt;br/&gt;
+++ src/java/org/apache/commons/cli/OptionBuilder.java	11 Jan 2004 02:32:24 -0000&lt;br/&gt;
@@ -73,55 +73,34 @@&lt;br/&gt;
 public class OptionBuilder {&lt;/p&gt;

&lt;p&gt;     /** long option */&lt;/p&gt;
&lt;ul class="alternate" type="square"&gt;
	&lt;li&gt;private static String longopt;&lt;br/&gt;
+    private String longopt;&lt;/li&gt;
&lt;/ul&gt;


&lt;p&gt;     /** option description */&lt;/p&gt;
&lt;ul class="alternate" type="square"&gt;
	&lt;li&gt;private static String description;&lt;br/&gt;
+    private String description;&lt;/li&gt;
&lt;/ul&gt;


&lt;p&gt;     /** argument name */&lt;/p&gt;
&lt;ul class="alternate" type="square"&gt;
	&lt;li&gt;private static String argName;&lt;br/&gt;
+    private String argName;&lt;/li&gt;
&lt;/ul&gt;


&lt;p&gt;     /** is required? */&lt;/p&gt;
&lt;ul class="alternate" type="square"&gt;
	&lt;li&gt;private static boolean required;&lt;br/&gt;
+    private boolean required;&lt;/li&gt;
&lt;/ul&gt;


&lt;p&gt;     /** the number of arguments */&lt;/p&gt;
&lt;ul class="alternate" type="square"&gt;
	&lt;li&gt;private static int numberOfArgs = Option.UNINITIALIZED;&lt;br/&gt;
+    private int numberOfArgs = Option.UNINITIALIZED;&lt;/li&gt;
&lt;/ul&gt;


&lt;p&gt;     /** option type */&lt;/p&gt;
&lt;ul class="alternate" type="square"&gt;
	&lt;li&gt;private static Object type;&lt;br/&gt;
+    private Object type;&lt;/li&gt;
&lt;/ul&gt;


&lt;p&gt;     /** option can have an optional argument value */&lt;/p&gt;
&lt;ul class="alternate" type="square"&gt;
	&lt;li&gt;private static boolean optionalArg;&lt;br/&gt;
+    private boolean optionalArg;&lt;/li&gt;
&lt;/ul&gt;


&lt;p&gt;     /** value separator for argument value */&lt;/p&gt;
&lt;ul class="alternate" type="square"&gt;
	&lt;li&gt;private static char valuesep;&lt;br/&gt;
-&lt;/li&gt;
	&lt;li&gt;/** option builder instance */&lt;/li&gt;
	&lt;li&gt;private static OptionBuilder instance = new OptionBuilder();&lt;br/&gt;
-&lt;/li&gt;
	&lt;li&gt;/**&lt;/li&gt;
	&lt;li&gt;* private constructor to prevent instances being created&lt;/li&gt;
	&lt;li&gt;*/&lt;/li&gt;
	&lt;li&gt;private OptionBuilder()&lt;/li&gt;
	&lt;li&gt;{
-    }
&lt;p&gt;+    private char valuesep;&lt;/p&gt;&lt;/li&gt;
&lt;/ul&gt;


&lt;p&gt;     /**&lt;/p&gt;
&lt;ul class="alternate" type="square"&gt;
	&lt;li&gt;* &amp;lt;p&amp;gt;Resets the member variables to their default values.&amp;lt;/p&amp;gt;&lt;br/&gt;
+     * Constructor for OptionBuilder&lt;br/&gt;
      */&lt;/li&gt;
	&lt;li&gt;private static void reset()&lt;br/&gt;
+    public OptionBuilder()
     {
-        description = null;
-        argName = "arg";
-        longopt = null;
-        type = null;
-        required = false;
-        numberOfArgs = Option.UNINITIALIZED;
-
-
-        // PMM 9/6/02 - these were missing
-        optionalArg = false;
-        valuesep = (char) 0;
     }&lt;/li&gt;
&lt;/ul&gt;


&lt;p&gt;     /**&lt;br/&gt;
@@ -130,11 +109,11 @@&lt;/p&gt;
&lt;ul&gt;
	&lt;li&gt;@param longopt the long option value&lt;/li&gt;
	&lt;li&gt;@return the OptionBuilder instance&lt;br/&gt;
      */&lt;/li&gt;
&lt;/ul&gt;
&lt;ul class="alternate" type="square"&gt;
	&lt;li&gt;public static OptionBuilder withLongOpt(String longopt)&lt;br/&gt;
+    public OptionBuilder withLongOpt(String longopt)
     {
-        instance.longopt = longopt;
+        this.longopt = longopt;
 
-        return instance;
+        return this;
     }&lt;/li&gt;
&lt;/ul&gt;


&lt;p&gt;     /**&lt;br/&gt;
@@ -142,11 +121,11 @@&lt;br/&gt;
      *&lt;/p&gt;
&lt;ul&gt;
	&lt;li&gt;@return the OptionBuilder instance&lt;br/&gt;
      */&lt;/li&gt;
&lt;/ul&gt;
&lt;ul class="alternate" type="square"&gt;
	&lt;li&gt;public static OptionBuilder hasArg()&lt;br/&gt;
+    public OptionBuilder hasArg()
     {
-        instance.numberOfArgs = 1;
+        this.numberOfArgs = 1;
 
-        return instance;
+        return this;
     }&lt;/li&gt;
&lt;/ul&gt;


&lt;p&gt;     /**&lt;br/&gt;
@@ -156,11 +135,11 @@&lt;/p&gt;
&lt;ul&gt;
	&lt;li&gt;@param hasArg if true then the Option has an argument value&lt;/li&gt;
	&lt;li&gt;@return the OptionBuilder instance&lt;br/&gt;
      */&lt;/li&gt;
&lt;/ul&gt;
&lt;ul class="alternate" type="square"&gt;
	&lt;li&gt;public static OptionBuilder hasArg(boolean hasArg)&lt;br/&gt;
+    public OptionBuilder hasArg(boolean hasArg)
     {
-        instance.numberOfArgs = (hasArg == true) ? 1 : Option.UNINITIALIZED;
+        this.numberOfArgs = (hasArg == true) ? 1 : Option.UNINITIALIZED;
 
-        return instance;
+        return this;
     }&lt;/li&gt;
&lt;/ul&gt;


&lt;p&gt;     /**&lt;br/&gt;
@@ -170,11 +149,11 @@&lt;/p&gt;
&lt;ul&gt;
	&lt;li&gt;@param name the name for the argument value&lt;/li&gt;
	&lt;li&gt;@return the OptionBuilder instance&lt;br/&gt;
      */&lt;/li&gt;
&lt;/ul&gt;
&lt;ul class="alternate" type="square"&gt;
	&lt;li&gt;public static OptionBuilder withArgName(String name)&lt;br/&gt;
+    public OptionBuilder withArgName(String name)
     {
-        instance.argName = name;
+        this.argName = name;
 
-        return instance;
+        return this;
     }&lt;/li&gt;
&lt;/ul&gt;


&lt;p&gt;     /**&lt;br/&gt;
@@ -182,11 +161,11 @@&lt;br/&gt;
      *&lt;/p&gt;
&lt;ul&gt;
	&lt;li&gt;@return the OptionBuilder instance&lt;br/&gt;
      */&lt;/li&gt;
&lt;/ul&gt;
&lt;ul class="alternate" type="square"&gt;
	&lt;li&gt;public static OptionBuilder isRequired()&lt;br/&gt;
+    public OptionBuilder isRequired()
     {
-        instance.required = true;
+        this.required = true;
 
-        return instance;
+        return this;
     }&lt;/li&gt;
&lt;/ul&gt;


&lt;p&gt;     /**&lt;br/&gt;
@@ -207,11 +186,11 @@&lt;br/&gt;
      *&lt;/p&gt;
&lt;ul&gt;
	&lt;li&gt;@return the OptionBuilder instance&lt;br/&gt;
      */&lt;/li&gt;
&lt;/ul&gt;
&lt;ul class="alternate" type="square"&gt;
	&lt;li&gt;public static OptionBuilder withValueSeparator(char sep)&lt;br/&gt;
+    public OptionBuilder withValueSeparator(char sep)
     {
-        instance.valuesep = sep;
+        this.valuesep = sep;
 
-        return instance;
+        return this;
     }&lt;/li&gt;
&lt;/ul&gt;


&lt;p&gt;     /**&lt;br/&gt;
@@ -230,11 +209,11 @@&lt;br/&gt;
      *&lt;/p&gt;
&lt;ul&gt;
	&lt;li&gt;@return the OptionBuilder instance&lt;br/&gt;
      */&lt;/li&gt;
&lt;/ul&gt;
&lt;ul class="alternate" type="square"&gt;
	&lt;li&gt;public static OptionBuilder withValueSeparator()&lt;br/&gt;
+    public OptionBuilder withValueSeparator()
     {
-        instance.valuesep = '=';
+        this.valuesep = '=';
 
-        return instance;
+        return this;
     }&lt;/li&gt;
&lt;/ul&gt;


&lt;p&gt;     /**&lt;br/&gt;
@@ -244,11 +223,11 @@&lt;/p&gt;
&lt;ul&gt;
	&lt;li&gt;@param required if true then the Option is required&lt;/li&gt;
	&lt;li&gt;@return the OptionBuilder instance&lt;br/&gt;
      */&lt;/li&gt;
&lt;/ul&gt;
&lt;ul class="alternate" type="square"&gt;
	&lt;li&gt;public static OptionBuilder isRequired(boolean required)&lt;br/&gt;
+    public OptionBuilder isRequired(boolean required)
     {
-        instance.required = required;
+        this.required = required;
 
-        return instance;
+        return this;
     }&lt;/li&gt;
&lt;/ul&gt;


&lt;p&gt;     /**&lt;br/&gt;
@@ -256,11 +235,11 @@&lt;br/&gt;
      *&lt;/p&gt;
&lt;ul&gt;
	&lt;li&gt;@return the OptionBuilder instance&lt;br/&gt;
      */&lt;/li&gt;
&lt;/ul&gt;
&lt;ul class="alternate" type="square"&gt;
	&lt;li&gt;public static OptionBuilder hasArgs()&lt;br/&gt;
+    public OptionBuilder hasArgs()
     {
-        instance.numberOfArgs = Option.UNLIMITED_VALUES;
+        this.numberOfArgs = Option.UNLIMITED_VALUES;
 
-        return instance;
+        return this;
     }&lt;/li&gt;
&lt;/ul&gt;


&lt;p&gt;     /**&lt;br/&gt;
@@ -270,11 +249,11 @@&lt;/p&gt;
&lt;ul&gt;
	&lt;li&gt;@param num the number of args that the option can have&lt;/li&gt;
	&lt;li&gt;@return the OptionBuilder instance&lt;br/&gt;
      */&lt;/li&gt;
&lt;/ul&gt;
&lt;ul class="alternate" type="square"&gt;
	&lt;li&gt;public static OptionBuilder hasArgs(int num)&lt;br/&gt;
+    public OptionBuilder hasArgs(int num)
     {
-        instance.numberOfArgs = num;
+        this.numberOfArgs = num;
 
-        return instance;
+        return this;
     }&lt;/li&gt;
&lt;/ul&gt;


&lt;p&gt;     /**&lt;br/&gt;
@@ -282,12 +261,12 @@&lt;br/&gt;
      *&lt;/p&gt;
&lt;ul&gt;
	&lt;li&gt;@return the OptionBuilder instance&lt;br/&gt;
      */&lt;/li&gt;
&lt;/ul&gt;
&lt;ul class="alternate" type="square"&gt;
	&lt;li&gt;public static OptionBuilder hasOptionalArg()&lt;br/&gt;
+    public OptionBuilder hasOptionalArg()
     {
-        instance.numberOfArgs = 1;
-        instance.optionalArg = true;
+        this.numberOfArgs = 1;
+        this.optionalArg = true;
 
-        return instance;
+        return this;
     }&lt;/li&gt;
&lt;/ul&gt;


&lt;p&gt;     /**&lt;br/&gt;
@@ -296,12 +275,12 @@&lt;br/&gt;
      *&lt;/p&gt;
&lt;ul&gt;
	&lt;li&gt;@return the OptionBuilder instance&lt;br/&gt;
      */&lt;/li&gt;
&lt;/ul&gt;
&lt;ul class="alternate" type="square"&gt;
	&lt;li&gt;public static OptionBuilder hasOptionalArgs()&lt;br/&gt;
+    public OptionBuilder hasOptionalArgs()
     {
-        instance.numberOfArgs = Option.UNLIMITED_VALUES;
-        instance.optionalArg = true;
+        this.numberOfArgs = Option.UNLIMITED_VALUES;
+        this.optionalArg = true;
 
-        return instance;
+        return this;
     }&lt;/li&gt;
&lt;/ul&gt;


&lt;p&gt;     /**&lt;br/&gt;
@@ -312,12 +291,12 @@&lt;/p&gt;
&lt;ul&gt;
	&lt;li&gt;the next Option created can have.&lt;/li&gt;
	&lt;li&gt;@return the OptionBuilder instance&lt;br/&gt;
      */&lt;/li&gt;
&lt;/ul&gt;
&lt;ul class="alternate" type="square"&gt;
	&lt;li&gt;public static OptionBuilder hasOptionalArgs(int numArgs)&lt;br/&gt;
+    public OptionBuilder hasOptionalArgs(int numArgs)
     {
-        instance.numberOfArgs = numArgs;
-        instance.optionalArg = true;
+        this.numberOfArgs = numArgs;
+        this.optionalArg = true;
 
-        return instance;
+        return this;
     }&lt;/li&gt;
&lt;/ul&gt;


&lt;p&gt;     /**&lt;br/&gt;
@@ -327,11 +306,11 @@&lt;/p&gt;
&lt;ul&gt;
	&lt;li&gt;@param type the type of the Options argument value&lt;/li&gt;
	&lt;li&gt;@return the OptionBuilder instance&lt;br/&gt;
      */&lt;/li&gt;
&lt;/ul&gt;
&lt;ul class="alternate" type="square"&gt;
	&lt;li&gt;public static OptionBuilder withType(Object type)&lt;br/&gt;
+    public OptionBuilder withType(Object type)
     {
-        instance.type = type;
+        this.type = type;
 
-        return instance;
+        return this;
     }&lt;/li&gt;
&lt;/ul&gt;


&lt;p&gt;     /**&lt;br/&gt;
@@ -340,11 +319,11 @@&lt;/p&gt;
&lt;ul&gt;
	&lt;li&gt;@param description a description of the Option's purpose&lt;/li&gt;
	&lt;li&gt;@return the OptionBuilder instance&lt;br/&gt;
      */&lt;/li&gt;
&lt;/ul&gt;
&lt;ul class="alternate" type="square"&gt;
	&lt;li&gt;public static OptionBuilder withDescription(String description)&lt;br/&gt;
+    public OptionBuilder withDescription(String description)
     {
-        instance.description = description;
+        this.description = description;
 
-        return instance;
+        return this;
     }&lt;/li&gt;
&lt;/ul&gt;


&lt;p&gt;     /**&lt;br/&gt;
@@ -356,7 +335,7 @@&lt;/p&gt;
&lt;ul&gt;
	&lt;li&gt;@throws IllegalArgumentException if &amp;lt;code&amp;gt;opt&amp;lt;/code&amp;gt; is not&lt;/li&gt;
	&lt;li&gt;a valid character.  See Option.&lt;br/&gt;
      */&lt;/li&gt;
&lt;/ul&gt;
&lt;ul class="alternate" type="square"&gt;
	&lt;li&gt;public static Option create(char opt)&lt;br/&gt;
+    public Option create(char opt)&lt;br/&gt;
                          throws IllegalArgumentException&lt;br/&gt;
     {&lt;br/&gt;
         return create(String.valueOf(opt));&lt;br/&gt;
@@ -369,7 +348,7 @@&lt;/li&gt;
&lt;/ul&gt;
&lt;ul&gt;
	&lt;li&gt;@throws IllegalArgumentException if &amp;lt;code&amp;gt;longOpt&amp;lt;/code&amp;gt; has&lt;/li&gt;
	&lt;li&gt;not been set.&lt;br/&gt;
      */&lt;/li&gt;
&lt;/ul&gt;
&lt;ul class="alternate" type="square"&gt;
	&lt;li&gt;public static Option create()&lt;br/&gt;
+    public Option create()&lt;br/&gt;
                          throws IllegalArgumentException&lt;br/&gt;
     {&lt;br/&gt;
         if (longopt == null)&lt;br/&gt;
@@ -390,7 +369,7 @@&lt;/li&gt;
&lt;/ul&gt;
&lt;ul&gt;
	&lt;li&gt;@throws IllegalArgumentException if &amp;lt;code&amp;gt;opt&amp;lt;/code&amp;gt; is not&lt;/li&gt;
	&lt;li&gt;a valid character.  See Option.&lt;br/&gt;
      */&lt;/li&gt;
&lt;/ul&gt;
&lt;ul class="alternate" type="square"&gt;
	&lt;li&gt;public static Option create(String opt)&lt;br/&gt;
+    public Option create(String opt)&lt;br/&gt;
                          throws IllegalArgumentException&lt;br/&gt;
     {&lt;br/&gt;
         // create the option&lt;br/&gt;
@@ -405,10 +384,6 @@&lt;br/&gt;
         option.setType(type);&lt;br/&gt;
         option.setValueSeparator(valuesep);&lt;br/&gt;
         option.setArgName(argName);&lt;br/&gt;
-&lt;br/&gt;
-&lt;/li&gt;
	&lt;li&gt;// reset the OptionBuilder properties&lt;/li&gt;
	&lt;li&gt;instance.reset();&lt;/li&gt;
&lt;/ul&gt;


&lt;p&gt;         // return the Option instance&lt;br/&gt;
         return option;&lt;br/&gt;
Index: src/java/org/apache/commons/cli/PatternOptionBuilder.java&lt;br/&gt;
===================================================================&lt;br/&gt;
retrieving revision 1.6&lt;br/&gt;
diff -u -r1.6 PatternOptionBuilder.java&lt;br/&gt;
&amp;#8212; src/java/org/apache/commons/cli/PatternOptionBuilder.java	9 Oct 2003&lt;br/&gt;
20:57:02 -0000	1.6&lt;br/&gt;
+++ src/java/org/apache/commons/cli/PatternOptionBuilder.java	11 Jan 2004&lt;br/&gt;
02:32:25 -0000&lt;br/&gt;
@@ -200,7 +200,7 @@&lt;br/&gt;
                 {&lt;br/&gt;
                     // we have a previous one to deal with&lt;br/&gt;
                     options.addOption(&lt;/p&gt;
&lt;ul class="alternate" type="square"&gt;
	&lt;li&gt;OptionBuilder.hasArg(type != null)&lt;br/&gt;
+                            new OptionBuilder().hasArg(type != null)&lt;br/&gt;
                                          .isRequired(required).withType(type)&lt;br/&gt;
                                          .create(opt));&lt;br/&gt;
                     required = false;&lt;br/&gt;
@@ -224,7 +224,7 @@
         {
             // we have a final one to deal with
             options.addOption(
-                    OptionBuilder.hasArg(type != null).isRequired(required)
+                    new OptionBuilder().hasArg(type != null).isRequired(required)
                                  .withType(type).create(opt));
         }&lt;/li&gt;
&lt;/ul&gt;


&lt;p&gt;Index: src/test/org/apache/commons/cli/ApplicationTest.java&lt;br/&gt;
===================================================================&lt;br/&gt;
retrieving revision 1.9&lt;br/&gt;
diff -u -r1.9 ApplicationTest.java&lt;br/&gt;
&amp;#8212; src/test/org/apache/commons/cli/ApplicationTest.java	19 Sep 2002 22:59:44&lt;br/&gt;
-0000	1.9&lt;br/&gt;
+++ src/test/org/apache/commons/cli/ApplicationTest.java	11 Jan 2004 02:32:30 -0000&lt;br/&gt;
@@ -40,7 +40,7 @@&lt;br/&gt;
         options.addOption( "a", "all", false, "do not hide entries starting&lt;br/&gt;
with ." );&lt;br/&gt;
         options.addOption( "A", "almost-all", false, "do not list implied . and&lt;br/&gt;
.." );&lt;br/&gt;
         options.addOption( "b", "escape", false, "print octal escapes for&lt;br/&gt;
nongraphic characters" );&lt;/p&gt;
&lt;ul class="alternate" type="square"&gt;
	&lt;li&gt;options.addOption( OptionBuilder.withLongOpt( "block-size" )&lt;br/&gt;
+        options.addOption( new OptionBuilder().withLongOpt( "block-size" )&lt;br/&gt;
                                         .withDescription( "use SIZE-byte blocks" )&lt;br/&gt;
                                         .withValueSeparator( '=' )&lt;br/&gt;
                                         .hasArg()&lt;br/&gt;
@@ -79,7 +79,7 @@&lt;br/&gt;
         options.addOption( "logger", true, "the class which is to perform the&lt;br/&gt;
logging" );&lt;br/&gt;
         options.addOption( "listener", true, "add an instance of a class as a&lt;br/&gt;
project listener" );&lt;br/&gt;
         options.addOption( "buildfile", true, "use given buildfile" );&lt;/li&gt;
	&lt;li&gt;options.addOption( OptionBuilder.withDescription( "use value for given&lt;br/&gt;
property" )&lt;br/&gt;
+        options.addOption( new OptionBuilder().withDescription( "use value for&lt;br/&gt;
given property" )&lt;br/&gt;
                                         .hasArgs()&lt;br/&gt;
                                         .withValueSeparator()&lt;br/&gt;
                                         .create( 'D' ) );&lt;br/&gt;
Index: src/test/org/apache/commons/cli/BugsTest.java&lt;br/&gt;
===================================================================&lt;br/&gt;
retrieving revision 1.16&lt;br/&gt;
diff -u -r1.16 BugsTest.java
	&lt;ul class="alternate" type="square"&gt;
		&lt;li&gt;
		&lt;ul class="alternate" type="square"&gt;
			&lt;li&gt;src/test/org/apache/commons/cli/BugsTest.java	17 Jan 2003 20:00:14 -0000	1.16&lt;br/&gt;
+++ src/test/org/apache/commons/cli/BugsTest.java	11 Jan 2004 02:32:30 -0000&lt;br/&gt;
@@ -39,7 +39,7 @@&lt;/li&gt;
		&lt;/ul&gt;
		&lt;/li&gt;
	&lt;/ul&gt;
	&lt;/li&gt;
&lt;/ul&gt;


&lt;p&gt;     public void test11457() {&lt;br/&gt;
         Options options = new Options();&lt;/p&gt;
&lt;ul class="alternate" type="square"&gt;
	&lt;li&gt;options.addOption( OptionBuilder.withLongOpt( "verbose" )&lt;br/&gt;
+        options.addOption( new OptionBuilder().withLongOpt( "verbose" )&lt;br/&gt;
                            .create() );&lt;br/&gt;
         String[] args = new String[] 
{ "--verbose" }
&lt;p&gt;;&lt;/p&gt;&lt;/li&gt;
&lt;/ul&gt;


&lt;p&gt;@@ -58,10 +58,10 @@&lt;br/&gt;
     public void test11458()&lt;br/&gt;
     {&lt;br/&gt;
         Options options = new Options();&lt;/p&gt;
&lt;ul class="alternate" type="square"&gt;
	&lt;li&gt;options.addOption( OptionBuilder.withValueSeparator( '=' )&lt;br/&gt;
+        options.addOption( new OptionBuilder().withValueSeparator( '=' )&lt;br/&gt;
                            .hasArgs()&lt;br/&gt;
                            .create( 'D' ) );&lt;/li&gt;
	&lt;li&gt;options.addOption( OptionBuilder.withValueSeparator( ':' )&lt;br/&gt;
+        options.addOption( new OptionBuilder().withValueSeparator( ':' )&lt;br/&gt;
                            .hasArgs()&lt;br/&gt;
                            .create( 'p' ) );&lt;br/&gt;
         String[] args = new String[] { "-DJAVA_HOME=/opt/java" ,&lt;br/&gt;
@@ -136,9 +136,9 @@&lt;br/&gt;
     {&lt;br/&gt;
         // Posix &lt;br/&gt;
         Options options = new Options();&lt;/li&gt;
	&lt;li&gt;options.addOption( OptionBuilder.hasOptionalArg()&lt;br/&gt;
+        options.addOption( new OptionBuilder().hasOptionalArg()&lt;br/&gt;
                            .create( 'a' ) );&lt;/li&gt;
	&lt;li&gt;options.addOption( OptionBuilder.hasArg()&lt;br/&gt;
+        options.addOption( new OptionBuilder().hasArg()&lt;br/&gt;
                            .create( 'b' ) );&lt;br/&gt;
         String[] args = new String[] 
{ "-a", "-bvalue" }
&lt;p&gt;;&lt;/p&gt;&lt;/li&gt;
&lt;/ul&gt;


&lt;p&gt;@@ -154,9 +154,9 @@&lt;/p&gt;

&lt;p&gt;         // GNU&lt;br/&gt;
         options = new Options();&lt;/p&gt;
&lt;ul class="alternate" type="square"&gt;
	&lt;li&gt;options.addOption( OptionBuilder.hasOptionalArg()&lt;br/&gt;
+        options.addOption( new OptionBuilder().hasOptionalArg()&lt;br/&gt;
                            .create( 'a' ) );&lt;/li&gt;
	&lt;li&gt;options.addOption( OptionBuilder.hasArg()&lt;br/&gt;
+        options.addOption( new OptionBuilder().hasArg()&lt;br/&gt;
                            .create( 'b' ) );&lt;br/&gt;
         args = new String[] 
{ "-a", "-b", "value" }
&lt;p&gt;;&lt;/p&gt;&lt;/li&gt;
&lt;/ul&gt;


&lt;p&gt;@@ -232,11 +232,11 @@&lt;/p&gt;

&lt;p&gt;     public void test13425() {&lt;br/&gt;
         Options options = new Options();&lt;/p&gt;
&lt;ul class="alternate" type="square"&gt;
	&lt;li&gt;Option oldpass = OptionBuilder.withLongOpt( "old-password" )&lt;br/&gt;
+        Option oldpass = new OptionBuilder().withLongOpt( "old-password" )&lt;br/&gt;
             .withDescription( "Use this option to specify the old password" )&lt;br/&gt;
             .hasArg()&lt;br/&gt;
             .create( 'o' );&lt;/li&gt;
	&lt;li&gt;Option newpass = OptionBuilder.withLongOpt( "new-password" )&lt;br/&gt;
+        Option newpass = new OptionBuilder().withLongOpt( "new-password" )&lt;br/&gt;
             .withDescription( "Use this option to specify the new password" )&lt;br/&gt;
             .hasArg()&lt;br/&gt;
             .create( 'n' );&lt;br/&gt;
@@ -265,7 +265,7 @@&lt;/li&gt;
&lt;/ul&gt;


&lt;p&gt;     public void test13666() &lt;/p&gt;
{
         Options options = new Options();
-        Option dir = OptionBuilder.withDescription( "dir" )
+        Option dir = new OptionBuilder().withDescription( "dir" )
                                        .hasArg()
                                        .create( 'd' );
         options.addOption( dir );
@@ -345,7 +345,7 @@
     }

&lt;p&gt;     public void test14786() throws Exception {&lt;/p&gt;
&lt;ul class="alternate" type="square"&gt;
	&lt;li&gt;Option o =&lt;br/&gt;
OptionBuilder.isRequired().withDescription("test").create("test");&lt;br/&gt;
+        Option o = new&lt;br/&gt;
OptionBuilder().isRequired().withDescription("test").create("test");&lt;br/&gt;
         Options opts = new Options();&lt;br/&gt;
         opts.addOption(o);&lt;br/&gt;
         opts.addOption(o);&lt;br/&gt;
@@ -377,7 +377,7 @@&lt;br/&gt;
     public void test15648() throws Exception {&lt;br/&gt;
         CommandLineParser parser = new PosixParser();&lt;br/&gt;
         final String[] args = new String[] 
{ "-m", "\"Two Words\"" }
&lt;p&gt;;&lt;/p&gt;&lt;/li&gt;
	&lt;li&gt;Option m = OptionBuilder.hasArgs().create("m");&lt;br/&gt;
+        Option m = new OptionBuilder().hasArgs().create("m");&lt;br/&gt;
         Options options = new Options();&lt;br/&gt;
         options.addOption( m );&lt;br/&gt;
         CommandLine line = parser.parse( options, args );&lt;br/&gt;
Index: src/test/org/apache/commons/cli/OptionBuilderTest.java&lt;br/&gt;
===================================================================&lt;br/&gt;
retrieving revision 1.3&lt;br/&gt;
diff -u -r1.3 OptionBuilderTest.java
	&lt;ul class="alternate" type="square"&gt;
		&lt;li&gt;
		&lt;ul class="alternate" type="square"&gt;
			&lt;li&gt;src/test/org/apache/commons/cli/OptionBuilderTest.java	18 Nov 2002&lt;br/&gt;
08:41:26 -0000	1.3&lt;br/&gt;
+++ src/test/org/apache/commons/cli/OptionBuilderTest.java	11 Jan 2004 02:32:34&lt;br/&gt;
-0000&lt;br/&gt;
@@ -21,7 +21,7 @@&lt;br/&gt;
     }&lt;/li&gt;
		&lt;/ul&gt;
		&lt;/li&gt;
	&lt;/ul&gt;
	&lt;/li&gt;
&lt;/ul&gt;


&lt;p&gt;     public void testCompleteOption( ) &lt;/p&gt;
{
-        Option simple = OptionBuilder.withLongOpt( "simple option")
+        Option simple = new OptionBuilder().withLongOpt( "simple option")
                                      .hasArg( )
                                      .isRequired( )
                                      .hasArgs( )
@@ -39,7 +39,7 @@
     }

&lt;p&gt;     public void testTwoCompleteOptions( ) &lt;/p&gt;
{
-        Option simple = OptionBuilder.withLongOpt( "simple option")
+        Option simple = new OptionBuilder().withLongOpt( "simple option")
                                      .hasArg( )
                                      .isRequired( )
                                      .hasArgs( )
@@ -55,7 +55,7 @@
         assertTrue( simple.isRequired() );
         assertTrue( simple.hasArgs() );
 
-        simple = OptionBuilder.withLongOpt( "dimple option")
+        simple = new OptionBuilder().withLongOpt( "dimple option")
                               .hasArg( )
                               .withDescription( "this is a dimple option" )
                               .create( 'd' );
@@ -70,7 +70,7 @@
     }

&lt;p&gt;     public void testBaseOptionCharOpt() &lt;/p&gt;
{
-        Option base = OptionBuilder.withDescription( "option description")
+        Option base = new OptionBuilder().withDescription( "option description")
                                    .create( 'o' );
 
         assertEquals( "o", base.getOpt() );
@@ -79,7 +79,7 @@
     }

&lt;p&gt;     public void testBaseOptionStringOpt() {&lt;/p&gt;
&lt;ul class="alternate" type="square"&gt;
	&lt;li&gt;Option base = OptionBuilder.withDescription( "option description")&lt;br/&gt;
+        Option base = new OptionBuilder().withDescription( "option description")&lt;br/&gt;
                                    .create( "o" );&lt;/li&gt;
&lt;/ul&gt;


&lt;p&gt;         assertEquals( "o", base.getOpt() );&lt;br/&gt;
@@ -91,7 +91,7 @@&lt;/p&gt;

&lt;p&gt;         // '?'&lt;br/&gt;
         try &lt;/p&gt;
{
-            Option opt = OptionBuilder.withDescription( "help options" )
+            Option opt = new OptionBuilder().withDescription( "help options" )
                                       .create( '?' );
             assertEquals( "?", opt.getOpt() );
         }
&lt;p&gt;@@ -101,7 +101,7 @@&lt;/p&gt;

&lt;p&gt;         // '@'&lt;br/&gt;
         try &lt;/p&gt;
{
-            Option opt = OptionBuilder.withDescription( "read from stdin" )
+            Option opt = new OptionBuilder().withDescription( "read from stdin" )
                                       .create( '@' );
             assertEquals( "@", opt.getOpt() );
         }
&lt;p&gt;@@ -111,7 +111,7 @@&lt;br/&gt;
     }&lt;/p&gt;

&lt;p&gt;     public void testOptionArgNumbers() {&lt;/p&gt;
&lt;ul class="alternate" type="square"&gt;
	&lt;li&gt;Option opt = OptionBuilder.withDescription( "option description" )&lt;br/&gt;
+        Option opt = new OptionBuilder().withDescription( "option description" )&lt;br/&gt;
                                   .hasArgs( 2 )&lt;br/&gt;
                                   .create( 'o' );&lt;br/&gt;
         assertEquals( 2, opt.getArgs() );&lt;br/&gt;
@@ -120,7 +120,7 @@&lt;br/&gt;
     public void testIllegalOptions() {&lt;br/&gt;
         // bad single character option&lt;br/&gt;
         try 
{
-            Option opt = OptionBuilder.withDescription( "option description" )
+            Option opt = new OptionBuilder().withDescription( "option
description" )
                                       .create( '"' );
             fail( "IllegalArgumentException not caught" );
         }
&lt;p&gt;@@ -130,7 +130,7 @@&lt;/p&gt;&lt;/li&gt;
&lt;/ul&gt;


&lt;p&gt;         // bad character in option string&lt;br/&gt;
         try &lt;/p&gt;
{
-            Option opt = OptionBuilder.create( "opt`" );
+            Option opt = new OptionBuilder().create( "opt`" );
             fail( "IllegalArgumentException not caught" );
         }
&lt;p&gt;         catch( IllegalArgumentException exp ) {&lt;br/&gt;
@@ -139,7 +139,7 @@&lt;/p&gt;

&lt;p&gt;         // valid option &lt;br/&gt;
         try &lt;/p&gt;
{
-            Option opt = OptionBuilder.create( "opt" );
+            Option opt = new OptionBuilder().create( "opt" );
             // success
         }
&lt;p&gt;         catch( IllegalArgumentException exp ) {&lt;br/&gt;
Index: src/test/org/apache/commons/cli/OptionsTest.java&lt;br/&gt;
===================================================================&lt;br/&gt;
retrieving revision 1.2&lt;br/&gt;
diff -u -r1.2 OptionsTest.java&lt;br/&gt;
&amp;#8212; src/test/org/apache/commons/cli/OptionsTest.java	9 Oct 2003 20:57:20 -0000	1.2&lt;br/&gt;
+++ src/test/org/apache/commons/cli/OptionsTest.java	11 Jan 2004 02:32:35 -0000&lt;br/&gt;
@@ -94,25 +94,25 @@&lt;/p&gt;

&lt;p&gt;     public void testHelpOptions(){&lt;/p&gt;

&lt;ul class="alternate" type="square"&gt;
	&lt;li&gt;Option longOnly1 = OptionBuilder&lt;br/&gt;
+        Option longOnly1 = new OptionBuilder()&lt;br/&gt;
             .withLongOpt("long-only1")&lt;br/&gt;
             .create();&lt;/li&gt;
&lt;/ul&gt;


&lt;ul class="alternate" type="square"&gt;
	&lt;li&gt;Option longOnly2 = OptionBuilder&lt;br/&gt;
+        Option longOnly2 = new OptionBuilder()&lt;br/&gt;
             .withLongOpt("long-only2")&lt;br/&gt;
             .create();&lt;/li&gt;
&lt;/ul&gt;


&lt;ul class="alternate" type="square"&gt;
	&lt;li&gt;Option shortOnly1 = OptionBuilder&lt;br/&gt;
+        Option shortOnly1 = new OptionBuilder()&lt;br/&gt;
             .create("1");&lt;/li&gt;
&lt;/ul&gt;


&lt;ul class="alternate" type="square"&gt;
	&lt;li&gt;Option shortOnly2 = OptionBuilder&lt;br/&gt;
+        Option shortOnly2 = new OptionBuilder()&lt;br/&gt;
             .create("2");&lt;/li&gt;
&lt;/ul&gt;


&lt;ul class="alternate" type="square"&gt;
	&lt;li&gt;Option bothA = OptionBuilder&lt;br/&gt;
+        Option bothA = new OptionBuilder()&lt;br/&gt;
             .withLongOpt("bothA")&lt;br/&gt;
             .create("a");&lt;/li&gt;
&lt;/ul&gt;


&lt;ul class="alternate" type="square"&gt;
	&lt;li&gt;Option bothB = OptionBuilder&lt;br/&gt;
+        Option bothB = new OptionBuilder()&lt;br/&gt;
             .withLongOpt("bothB")&lt;br/&gt;
             .create("b");&lt;/li&gt;
&lt;/ul&gt;


&lt;p&gt;Index: src/test/org/apache/commons/cli/ParseRequiredTest.java&lt;br/&gt;
===================================================================&lt;br/&gt;
retrieving revision 1.5&lt;br/&gt;
diff -u -r1.5 ParseRequiredTest.java&lt;br/&gt;
&amp;#8212; src/test/org/apache/commons/cli/ParseRequiredTest.java	19 Sep 2002&lt;br/&gt;
22:59:44 -0000	1.5&lt;br/&gt;
+++ src/test/org/apache/commons/cli/ParseRequiredTest.java	11 Jan 2004 02:32:36&lt;br/&gt;
-0000&lt;br/&gt;
@@ -40,7 +40,7 @@&lt;br/&gt;
                        "enable-a",&lt;br/&gt;
                        false,&lt;br/&gt;
                        "turn &lt;span class="error"&gt;&amp;#91;a&amp;#93;&lt;/span&gt; on or off")&lt;/p&gt;
&lt;ul class="alternate" type="square"&gt;
	&lt;li&gt;.addOption( OptionBuilder.withLongOpt( "bfile" )&lt;br/&gt;
+            .addOption( new OptionBuilder().withLongOpt( "bfile" )&lt;br/&gt;
                                      .hasArg()&lt;br/&gt;
                                      .isRequired()&lt;br/&gt;
                                      .withDescription( "set the value of &lt;span class="error"&gt;&amp;#91;b&amp;#93;&lt;/span&gt;" )&lt;br/&gt;
Index: src/test/org/apache/commons/cli/PatternOptionBuilderTest.java&lt;br/&gt;
===================================================================&lt;br/&gt;
retrieving revision 1.6&lt;br/&gt;
diff -u -r1.6 PatternOptionBuilderTest.java
	&lt;ul class="alternate" type="square"&gt;
		&lt;li&gt;
		&lt;ul class="alternate" type="square"&gt;
			&lt;li&gt;src/test/org/apache/commons/cli/PatternOptionBuilderTest.java	19 Sep 2002&lt;br/&gt;
22:59:44 -0000	1.6&lt;br/&gt;
+++ src/test/org/apache/commons/cli/PatternOptionBuilderTest.java	11 Jan 2004&lt;br/&gt;
02:32:40 -0000&lt;br/&gt;
@@ -12,9 +12,6 @@&lt;br/&gt;
 import junit.framework.TestCase;&lt;br/&gt;
 import junit.framework.TestSuite;&lt;/li&gt;
		&lt;/ul&gt;
		&lt;/li&gt;
	&lt;/ul&gt;
	&lt;/li&gt;
&lt;/ul&gt;


&lt;p&gt;-import java.io.StringWriter;&lt;br/&gt;
-import java.io.PrintWriter;&lt;br/&gt;
-&lt;br/&gt;
 /** &lt;/p&gt;
&lt;ul&gt;
	&lt;li&gt;Test case for the PatternOptionBuilder class&lt;br/&gt;
  *&lt;br/&gt;
Index: src/test/org/apache/commons/cli/TestHelpFormatter.java&lt;br/&gt;
===================================================================&lt;br/&gt;
retrieving revision 1.6&lt;br/&gt;
diff -u -r1.6 TestHelpFormatter.java
	&lt;ul class="alternate" type="square"&gt;
		&lt;li&gt;
		&lt;ul class="alternate" type="square"&gt;
			&lt;li&gt;src/test/org/apache/commons/cli/TestHelpFormatter.java	9 Dec 2002 23:47:26&lt;br/&gt;
-0000	1.6&lt;br/&gt;
+++ src/test/org/apache/commons/cli/TestHelpFormatter.java	11 Jan 2004 02:32:41&lt;br/&gt;
-0000&lt;br/&gt;
@@ -14,7 +14,6 @@&lt;/li&gt;
		&lt;/ul&gt;
		&lt;/li&gt;
	&lt;/ul&gt;
	&lt;/li&gt;
&lt;/ul&gt;


&lt;p&gt; import java.io.ByteArrayOutputStream;&lt;br/&gt;
 import java.io.PrintWriter;&lt;br/&gt;
-import java.io.StringWriter;&lt;/p&gt;

&lt;p&gt; /** &lt;/p&gt;
&lt;ul&gt;
	&lt;li&gt;Test case for the HelpFormatter class&lt;br/&gt;
Index: src/test/org/apache/commons/cli/ValueTest.java&lt;br/&gt;
===================================================================&lt;br/&gt;
retrieving revision 1.7&lt;br/&gt;
diff -u -r1.7 ValueTest.java
	&lt;ul class="alternate" type="square"&gt;
		&lt;li&gt;
		&lt;ul class="alternate" type="square"&gt;
			&lt;li&gt;src/test/org/apache/commons/cli/ValueTest.java	27 Nov 2002 23:24:38 -0000	1.7&lt;br/&gt;
+++ src/test/org/apache/commons/cli/ValueTest.java	11 Jan 2004 02:32:45 -0000&lt;br/&gt;
@@ -53,28 +53,28 @@&lt;br/&gt;
                        true,&lt;br/&gt;
                        "set -d");&lt;/li&gt;
		&lt;/ul&gt;
		&lt;/li&gt;
	&lt;/ul&gt;
	&lt;/li&gt;
&lt;/ul&gt;


&lt;ul class="alternate" type="square"&gt;
	&lt;li&gt;opts.addOption( OptionBuilder.hasOptionalArg()&lt;br/&gt;
+        opts.addOption( new OptionBuilder().hasOptionalArg()&lt;br/&gt;
                         .create( 'e') );&lt;/li&gt;
&lt;/ul&gt;


&lt;ul class="alternate" type="square"&gt;
	&lt;li&gt;opts.addOption( OptionBuilder.hasOptionalArg()&lt;br/&gt;
+        opts.addOption( new OptionBuilder().hasOptionalArg()&lt;br/&gt;
                         .withLongOpt( "fish" )&lt;br/&gt;
                         .create( ) );&lt;/li&gt;
&lt;/ul&gt;


&lt;ul class="alternate" type="square"&gt;
	&lt;li&gt;opts.addOption( OptionBuilder.hasOptionalArgs()&lt;br/&gt;
+        opts.addOption( new OptionBuilder().hasOptionalArgs()&lt;br/&gt;
                         .withLongOpt( "gravy" )&lt;br/&gt;
                         .create( ) );&lt;/li&gt;
&lt;/ul&gt;


&lt;ul class="alternate" type="square"&gt;
	&lt;li&gt;opts.addOption( OptionBuilder.hasOptionalArgs( 2 )&lt;br/&gt;
+        opts.addOption( new OptionBuilder().hasOptionalArgs( 2 )&lt;br/&gt;
                         .withLongOpt( "hide" )&lt;br/&gt;
                         .create( ) );&lt;/li&gt;
&lt;/ul&gt;


&lt;ul class="alternate" type="square"&gt;
	&lt;li&gt;opts.addOption( OptionBuilder.hasOptionalArgs( 2 )&lt;br/&gt;
+        opts.addOption( new OptionBuilder().hasOptionalArgs( 2 )&lt;br/&gt;
                         .create( 'i' ) );&lt;/li&gt;
&lt;/ul&gt;


&lt;ul class="alternate" type="square"&gt;
	&lt;li&gt;opts.addOption( OptionBuilder.hasOptionalArgs( )&lt;br/&gt;
+        opts.addOption( new OptionBuilder().hasOptionalArgs( )&lt;br/&gt;
                         .create( 'j' ) );&lt;/li&gt;
&lt;/ul&gt;


&lt;ul class="alternate" type="square"&gt;
	&lt;li&gt;opts.addOption( OptionBuilder.hasArgs( ).withValueSeparator( ',' )&lt;br/&gt;
+        opts.addOption( new OptionBuilder().hasArgs( ).withValueSeparator( ',' )&lt;br/&gt;
                         .create( 'k' ) );&lt;/li&gt;
&lt;/ul&gt;


&lt;p&gt;         String[] args = new String[] { "-a",&lt;br/&gt;
Index: src/test/org/apache/commons/cli/ValuesTest.java&lt;br/&gt;
===================================================================&lt;br/&gt;
retrieving revision 1.9&lt;br/&gt;
diff -u -r1.9 ValuesTest.java&lt;br/&gt;
&amp;#8212; src/test/org/apache/commons/cli/ValuesTest.java	25 Nov 2002 23:43:41 -0000	1.9&lt;br/&gt;
+++ src/test/org/apache/commons/cli/ValuesTest.java	11 Jan 2004 02:32:47 -0000&lt;br/&gt;
@@ -53,7 +53,7 @@&lt;br/&gt;
                        true,&lt;br/&gt;
                        "set -d");&lt;/p&gt;

&lt;ul class="alternate" type="square"&gt;
	&lt;li&gt;opts.addOption( OptionBuilder.withLongOpt( "e" )&lt;br/&gt;
+        opts.addOption( new OptionBuilder().withLongOpt( "e" )&lt;br/&gt;
                                      .hasArgs()&lt;br/&gt;
                                      .withDescription( "set -e ")&lt;br/&gt;
                                      .create( 'e' ) );&lt;br/&gt;
@@ -63,33 +63,33 @@&lt;br/&gt;
                        false,&lt;br/&gt;
                        "jk");&lt;/li&gt;
&lt;/ul&gt;


&lt;ul class="alternate" type="square"&gt;
	&lt;li&gt;opts.addOption( OptionBuilder.withLongOpt( "g" )&lt;br/&gt;
+        opts.addOption( new OptionBuilder().withLongOpt( "g" )&lt;br/&gt;
                         .hasArgs( 2 )&lt;br/&gt;
                         .withDescription( "set -g")&lt;br/&gt;
                         .create( 'g' ) );&lt;/li&gt;
&lt;/ul&gt;


&lt;ul class="alternate" type="square"&gt;
	&lt;li&gt;opts.addOption( OptionBuilder.withLongOpt( "h" )&lt;br/&gt;
+        opts.addOption( new OptionBuilder().withLongOpt( "h" )&lt;br/&gt;
                         .hasArgs( 2 )&lt;br/&gt;
                         .withDescription( "set -h")&lt;br/&gt;
                         .create( 'h' ) );&lt;/li&gt;
&lt;/ul&gt;


&lt;ul class="alternate" type="square"&gt;
	&lt;li&gt;opts.addOption( OptionBuilder.withLongOpt( "i" )&lt;br/&gt;
+        opts.addOption( new OptionBuilder().withLongOpt( "i" )&lt;br/&gt;
                         .withDescription( "set -i")&lt;br/&gt;
                         .create( 'i' ) );&lt;/li&gt;
&lt;/ul&gt;


&lt;ul class="alternate" type="square"&gt;
	&lt;li&gt;opts.addOption( OptionBuilder.withLongOpt( "j" )&lt;br/&gt;
+        opts.addOption( new OptionBuilder().withLongOpt( "j" )&lt;br/&gt;
                         .hasArgs( )&lt;br/&gt;
                         .withDescription( "set -j")&lt;br/&gt;
                         .withValueSeparator( '=' )&lt;br/&gt;
                         .create( 'j' ) );&lt;/li&gt;
&lt;/ul&gt;


&lt;ul class="alternate" type="square"&gt;
	&lt;li&gt;opts.addOption( OptionBuilder.withLongOpt( "k" )&lt;br/&gt;
+        opts.addOption( new OptionBuilder().withLongOpt( "k" )&lt;br/&gt;
                         .hasArgs( )&lt;br/&gt;
                         .withDescription( "set -k")&lt;br/&gt;
                         .withValueSeparator( '=' )&lt;br/&gt;
                         .create( 'k' ) );&lt;/li&gt;
&lt;/ul&gt;


&lt;ul class="alternate" type="square"&gt;
	&lt;li&gt;_option = OptionBuilder.withLongOpt( "m" )&lt;br/&gt;
+        _option = new OptionBuilder().withLongOpt( "m" )&lt;br/&gt;
                         .hasArgs( )&lt;br/&gt;
                         .withDescription( "set -m")&lt;br/&gt;
                         .withValueSeparator( )&lt;br/&gt;
Index: xdocs/usage.xml&lt;br/&gt;
===================================================================&lt;br/&gt;
retrieving revision 1.4&lt;br/&gt;
diff -u -r1.4 usage.xml
	&lt;ul class="alternate" type="square"&gt;
		&lt;li&gt;
		&lt;ul class="alternate" type="square"&gt;
			&lt;li&gt;xdocs/usage.xml	13 Nov 2002 00:04:13 -0000	1.4&lt;br/&gt;
+++ xdocs/usage.xml	11 Jan 2004 02:32:53 -0000&lt;br/&gt;
@@ -146,29 +146,29 @@&lt;br/&gt;
         &amp;lt;p&amp;gt; &lt;br/&gt;
           The argument options are created using the OptionBuilder.&lt;br/&gt;
         &amp;lt;/p&amp;gt;&lt;/li&gt;
		&lt;/ul&gt;
		&lt;/li&gt;
	&lt;/ul&gt;
	&lt;/li&gt;
	&lt;li&gt;&amp;lt;source&amp;gt;Option logfile   = OptionBuilder.withArgName( "file" )&lt;br/&gt;
+        &amp;lt;source&amp;gt;Option logfile   = new OptionBuilder().withArgName( "file" )&lt;br/&gt;
                                 .hasArg()&lt;br/&gt;
                                 .withDescription(  "use given file for log" )&lt;br/&gt;
                                 .create( "file" );&lt;/li&gt;
&lt;/ul&gt;


&lt;p&gt;-Option logger    = OptionBuilder.withArgName( "classname" )&lt;br/&gt;
+Option logger    = new OptionBuilder().withArgName( "classname" )&lt;br/&gt;
                                 .hasArg()&lt;br/&gt;
                                 .withDescription( "the class which it to perform "&lt;br/&gt;
                                                   + "logging" )&lt;br/&gt;
                                 .create( "logger" );&lt;/p&gt;

&lt;p&gt;-Option listener  = OptionBuilder.withArgName( "classname" )&lt;br/&gt;
+Option listener  = new OptionBuilder().withArgName( "classname" )&lt;br/&gt;
                                 .hasArg()&lt;br/&gt;
                                 .withDescription( "add an instance of class as "&lt;br/&gt;
                                                   + "a project listener" )&lt;br/&gt;
                                 .create( "listener"); &lt;/p&gt;

&lt;p&gt;-Option buildfile = OptionBuilder.withArgName( "file" )&lt;br/&gt;
+Option buildfile = new OptionBuilder().withArgName( "file" )&lt;br/&gt;
                                 .hasArg()&lt;br/&gt;
                                 .withDescription(  "use given buildfile" )&lt;br/&gt;
                                 .create( "buildfile");&lt;/p&gt;

&lt;p&gt;-Option find      = OptionBuilder.withArgName( "file" )&lt;br/&gt;
+Option find      = new OptionBuilder().withArgName( "file" )&lt;br/&gt;
                                 .hasArg()&lt;br/&gt;
                                 .withDescription( "search for buildfile towards&lt;br/&gt;
the "&lt;br/&gt;
                                   + "root of the filesystem and use it" )&lt;br/&gt;
@@ -179,7 +179,7 @@&lt;br/&gt;
           The last option to create is the Java property and it too is created&lt;br/&gt;
           using the OptionBuilder.&lt;br/&gt;
         &amp;lt;/p&amp;gt;&lt;/p&gt;
&lt;ul class="alternate" type="square"&gt;
	&lt;li&gt;&amp;lt;source&amp;gt;Option property  = OptionBuilder.withArgName( "property=value" )&lt;br/&gt;
+        &amp;lt;source&amp;gt;Option property  = new OptionBuilder().withArgName(&lt;br/&gt;
"property=value" )&lt;br/&gt;
                                 .hasArg()&lt;br/&gt;
                                 .withValueSeparator()&lt;br/&gt;
                                 .withDescription( "use value for given property" )&lt;br/&gt;
@@ -318,7 +318,7 @@&lt;br/&gt;
 options.addOption( "A", "almost-all", false, "do not list implied . and .." );&lt;br/&gt;
 options.addOption( "b", "escape", false, "print octal escapes for nongraphic "&lt;br/&gt;
                                          + "characters" );&lt;br/&gt;
-options.addOption( OptionBuilder.withLongOpt( "block-size" )&lt;br/&gt;
+options.addOption( new OptionBuilder().withLongOpt( "block-size" )&lt;br/&gt;
                                 .withDescription( "use SIZE-byte blocks" )&lt;br/&gt;
                                 .withValueSeparator( '=' )&lt;br/&gt;
                                 .hasArg()&lt;/li&gt;
&lt;/ul&gt;
</description>
                <environment>&lt;p&gt;Operating System: other&lt;br/&gt;
Platform: Other&lt;/p&gt;</environment>
        <key id="12341198">CLI-54</key>
            <summary>[Patch][CLI] OptionBuilder implemented like ToStringBuilder from commons-lang</summary>
                <type id="1" iconUrl="https://issues.apache.org/jira/secure/viewavatar?size=xsmall&amp;avatarId=21133&amp;avatarType=issuetype">Bug</type>
                                            <priority id="3" iconUrl="https://issues.apache.org/jira/images/icons/priorities/major.svg">Major</priority>
                        <status id="6" iconUrl="https://issues.apache.org/jira/images/icons/statuses/closed.png" description="The issue is considered finished, the resolution is correct. Issues which are not closed can be reopened.">Closed</status>
                    <statusCategory id="3" key="done" colorName="green" />
                                    <resolution id="3">Duplicate</resolution>
                                        <assignee username="-1">Unassigned</assignee>
                                    <reporter username="ludovicc">Ludovic Claude</reporter>
                        <labels>
                    </labels>
                <created>Sun, 11 Jan 2004 11:07:57 +0000</created>
                <updated>Thu, 15 Mar 2007 16:49:15 +0000</updated>
                            <resolved>Thu, 15 Mar 2007 16:49:15 +0000</resolved>
                                    <version>1.0</version>
                                    <fixVersion>2.0</fixVersion>
                                    <component>CLI-2.x</component>
                        <due />
                            <votes>0</votes>
                                    <watches>0</watches>
                                                                <comments>
                            <comment id="12405787" author="jbjk" created="Wed, 18 Feb 2004 07:25:37 +0000">&lt;p&gt;This is a duplicate of 24191 (with the exception that Ludovic supplied a patch).&lt;br/&gt;
 This has been resolved in CLI 2.&lt;/p&gt;

&lt;ul&gt;
	&lt;li&gt;
	&lt;ul&gt;
		&lt;li&gt;
		&lt;ul&gt;
			&lt;li&gt;This bug has been marked as a duplicate of 24191 ***&lt;/li&gt;
		&lt;/ul&gt;
		&lt;/li&gt;
	&lt;/ul&gt;
	&lt;/li&gt;
&lt;/ul&gt;
</comment>
                    </comments>
                    <attachments>
                    </attachments>
                <subtasks>
                    </subtasks>
                <customfields>
                                                                                                                                                                                                                                                                                                                                                                                                                                                                                                                                                                                                    <customfield id="customfield_10010" key="com.atlassian.jira.plugin.system.customfieldtypes:importid">
                        <customfieldname>Bugzilla Id</customfieldname>
                        <customfieldvalues>
                            <customfieldvalue>26041</customfieldvalue>
                        </customfieldvalues>
                    </customfield>
                                                                                                                                                    <customfield id="customfield_12314020" key="com.atlassian.jira.plugins.jira-development-integration-plugin:devsummary">
                        <customfieldname>Development</customfieldname>
                        <customfieldvalues>
                            
                        </customfieldvalues>
                    </customfield>
                                                                                                                        <customfield id="customfield_12313422" key="com.atlassian.jirafisheyeplugin:jobcheckbox">
                        <customfieldname>Enable Automatic Patch Review</customfieldname>
                        <customfieldvalues>
                            <customfieldvalue>false</customfieldvalue>

                        </customfieldvalues>
                    </customfield>
                                                                                                                                                                                                                                                                                                                                                                                                                                                                                                                                                                                                                                                <customfield id="customfield_12310420" key="com.pyxis.greenhopper.jira:gh-global-rank">
                        <customfieldname>Global Rank</customfieldname>
                        <customfieldvalues>
                            <customfieldvalue>107848</customfieldvalue>
                        </customfieldvalues>
                    </customfield>
                                                                                                                                                                                                                                                                                                                                                                                                                                                                        <customfield id="customfield_12311820" key="com.pyxis.greenhopper.jira:gh-lexo-rank">
                        <customfieldname>Rank</customfieldname>
                        <customfieldvalues>
                            <customfieldvalue>0|i0fs6f:</customfieldvalue>

                        </customfieldvalues>
                    </customfield>
                                                                <customfield id="customfield_12310920" key="com.pyxis.greenhopper.jira:gh-global-rank">
                        <customfieldname>Rank (Obsolete)</customfieldname>
                        <customfieldvalues>
                            <customfieldvalue>90162</customfieldvalue>
                        </customfieldvalues>
                    </customfield>
                                                                                                                                                                                                                                                                                                                                                                                                                                                                                                                                                                                                                                                                                                                                                                                            </customfields>
    </item>


</channel>
</rss>