<rss version="0.92">
    <channel>
        <title>ASF JIRA</title>
        <link>https://issues.apache.org/jira/issues/?jql=project+%3D+CLI+and+type+%3D+bug+and+%28status+%3D+RESOLVED+or+status+%3D+closed%29</link>
        <description>An XML representation of a search request</description>
                <language>en-uk</language>
                        <issue start="0" end="155" total="155" />
                <build-info>
            <version>8.20.7</version>
            <build-number>820007</build-number>
            <build-date>16-03-2022</build-date>
        </build-info>

<item>
            <title>[CLI-186] Standard help text will not show mandatory arguments for first option</title>
                <link>https://issues.apache.org/jira/browse/CLI-186</link>
                <project id="12310463" key="CLI">Commons CLI</project>
                    <description>&lt;p&gt;The generated help text will not show "&amp;lt;arg&amp;gt;" for the first argument added.&lt;/p&gt;


&lt;p&gt;See attached test case:&lt;/p&gt;


&lt;p&gt;Please confirm&lt;/p&gt;</description>
                <environment>&lt;p&gt;Mac OS X 10.5 Java 6, Windows XP Java 6&lt;/p&gt;</environment>
        <key id="12431941">CLI-186</key>
            <summary>Standard help text will not show mandatory arguments for first option</summary>
                <type id="1" iconUrl="https://issues.apache.org/jira/secure/viewavatar?size=xsmall&amp;avatarId=21133&amp;avatarType=issuetype">Bug</type>
                                            <priority id="3" iconUrl="https://issues.apache.org/jira/images/icons/priorities/major.svg">Major</priority>
                        <status id="6" iconUrl="https://issues.apache.org/jira/images/icons/statuses/closed.png" description="The issue is considered finished, the resolution is correct. Issues which are not closed can be reopened.">Closed</status>
                    <statusCategory id="3" key="done" colorName="green" />
                                    <resolution id="1">Fixed</resolution>
                                        <assignee username="-1">Unassigned</assignee>
                                    <reporter username="deexem">Kristoff Kiefer</reporter>
                        <labels>
                    </labels>
                <created>Fri, 31 Jul 2009 22:00:49 +0000</created>
                <updated>Sat, 9 May 2015 18:43:36 +0000</updated>
                            <resolved>Sat, 19 Jun 2010 22:02:43 +0000</resolved>
                                    <version>1.1</version>
                                    <fixVersion>1.3</fixVersion>
                                    <component>Help formatter</component>
                        <due />
                            <votes>0</votes>
                                    <watches>1</watches>
                                                                <comments>
                            <comment id="12737849" author="deexem" created="Sat, 1 Aug 2009 08:14:21 +0000">&lt;p&gt;Underlying cause is something in OptionBuilder&lt;/p&gt;</comment>
                            <comment id="12877889" author="ebourg" created="Fri, 11 Jun 2010 17:57:53 +0000">&lt;p&gt;Kristoff what version of Commons CLI did you use? I tried your test case on the trunk and besides a missing space in your test it worked fine.&lt;/p&gt;</comment>
                            <comment id="12880543" author="ebourg" created="Sat, 19 Jun 2010 20:18:54 +0000">&lt;p&gt;I reproduced the issue, it requires a dedicated test case since it is tied to the initialization of a static field in OptionBuilder. The issue exists since CLI 1.1.&lt;/p&gt;</comment>
                    </comments>
                <issuelinks>
                            <issuelinktype id="12310000">
                    <name>Duplicate</name>
                                                                <inwardlinks description="is duplicated by">
                                        <issuelink>
            <issuekey id="12627415">CLI-229</issuekey>
        </issuelink>
            <issuelink>
            <issuekey id="12634967">CLI-233</issuekey>
        </issuelink>
                            </inwardlinks>
                                    </issuelinktype>
                            <issuelinktype id="10030">
                    <name>Reference</name>
                                                                <inwardlinks description="is related to">
                                        <issuelink>
            <issuekey id="12431954">CLI-187</issuekey>
        </issuelink>
                            </inwardlinks>
                                    </issuelinktype>
                    </issuelinks>
                <attachments>
                            <attachment id="12415187" name="HelpFormatterTest.java" size="1297" author="deexem" created="Fri, 31 Jul 2009 22:03:13 +0000" />
                    </attachments>
                <subtasks>
                    </subtasks>
                <customfields>
                                                                                                                                                                                                                                                                                                                                                                                                                                                                                                                                                                                                                                                                                                                    <customfield id="customfield_12314020" key="com.atlassian.jira.plugins.jira-development-integration-plugin:devsummary">
                        <customfieldname>Development</customfieldname>
                        <customfieldvalues>
                            
                        </customfieldvalues>
                    </customfield>
                                                                                                                        <customfield id="customfield_12313422" key="com.atlassian.jirafisheyeplugin:jobcheckbox">
                        <customfieldname>Enable Automatic Patch Review</customfieldname>
                        <customfieldvalues>
                            <customfieldvalue>false</customfieldvalue>

                        </customfieldvalues>
                    </customfield>
                                                                                                                                                                                                                                                                                                                                                                                                                                                                                                                                                                                                                                                <customfield id="customfield_12310420" key="com.pyxis.greenhopper.jira:gh-global-rank">
                        <customfieldname>Global Rank</customfieldname>
                        <customfieldvalues>
                            <customfieldvalue>40215</customfieldvalue>
                        </customfieldvalues>
                    </customfield>
                                                                                                                                                                                                                                                                                                                                                                                                                                                                        <customfield id="customfield_12311820" key="com.pyxis.greenhopper.jira:gh-lexo-rank">
                        <customfieldname>Rank</customfieldname>
                        <customfieldvalues>
                            <customfieldvalue>0|i0friv:</customfieldvalue>

                        </customfieldvalues>
                    </customfield>
                                                                <customfield id="customfield_12310920" key="com.pyxis.greenhopper.jira:gh-global-rank">
                        <customfieldname>Rank (Obsolete)</customfieldname>
                        <customfieldvalues>
                            <customfieldvalue>90056</customfieldvalue>
                        </customfieldvalues>
                    </customfield>
                                                                                                                                                                                                                                                                                                                                                                                                                                                                                                                                                                                                                                                                                                                                                                                            </customfields>
    </item>


</channel>
</rss>