<rss version="0.92">
    <channel>
        <title>ASF JIRA</title>
        <link>https://issues.apache.org/jira/issues/?jql=project+%3D+CLI+and+type+%3D+bug+and+%28status+%3D+RESOLVED+or+status+%3D+closed%29</link>
        <description>An XML representation of a search request</description>
                <language>en-uk</language>
                        <issue start="0" end="155" total="155" />
                <build-info>
            <version>8.20.7</version>
            <build-number>820007</build-number>
            <build-date>16-03-2022</build-date>
        </build-info>

<item>
            <title>[CLI-198] Download links for CLI 1.2 binaries are broken</title>
                <link>https://issues.apache.org/jira/browse/CLI-198</link>
                <project id="12310463" key="CLI">Commons CLI</project>
                    <description>&lt;p&gt;On the following page&lt;br/&gt;
&lt;a href="http://commons.apache.org/cli/download_cli.cgi" class="external-link" target="_blank" rel="nofollow noopener"&gt;http://commons.apache.org/cli/download_cli.cgi&lt;/a&gt;&lt;br/&gt;
the download links for the Binary files of commons-cli 1.2 are broken.&lt;/p&gt;

&lt;p&gt;The reason is that the files are named &lt;br/&gt;
"commons-cli-1.2-bin.zip" etc., but the links point to&lt;br/&gt;
"commons-cli-1.2.zip" etc.&lt;/p&gt;</description>
                <environment />
        <key id="12462829">CLI-198</key>
            <summary>Download links for CLI 1.2 binaries are broken</summary>
                <type id="1" iconUrl="https://issues.apache.org/jira/secure/viewavatar?size=xsmall&amp;avatarId=21133&amp;avatarType=issuetype">Bug</type>
                                            <priority id="5" iconUrl="https://issues.apache.org/jira/images/icons/priorities/trivial.svg">Trivial</priority>
                        <status id="5" iconUrl="https://issues.apache.org/jira/images/icons/statuses/resolved.png" description="A resolution has been taken, and it is awaiting verification by reporter. From here issues are either reopened, or are closed.">Resolved</status>
                    <statusCategory id="3" key="done" colorName="green" />
                                    <resolution id="1">Fixed</resolution>
                                        <assignee username="-1">Unassigned</assignee>
                                    <reporter username="kkolinko">Konstantin Kolinko</reporter>
                        <labels>
                    </labels>
                <created>Thu, 22 Apr 2010 23:58:38 +0000</created>
                <updated>Fri, 23 Apr 2010 17:20:24 +0000</updated>
                            <resolved>Fri, 23 Apr 2010 17:20:24 +0000</resolved>
                                    <version>1.2</version>
                                                    <component>Documentation</component>
                        <due />
                            <votes>0</votes>
                                    <watches>0</watches>
                                                                <comments>
                            <comment id="12860090" author="sebb@apache.org" created="Fri, 23 Apr 2010 01:13:46 +0000">&lt;p&gt;I've amended the file directly on the server.&lt;/p&gt;

&lt;p&gt;SVN still needs to be changed to fix this in case the file is regenerated.&lt;/p&gt;</comment>
                            <comment id="12860193" author="niallp" created="Fri, 23 Apr 2010 09:24:31 +0000">&lt;p&gt;This was fixed in svn on 8th March when the download page was re-generated after the new version of commons-build-plugin:&lt;/p&gt;

&lt;p&gt;   &lt;a href="http://svn.apache.org/viewvc?view=revision&amp;amp;revision=920496" class="external-link" target="_blank" rel="nofollow noopener"&gt;http://svn.apache.org/viewvc?view=revision&amp;amp;revision=920496&lt;/a&gt;&lt;/p&gt;

&lt;p&gt;The site just needs to be re-generated and deployed&lt;/p&gt;</comment>
                            <comment id="12860287" author="sebb@apache.org" created="Fri, 23 Apr 2010 15:48:51 +0000">&lt;p&gt;OK, I've regenerated the file locally and it looks OK.&lt;/p&gt;

&lt;p&gt;Will upload when minotaur returns.&lt;/p&gt;</comment>
                            <comment id="12860319" author="sebb@apache.org" created="Fri, 23 Apr 2010 17:20:24 +0000">&lt;p&gt;Uploaded updated page, which will be synch. in due course.&lt;/p&gt;</comment>
                    </comments>
                    <attachments>
                    </attachments>
                <subtasks>
                    </subtasks>
                <customfields>
                                                                                                                                                                                                                                                                                                                                                                                                                                                                                                                                                                                                                                                                                                                    <customfield id="customfield_12314020" key="com.atlassian.jira.plugins.jira-development-integration-plugin:devsummary">
                        <customfieldname>Development</customfieldname>
                        <customfieldvalues>
                            
                        </customfieldvalues>
                    </customfield>
                                                                                                                        <customfield id="customfield_12313422" key="com.atlassian.jirafisheyeplugin:jobcheckbox">
                        <customfieldname>Enable Automatic Patch Review</customfieldname>
                        <customfieldvalues>
                            <customfieldvalue>false</customfieldvalue>

                        </customfieldvalues>
                    </customfield>
                                                                                                                                                                                                                                                                                                                                                                                                                                                                                                                                                                                                                                                <customfield id="customfield_12310420" key="com.pyxis.greenhopper.jira:gh-global-rank">
                        <customfieldname>Global Rank</customfieldname>
                        <customfieldvalues>
                            <customfieldvalue>59215</customfieldvalue>
                        </customfieldvalues>
                    </customfield>
                                                                                                                                                                                                                                                                                                                                                                                                                                                                        <customfield id="customfield_12311820" key="com.pyxis.greenhopper.jira:gh-lexo-rank">
                        <customfieldname>Rank</customfieldname>
                        <customfieldvalues>
                            <customfieldvalue>0|i0fs1r:</customfieldvalue>

                        </customfieldvalues>
                    </customfield>
                                                                <customfield id="customfield_12310920" key="com.pyxis.greenhopper.jira:gh-global-rank">
                        <customfieldname>Rank (Obsolete)</customfieldname>
                        <customfieldvalues>
                            <customfieldvalue>90141</customfieldvalue>
                        </customfieldvalues>
                    </customfield>
                                                                                                                                                                                                                                                                                                                                                                                                                                                                                                                                                                                                                                                                                                                                                                                            </customfields>
    </item>


</channel>
</rss>