<rss version="0.92">
    <channel>
        <title>ASF JIRA</title>
        <link>https://issues.apache.org/jira/issues/?jql=project+%3D+CLI+and+type+%3D+bug+and+%28status+%3D+RESOLVED+or+status+%3D+closed%29</link>
        <description>An XML representation of a search request</description>
                <language>en-uk</language>
                        <issue start="0" end="155" total="155" />
                <build-info>
            <version>8.20.7</version>
            <build-number>820007</build-number>
            <build-date>16-03-2022</build-date>
        </build-info>

<item>
            <title>[CLI-41] HelpFormatter shouldn't throw IOException</title>
                <link>https://issues.apache.org/jira/browse/CLI-41</link>
                <project id="12310463" key="CLI">Commons CLI</project>
                    <description>&lt;p&gt;Hi there,&lt;/p&gt;

&lt;p&gt;Attached is a patch which implements the changes discussed on commons-dev:&lt;/p&gt;

&lt;p&gt;&lt;a href="http://tinyurl.com/85334" class="external-link" target="_blank" rel="nofollow noopener"&gt;http://tinyurl.com/85334&lt;/a&gt; (link to the archives)&lt;/p&gt;

&lt;p&gt;Essentially, HelpFormatter need not throw IOExceptions due to its use of&lt;br/&gt;
PrintWriter. It also updates regression tests so that they don't fail to test&lt;br/&gt;
the protected pad() method (which now accepts a PrintWriter rather than a Writer).&lt;/p&gt;

&lt;p&gt;Thank you.&lt;/p&gt;</description>
                <environment />
        <key id="12342901">CLI-41</key>
            <summary>HelpFormatter shouldn't throw IOException</summary>
                <type id="1" iconUrl="https://issues.apache.org/jira/secure/viewavatar?size=xsmall&amp;avatarId=21133&amp;avatarType=issuetype">Bug</type>
                                            <priority id="3" iconUrl="https://issues.apache.org/jira/images/icons/priorities/major.svg">Major</priority>
                        <status id="6" iconUrl="https://issues.apache.org/jira/images/icons/statuses/closed.png" description="The issue is considered finished, the resolution is correct. Issues which are not closed can be reopened.">Closed</status>
                    <statusCategory id="3" key="done" colorName="green" />
                                    <resolution id="1">Fixed</resolution>
                                        <assignee username="-1">Unassigned</assignee>
                                    <reporter username="sjr">James Ring</reporter>
                        <labels>
                    </labels>
                <created>Sat, 11 Feb 2006 08:12:47 +0000</created>
                <updated>Tue, 15 Jun 2010 14:58:25 +0000</updated>
                            <resolved>Tue, 15 Jun 2010 14:58:25 +0000</resolved>
                                                    <fixVersion>2.0</fixVersion>
                                    <component>CLI-2.x</component>
                    <component>Help formatter</component>
                        <due />
                            <votes>0</votes>
                                    <watches>0</watches>
                                                                <comments>
                            <comment id="12411404" author="sjr" created="Sat, 11 Feb 2006 08:13:40 +0000">&lt;p&gt;Created an attachment (id=17645)&lt;br/&gt;
Patch&lt;/p&gt;</comment>
                            <comment id="12411405" author="sjr" created="Sat, 11 Feb 2006 08:15:47 +0000">&lt;p&gt;(From update of attachment 17645)&lt;br/&gt;
Oh, sorry, this patch also alters printWrapped() to have public access and to&lt;br/&gt;
call flush().&lt;/p&gt;

&lt;p&gt;I can resubmit if you do not want this particular change (though I think it's&lt;br/&gt;
harmless).&lt;/p&gt;

&lt;p&gt;Thank you!&lt;/p&gt;</comment>
                            <comment id="12411406" author="mvdb@apache.org" created="Sat, 11 Feb 2006 08:39:06 +0000">&lt;p&gt;This patch kind of breaks backward compatibility, so that fact must be&lt;br/&gt;
documented. If there is going to be a release people like know this kind of stuff.&lt;br/&gt;
If you can also patch RELEASE-NOTES.txt, that would be very helpfull &lt;img class="emoticon" src="https://issues.apache.org/jira/images/icons/emoticons/smile.png" height="16" width="16" align="absmiddle" alt="" border="0"/&gt;&lt;/p&gt;</comment>
                            <comment id="12411407" author="sjr" created="Sat, 11 Feb 2006 10:47:37 +0000">&lt;p&gt;(In reply to comment #3)&lt;br/&gt;
&amp;gt; This patch kind of breaks backward compatibility, so that fact must be&lt;br/&gt;
&amp;gt; documented. If there is going to be a release people like know this kind of stuff.&lt;br/&gt;
&amp;gt; If you can also patch RELEASE-NOTES.txt, that would be very helpfull &lt;img class="emoticon" src="https://issues.apache.org/jira/images/icons/emoticons/smile.png" height="16" width="16" align="absmiddle" alt="" border="0"/&gt;&lt;/p&gt;

&lt;p&gt;The org.apache.commons.cli2 package (which this patch affects) is not in the 1.0&lt;br/&gt;
release and so has not yet been released. People shouldn't be depending on the&lt;br/&gt;
behaviour of this package or the HelpFormatter.&lt;/p&gt;

&lt;p&gt;Maybe somebody with more familiarity with the cli package could update the&lt;br/&gt;
release notes if you guys choose to commit this patch? I'm happy to write a&lt;br/&gt;
patch for RELEASE-NOTES.txt, but I feel that I am too new to the cli package to&lt;br/&gt;
really know what's been happening since the last release.&lt;/p&gt;

&lt;p&gt;Thanks for the feedback.&lt;/p&gt;

&lt;p&gt;Regards,&lt;br/&gt;
James&lt;/p&gt;</comment>
                            <comment id="12411408" author="sjr" created="Mon, 13 Feb 2006 20:12:58 +0000">&lt;p&gt;(From update of attachment 17645)&lt;br/&gt;
Obsoleted by subsequent patch.&lt;/p&gt;</comment>
                            <comment id="12411409" author="sjr" created="Mon, 13 Feb 2006 20:14:22 +0000">&lt;p&gt;Created an attachment (id=17677)&lt;br/&gt;
Patch to remove throws IOException clauses&lt;/p&gt;

&lt;p&gt;This updated patch does not change the access modifier for the method&lt;br/&gt;
printWrapped, but it does eliminate all mention of IOExceptions thrown by&lt;br/&gt;
methods of this class. I think this is definitely a worthwhile patch.&lt;/p&gt;

&lt;p&gt;Thanks!&lt;/p&gt;</comment>
                            <comment id="12411410" author="bayard" created="Wed, 8 Mar 2006 15:15:59 +0000">&lt;p&gt;Latest patch applied.&lt;/p&gt;</comment>
                    </comments>
                    <attachments>
                            <attachment id="12334023" name="ASF.LICENSE.NOT.GRANTED--fix-setPrintWriter-parameter-type.patch" size="4740" author="sjr" created="Mon, 13 Feb 2006 20:14:22 +0000" />
                            <attachment id="12334022" name="ASF.LICENSE.NOT.GRANTED--fix-setPrintWriter-parameter-type.patch" size="4852" author="sjr" created="Sat, 11 Feb 2006 08:13:40 +0000" />
                    </attachments>
                <subtasks>
                    </subtasks>
                <customfields>
                                                                                                                                                                                                                                                                                                                                                                                                                                                                                                                                                                                                    <customfield id="customfield_10010" key="com.atlassian.jira.plugin.system.customfieldtypes:importid">
                        <customfieldname>Bugzilla Id</customfieldname>
                        <customfieldvalues>
                            <customfieldvalue>38611</customfieldvalue>
                        </customfieldvalues>
                    </customfield>
                                                                                                                                                    <customfield id="customfield_12314020" key="com.atlassian.jira.plugins.jira-development-integration-plugin:devsummary">
                        <customfieldname>Development</customfieldname>
                        <customfieldvalues>
                            
                        </customfieldvalues>
                    </customfield>
                                                                                                                        <customfield id="customfield_12313422" key="com.atlassian.jirafisheyeplugin:jobcheckbox">
                        <customfieldname>Enable Automatic Patch Review</customfieldname>
                        <customfieldvalues>
                            <customfieldvalue>false</customfieldvalue>

                        </customfieldvalues>
                    </customfield>
                                                                                                                                                                                                                                                                                                                                                                                                                                                                                                                                                                                                                                                <customfield id="customfield_12310420" key="com.pyxis.greenhopper.jira:gh-global-rank">
                        <customfieldname>Global Rank</customfieldname>
                        <customfieldvalues>
                            <customfieldvalue>107838</customfieldvalue>
                        </customfieldvalues>
                    </customfield>
                                                                                                                                                                                                                                                                                                                                                                                                                                                                        <customfield id="customfield_12311820" key="com.pyxis.greenhopper.jira:gh-lexo-rank">
                        <customfieldname>Rank</customfieldname>
                        <customfieldvalues>
                            <customfieldvalue>0|i0udjj:</customfieldvalue>

                        </customfieldvalues>
                    </customfield>
                                                                <customfield id="customfield_12310920" key="com.pyxis.greenhopper.jira:gh-global-rank">
                        <customfieldname>Rank (Obsolete)</customfieldname>
                        <customfieldvalues>
                            <customfieldvalue>175335</customfieldvalue>
                        </customfieldvalues>
                    </customfield>
                                                                                                                                                                                                                                                                                                                                                                                                                                                                                                                                                                                                                                                                                                                                                                                            </customfields>
    </item>


</channel>
</rss>