<rss version="0.92">
    <channel>
        <title>ASF JIRA</title>
        <link>https://issues.apache.org/jira/issues/?jql=project+%3D+CLI+and+type+%3D+bug+and+%28status+%3D+RESOLVED+or+status+%3D+closed%29</link>
        <description>An XML representation of a search request</description>
                <language>en-uk</language>
                        <issue start="0" end="155" total="155" />
                <build-info>
            <version>8.20.7</version>
            <build-number>820007</build-number>
            <build-date>16-03-2022</build-date>
        </build-info>

<item>
            <title>[CLI-183] Clear the selection from the groups before parsing</title>
                <link>https://issues.apache.org/jira/browse/CLI-183</link>
                <project id="12310463" key="CLI">Commons CLI</project>
                    <description>&lt;p&gt;OptionGroup stores the name of the option selected after the parsing. If the same Options is used again to parse another command line, an AlreadySelectedException is likely to occur since the selection state is never cleared from the option group.&lt;/p&gt;

&lt;p&gt;This case was already covered by testValidLongOnlyOptions() in OptionGroupTest, but it never failed due to &lt;a href="https://issues.apache.org/jira/browse/CLI-182" title="Unable to select a pure long option in a group" class="issue-link" data-issue-key="CLI-182"&gt;&lt;del&gt;CLI-182&lt;/del&gt;&lt;/a&gt;.&lt;/p&gt;</description>
                <environment />
        <key id="12426725">CLI-183</key>
            <summary>Clear the selection from the groups before parsing</summary>
                <type id="1" iconUrl="https://issues.apache.org/jira/secure/viewavatar?size=xsmall&amp;avatarId=21133&amp;avatarType=issuetype">Bug</type>
                                            <priority id="3" iconUrl="https://issues.apache.org/jira/images/icons/priorities/major.svg">Major</priority>
                        <status id="6" iconUrl="https://issues.apache.org/jira/images/icons/statuses/closed.png" description="The issue is considered finished, the resolution is correct. Issues which are not closed can be reopened.">Closed</status>
                    <statusCategory id="3" key="done" colorName="green" />
                                    <resolution id="1">Fixed</resolution>
                                        <assignee username="ebourg">Emmanuel Bourg</assignee>
                                    <reporter username="ebourg">Emmanuel Bourg</reporter>
                        <labels>
                    </labels>
                <created>Sat, 30 May 2009 02:13:14 +0000</created>
                <updated>Sat, 9 May 2015 18:43:37 +0000</updated>
                            <resolved>Sat, 30 May 2009 02:33:05 +0000</resolved>
                                    <version>1.0</version>
                    <version>1.1</version>
                    <version>1.2</version>
                                    <fixVersion>1.3</fixVersion>
                                        <due />
                            <votes>0</votes>
                                    <watches>0</watches>
                                                                        <attachments>
                    </attachments>
                <subtasks>
                    </subtasks>
                <customfields>
                                                                                                                                                                                                                                                                                                                                                                                                                                                                                                                                                                                                                                                                                                                    <customfield id="customfield_12314020" key="com.atlassian.jira.plugins.jira-development-integration-plugin:devsummary">
                        <customfieldname>Development</customfieldname>
                        <customfieldvalues>
                            
                        </customfieldvalues>
                    </customfield>
                                                                                                                        <customfield id="customfield_12313422" key="com.atlassian.jirafisheyeplugin:jobcheckbox">
                        <customfieldname>Enable Automatic Patch Review</customfieldname>
                        <customfieldvalues>
                            <customfieldvalue>false</customfieldvalue>

                        </customfieldvalues>
                    </customfield>
                                                                                                                                                                                                                                                                                                                                                                                                                                                                                                                                                                                                                                                <customfield id="customfield_12310420" key="com.pyxis.greenhopper.jira:gh-global-rank">
                        <customfieldname>Global Rank</customfieldname>
                        <customfieldvalues>
                            <customfieldvalue>40181</customfieldvalue>
                        </customfieldvalues>
                    </customfield>
                                                                                                                                                                                                                                                                                                                                                                                                                                                                        <customfield id="customfield_12311820" key="com.pyxis.greenhopper.jira:gh-lexo-rank">
                        <customfieldname>Rank</customfieldname>
                        <customfieldvalues>
                            <customfieldvalue>0|i0frjj:</customfieldvalue>

                        </customfieldvalues>
                    </customfield>
                                                                <customfield id="customfield_12310920" key="com.pyxis.greenhopper.jira:gh-global-rank">
                        <customfieldname>Rank (Obsolete)</customfieldname>
                        <customfieldvalues>
                            <customfieldvalue>90059</customfieldvalue>
                        </customfieldvalues>
                    </customfield>
                                                                                                                                                                                                                                                                                                                                                                                                                                                                                                                                                                                                                                                                                                                                                                                            </customfields>
    </item>


</channel>
</rss>