<rss version="0.92">
    <channel>
        <title>ASF JIRA</title>
        <link>https://issues.apache.org/jira/issues/?jql=project+%3D+CLI+and+type+%3D+bug+and+%28status+%3D+RESOLVED+or+status+%3D+closed%29</link>
        <description>An XML representation of a search request</description>
                <language>en-uk</language>
                        <issue start="0" end="155" total="155" />
                <build-info>
            <version>8.20.7</version>
            <build-number>820007</build-number>
            <build-date>16-03-2022</build-date>
        </build-info>

<item>
            <title>[CLI-50] [cli] TestHelpFormatter.testAutomaticUsage unit test failure</title>
                <link>https://issues.apache.org/jira/browse/CLI-50</link>
                <project id="12310463" key="CLI">Commons CLI</project>
                    <description>&lt;p&gt;I am seing the following error:&lt;/p&gt;

&lt;p&gt;junit.framework.ComparisonFailure: simple auto usage expected:&amp;lt;...b] [-a...&amp;gt; &lt;br/&gt;
but was:&amp;lt;...a] [-b...&amp;gt;&lt;br/&gt;
	at junit.framework.Assert.assertEquals(Assert.java:81)&lt;br/&gt;
	at org.apache.commons.cli.TestHelpFormatter.testAutomaticUsage&lt;br/&gt;
(TestHelpFormatter.java:168)&lt;br/&gt;
	at sun.reflect.NativeMethodAccessorImpl.invoke0(Native Method)&lt;br/&gt;
	at sun.reflect.NativeMethodAccessorImpl.invoke&lt;br/&gt;
(NativeMethodAccessorImpl.java:39)&lt;br/&gt;
	at sun.reflect.DelegatingMethodAccessorImpl.invoke&lt;br/&gt;
(DelegatingMethodAccessorImpl.java:25)&lt;br/&gt;
	at java.lang.reflect.Method.invoke(Method.java:324)&lt;br/&gt;
	at junit.framework.TestCase.runTest(TestCase.java:154)&lt;br/&gt;
	at junit.framework.TestCase.runBare(TestCase.java:127)&lt;br/&gt;
	at junit.framework.TestResult$1.protect(TestResult.java:106)&lt;br/&gt;
	at junit.framework.TestResult.runProtected(TestResult.java:124)&lt;br/&gt;
	at junit.framework.TestResult.run(TestResult.java:109)&lt;br/&gt;
	at junit.framework.TestCase.run(TestCase.java:118)&lt;br/&gt;
	at junit.framework.TestSuite.runTest(TestSuite.java:208)&lt;br/&gt;
	at junit.framework.TestSuite.run(TestSuite.java:203)&lt;br/&gt;
	at junit.framework.TestSuite.runTest(TestSuite.java:208)&lt;br/&gt;
	at junit.framework.TestSuite.run(TestSuite.java:203)&lt;br/&gt;
	at org.eclipse.jdt.internal.junit.runner.RemoteTestRunner.runTests&lt;br/&gt;
(RemoteTestRunner.java:392)&lt;br/&gt;
	at org.eclipse.jdt.internal.junit.runner.RemoteTestRunner.run&lt;br/&gt;
(RemoteTestRunner.java:276)&lt;br/&gt;
	at org.eclipse.jdt.internal.junit.runner.RemoteTestRunner.main&lt;br/&gt;
(RemoteTestRunner.java:167)&lt;/p&gt;

&lt;p&gt;Since HashMaps are used in the Options class the order or Option instances &lt;br/&gt;
cannot be guaranteed.&lt;/p&gt;

&lt;p&gt;FYI, I am running the tests from Eclipse 2.1 on top of Java 1.4.1_02. Will the &lt;br/&gt;
current pending "v2" changes from John K will solve this?&lt;/p&gt;</description>
                <environment>&lt;p&gt;Operating System: Windows XP&lt;br/&gt;
Platform: PC&lt;/p&gt;</environment>
        <key id="12340646">CLI-50</key>
            <summary>[cli] TestHelpFormatter.testAutomaticUsage unit test failure</summary>
                <type id="1" iconUrl="https://issues.apache.org/jira/secure/viewavatar?size=xsmall&amp;avatarId=21133&amp;avatarType=issuetype">Bug</type>
                                            <priority id="3" iconUrl="https://issues.apache.org/jira/images/icons/priorities/major.svg">Major</priority>
                        <status id="6" iconUrl="https://issues.apache.org/jira/images/icons/statuses/closed.png" description="The issue is considered finished, the resolution is correct. Issues which are not closed can be reopened.">Closed</status>
                    <statusCategory id="3" key="done" colorName="green" />
                                    <resolution id="1">Fixed</resolution>
                                        <assignee username="-1">Unassigned</assignee>
                                    <reporter username="ggregory">Gary D. Gregory</reporter>
                        <labels>
                    </labels>
                <created>Wed, 9 Apr 2003 01:47:55 +0000</created>
                <updated>Thu, 10 Mar 2011 22:30:43 +0000</updated>
                            <resolved>Thu, 15 Mar 2007 16:49:15 +0000</resolved>
                                    <version>Nightly Builds</version>
                                    <fixVersion>2.0</fixVersion>
                                    <component>CLI-2.x</component>
                        <due />
                            <votes>0</votes>
                                    <watches>0</watches>
                                                                <comments>
                            <comment id="12403994" author="ggregory@seagullsw.com" created="Wed, 9 Apr 2003 01:49:00 +0000">&lt;p&gt;I am using the latest CLI from CVS.&lt;/p&gt;</comment>
                            <comment id="12403995" author="roxspring" created="Wed, 29 Oct 2003 20:30:26 +0000">&lt;p&gt;CLI2 in the sandbox defaults to using the order in which options were added.  &lt;br/&gt;
If this doesn't suit then a Comparator instance can be supplied to control the &lt;br/&gt;
ordering.  Importantly though, the order is never left to Map implementation to &lt;br/&gt;
dictate.&lt;/p&gt;

&lt;p&gt;Rob&lt;/p&gt;</comment>
                    </comments>
                    <attachments>
                    </attachments>
                <subtasks>
                    </subtasks>
                <customfields>
                                                                                                                                                                                                                                                                                                                                                                                                                                                                                                                                                                                                    <customfield id="customfield_10010" key="com.atlassian.jira.plugin.system.customfieldtypes:importid">
                        <customfieldname>Bugzilla Id</customfieldname>
                        <customfieldvalues>
                            <customfieldvalue>18831</customfieldvalue>
                        </customfieldvalues>
                    </customfield>
                                                                                                                                                    <customfield id="customfield_12314020" key="com.atlassian.jira.plugins.jira-development-integration-plugin:devsummary">
                        <customfieldname>Development</customfieldname>
                        <customfieldvalues>
                            
                        </customfieldvalues>
                    </customfield>
                                                                                                                        <customfield id="customfield_12313422" key="com.atlassian.jirafisheyeplugin:jobcheckbox">
                        <customfieldname>Enable Automatic Patch Review</customfieldname>
                        <customfieldvalues>
                            <customfieldvalue>false</customfieldvalue>

                        </customfieldvalues>
                    </customfield>
                                                                                                                                                                                                                                                                                                                                                                                                                                                                                                                                                                                                                                                <customfield id="customfield_12310420" key="com.pyxis.greenhopper.jira:gh-global-rank">
                        <customfieldname>Global Rank</customfieldname>
                        <customfieldvalues>
                            <customfieldvalue>107846</customfieldvalue>
                        </customfieldvalues>
                    </customfield>
                                                                                                                                                                                                                                                                                                                                                                                                                                                                        <customfield id="customfield_12311820" key="com.pyxis.greenhopper.jira:gh-lexo-rank">
                        <customfieldname>Rank</customfieldname>
                        <customfieldvalues>
                            <customfieldvalue>0|i0udmf:</customfieldvalue>

                        </customfieldvalues>
                    </customfield>
                                                                <customfield id="customfield_12310920" key="com.pyxis.greenhopper.jira:gh-global-rank">
                        <customfieldname>Rank (Obsolete)</customfieldname>
                        <customfieldvalues>
                            <customfieldvalue>175348</customfieldvalue>
                        </customfieldvalues>
                    </customfield>
                                                                                                                                                                                                                                                                                                                                                                                                                                                                                                                                                                                                                                                                                                                                                                                            </customfields>
    </item>


</channel>
</rss>