<rss version="0.92">
    <channel>
        <title>ASF JIRA</title>
        <link>https://issues.apache.org/jira/issues/?jql=project+%3D+CLI+and+type+%3D+bug+and+%28status+%3D+RESOLVED+or+status+%3D+closed%29</link>
        <description>An XML representation of a search request</description>
                <language>en-uk</language>
                        <issue start="0" end="155" total="155" />
                <build-info>
            <version>8.20.7</version>
            <build-number>820007</build-number>
            <build-date>16-03-2022</build-date>
        </build-info>

<item>
            <title>[CLI-213] Quoted string parsing</title>
                <link>https://issues.apache.org/jira/browse/CLI-213</link>
                <project id="12310463" key="CLI">Commons CLI</project>
                    <description>&lt;p&gt;When you pass a quoted string as argument in command line (eg. java Hello -e "fname=\"vishal\" and lname=\"dhawani\""), it gives you one character less in result (eg. cmdLine.getOptionValue("e") will return you fname="vishal" and lname="dhawani).&lt;/p&gt;

&lt;p&gt;Actually when you see the args[] passed to java, args&lt;span class="error"&gt;&amp;#91;1&amp;#93;&lt;/span&gt; is fname="vishal" and lname="dhawani" .&lt;/p&gt;

&lt;p&gt;The above thing works when we give extra space, ie. java Hello -e "fname=\"vishal\" and lname=\"dhawani\" ".&lt;/p&gt;

&lt;p&gt;Please check.&lt;/p&gt;</description>
                <environment>&lt;p&gt;Kubuntu, JRE 1.6&lt;/p&gt;</environment>
        <key id="12495766">CLI-213</key>
            <summary>Quoted string parsing</summary>
                <type id="1" iconUrl="https://issues.apache.org/jira/secure/viewavatar?size=xsmall&amp;avatarId=21133&amp;avatarType=issuetype">Bug</type>
                                            <priority id="4" iconUrl="https://issues.apache.org/jira/images/icons/priorities/minor.svg">Minor</priority>
                        <status id="6" iconUrl="https://issues.apache.org/jira/images/icons/statuses/closed.png" description="The issue is considered finished, the resolution is correct. Issues which are not closed can be reopened.">Closed</status>
                    <statusCategory id="3" key="done" colorName="green" />
                                    <resolution id="3">Duplicate</resolution>
                                        <assignee username="-1">Unassigned</assignee>
                                    <reporter username="vishal.dhawani">Vishal Dhawani</reporter>
                        <labels>
                    </labels>
                <created>Mon, 17 Jan 2011 11:09:27 +0000</created>
                <updated>Sat, 9 May 2015 18:43:37 +0000</updated>
                            <resolved>Mon, 17 Jan 2011 18:34:40 +0000</resolved>
                                    <version>1.2</version>
                                    <fixVersion>1.3</fixVersion>
                                    <component>Parser</component>
                        <due />
                            <votes>0</votes>
                                    <watches>0</watches>
                                                                <comments>
                            <comment id="12982788" author="ebourg" created="Mon, 17 Jan 2011 18:33:39 +0000">&lt;p&gt;Thank you for the report Vishal. This is a duplicate of &lt;a href="https://issues.apache.org/jira/browse/CLI-185" title="Commons CLI incorrectly stripping leading and trailing quotes" class="issue-link" data-issue-key="CLI-185"&gt;&lt;del&gt;CLI-185&lt;/del&gt;&lt;/a&gt;, you can check with the code on the trunk, your test case should work fine.&lt;/p&gt;</comment>
                    </comments>
                <issuelinks>
                            <issuelinktype id="12310000">
                    <name>Duplicate</name>
                                            <outwardlinks description="duplicates">
                                        <issuelink>
            <issuekey id="12427551">CLI-185</issuekey>
        </issuelink>
                            </outwardlinks>
                                                        </issuelinktype>
                    </issuelinks>
                <attachments>
                    </attachments>
                <subtasks>
                    </subtasks>
                <customfields>
                                                                                                                                                                                                                                                                                                                                                                                                                                                                                                                                                                                                                                                                                                                    <customfield id="customfield_12314020" key="com.atlassian.jira.plugins.jira-development-integration-plugin:devsummary">
                        <customfieldname>Development</customfieldname>
                        <customfieldvalues>
                            
                        </customfieldvalues>
                    </customfield>
                                                                                                                        <customfield id="customfield_12313422" key="com.atlassian.jirafisheyeplugin:jobcheckbox">
                        <customfieldname>Enable Automatic Patch Review</customfieldname>
                        <customfieldvalues>
                            <customfieldvalue>false</customfieldvalue>

                        </customfieldvalues>
                    </customfield>
                                                                                                                                                                                                                                                                                                                                                                                                                                                                                                                                                                                                                                                <customfield id="customfield_12310420" key="com.pyxis.greenhopper.jira:gh-global-rank">
                        <customfieldname>Global Rank</customfieldname>
                        <customfieldvalues>
                            <customfieldvalue>59211</customfieldvalue>
                        </customfieldvalues>
                    </customfield>
                                                                                                                                                                                                                                                                                                                                                                                                                                                                        <customfield id="customfield_12311820" key="com.pyxis.greenhopper.jira:gh-lexo-rank">
                        <customfieldname>Rank</customfieldname>
                        <customfieldvalues>
                            <customfieldvalue>0|i0frev:</customfieldvalue>

                        </customfieldvalues>
                    </customfield>
                                                                <customfield id="customfield_12310920" key="com.pyxis.greenhopper.jira:gh-global-rank">
                        <customfieldname>Rank (Obsolete)</customfieldname>
                        <customfieldvalues>
                            <customfieldvalue>90038</customfieldvalue>
                        </customfieldvalues>
                    </customfield>
                                                                                                                                                                                                                                                                                                                                                                                                                                                                                                                                                                                                                                                                                                                                                                                            </customfields>
    </item>


</channel>
</rss>