<rss version="0.92">
    <channel>
        <title>ASF JIRA</title>
        <link>https://issues.apache.org/jira/issues/?jql=project+%3D+CLI+and+type+%3D+bug+and+%28status+%3D+RESOLVED+or+status+%3D+closed%29</link>
        <description>An XML representation of a search request</description>
                <language>en-uk</language>
                        <issue start="0" end="155" total="155" />
                <build-info>
            <version>8.20.7</version>
            <build-number>820007</build-number>
            <build-date>16-03-2022</build-date>
        </build-info>

<item>
            <title>[CLI-282] TypeHandler should throw ParseException for an unsupported class</title>
                <link>https://issues.apache.org/jira/browse/CLI-282</link>
                <project id="12310463" key="CLI">Commons CLI</project>
                    <description>&lt;p&gt;JavaDoc for TypeHandler states that createValue will&lt;/p&gt;
&lt;div class="preformatted panel" style="border-width: 1px;"&gt;&lt;div class="preformattedContent panelContent"&gt;
&lt;pre&gt;* @throws ParseException if the value creation for the given object type failedtype&lt;/pre&gt;
&lt;/div&gt;&lt;/div&gt;
&lt;p&gt;&#160;However createValue(String str, Class&amp;lt;?&amp;gt; clazz) will return null if the clazz is unknown.&lt;/p&gt;</description>
                <environment />
        <key id="13140898">CLI-282</key>
            <summary>TypeHandler should throw ParseException for an unsupported class</summary>
                <type id="1" iconUrl="https://issues.apache.org/jira/secure/viewavatar?size=xsmall&amp;avatarId=21133&amp;avatarType=issuetype">Bug</type>
                                            <priority id="4" iconUrl="https://issues.apache.org/jira/images/icons/priorities/minor.svg">Minor</priority>
                        <status id="6" iconUrl="https://issues.apache.org/jira/images/icons/statuses/closed.png" description="The issue is considered finished, the resolution is correct. Issues which are not closed can be reopened.">Closed</status>
                    <statusCategory id="3" key="done" colorName="green" />
                                    <resolution id="1">Fixed</resolution>
                                        <assignee username="-1">Unassigned</assignee>
                                    <reporter username="deepy">Alex Nordlund</reporter>
                        <labels>
                    </labels>
                <created>Mon, 26 Feb 2018 10:45:57 +0000</created>
                <updated>Tue, 27 Feb 2018 06:53:02 +0000</updated>
                            <resolved>Mon, 26 Feb 2018 17:24:36 +0000</resolved>
                                    <version>1.4</version>
                                    <fixVersion>1.5</fixVersion>
                                        <due />
                            <votes>0</votes>
                                    <watches>2</watches>
                                                                <comments>
                            <comment id="16376808" author="githubbot" created="Mon, 26 Feb 2018 12:48:29 +0000">&lt;p&gt;GitHub user deepy opened a pull request:&lt;/p&gt;

&lt;p&gt;    &lt;a href="https://github.com/apache/commons-cli/pull/23" class="external-link" target="_blank" rel="nofollow noopener"&gt;https://github.com/apache/commons-cli/pull/23&lt;/a&gt;&lt;/p&gt;

&lt;p&gt;    &lt;a href="https://issues.apache.org/jira/browse/CLI-282" title="TypeHandler should throw ParseException for an unsupported class" class="issue-link" data-issue-key="CLI-282"&gt;&lt;del&gt;CLI-282&lt;/del&gt;&lt;/a&gt;: Throw an exception if we cannot handle the class.&lt;/p&gt;



&lt;p&gt;You can merge this pull request into a Git repository by running:&lt;/p&gt;

&lt;p&gt;    $ git pull &lt;a href="https://github.com/deepy/commons-cli" class="external-link" target="_blank" rel="nofollow noopener"&gt;https://github.com/deepy/commons-cli&lt;/a&gt; &lt;a href="https://issues.apache.org/jira/browse/CLI-282" title="TypeHandler should throw ParseException for an unsupported class" class="issue-link" data-issue-key="CLI-282"&gt;&lt;del&gt;CLI-282&lt;/del&gt;&lt;/a&gt;&lt;/p&gt;

&lt;p&gt;Alternatively you can review and apply these changes as the patch at:&lt;/p&gt;

&lt;p&gt;    &lt;a href="https://github.com/apache/commons-cli/pull/23.patch" class="external-link" target="_blank" rel="nofollow noopener"&gt;https://github.com/apache/commons-cli/pull/23.patch&lt;/a&gt;&lt;/p&gt;

&lt;p&gt;To close this pull request, make a commit to your master/trunk branch&lt;br/&gt;
with (at least) the following in the commit message:&lt;/p&gt;

&lt;p&gt;    This closes #23&lt;/p&gt;

&lt;hr /&gt;
&lt;p&gt;commit 583a1d661816483ceb201a7b1632f35cd9c3139c&lt;br/&gt;
Author: Alex Nordlund &amp;lt;deep.alexander@...&amp;gt;&lt;br/&gt;
Date:   2018-02-26T12:46:55Z&lt;/p&gt;

&lt;p&gt;    &lt;a href="https://issues.apache.org/jira/browse/CLI-282" title="TypeHandler should throw ParseException for an unsupported class" class="issue-link" data-issue-key="CLI-282"&gt;&lt;del&gt;CLI-282&lt;/del&gt;&lt;/a&gt;: Throw an exception if we cannot handle the class.&lt;/p&gt;

&lt;hr /&gt;</comment>
                            <comment id="16376809" author="githubbot" created="Mon, 26 Feb 2018 12:48:29 +0000">&lt;p&gt;GitHub user deepy opened a pull request:&lt;/p&gt;

&lt;p&gt;    &lt;a href="https://github.com/apache/commons-cli/pull/23" class="external-link" target="_blank" rel="nofollow noopener"&gt;https://github.com/apache/commons-cli/pull/23&lt;/a&gt;&lt;/p&gt;

&lt;p&gt;    &lt;a href="https://issues.apache.org/jira/browse/CLI-282" title="TypeHandler should throw ParseException for an unsupported class" class="issue-link" data-issue-key="CLI-282"&gt;&lt;del&gt;CLI-282&lt;/del&gt;&lt;/a&gt;: Throw an exception if we cannot handle the class.&lt;/p&gt;



&lt;p&gt;You can merge this pull request into a Git repository by running:&lt;/p&gt;

&lt;p&gt;    $ git pull &lt;a href="https://github.com/deepy/commons-cli" class="external-link" target="_blank" rel="nofollow noopener"&gt;https://github.com/deepy/commons-cli&lt;/a&gt; &lt;a href="https://issues.apache.org/jira/browse/CLI-282" title="TypeHandler should throw ParseException for an unsupported class" class="issue-link" data-issue-key="CLI-282"&gt;&lt;del&gt;CLI-282&lt;/del&gt;&lt;/a&gt;&lt;/p&gt;

&lt;p&gt;Alternatively you can review and apply these changes as the patch at:&lt;/p&gt;

&lt;p&gt;    &lt;a href="https://github.com/apache/commons-cli/pull/23.patch" class="external-link" target="_blank" rel="nofollow noopener"&gt;https://github.com/apache/commons-cli/pull/23.patch&lt;/a&gt;&lt;/p&gt;

&lt;p&gt;To close this pull request, make a commit to your master/trunk branch&lt;br/&gt;
with (at least) the following in the commit message:&lt;/p&gt;

&lt;p&gt;    This closes #23&lt;/p&gt;

&lt;hr /&gt;
&lt;p&gt;commit 583a1d661816483ceb201a7b1632f35cd9c3139c&lt;br/&gt;
Author: Alex Nordlund &amp;lt;deep.alexander@...&amp;gt;&lt;br/&gt;
Date:   2018-02-26T12:46:55Z&lt;/p&gt;

&lt;p&gt;    &lt;a href="https://issues.apache.org/jira/browse/CLI-282" title="TypeHandler should throw ParseException for an unsupported class" class="issue-link" data-issue-key="CLI-282"&gt;&lt;del&gt;CLI-282&lt;/del&gt;&lt;/a&gt;: Throw an exception if we cannot handle the class.&lt;/p&gt;

&lt;hr /&gt;</comment>
                            <comment id="16377199" author="garydgregory" created="Mon, 26 Feb 2018 17:24:36 +0000">&lt;p&gt;Hi&#160;&lt;a href="https://issues.apache.org/jira/secure/ViewProfile.jspa?name=deepy" class="user-hover" rel="deepy"&gt;deepy&lt;/a&gt;,&lt;/p&gt;

&lt;p&gt;In git master, please verify the code and close this issue.&lt;/p&gt;

&lt;p&gt;Thank you!&lt;/p&gt;

&lt;p&gt;Gary&lt;/p&gt;</comment>
                            <comment id="16378128" author="deepy" created="Tue, 27 Feb 2018 06:47:26 +0000">&lt;p&gt;&lt;img class="emoticon" src="https://issues.apache.org/jira/images/icons/emoticons/thumbs_up.png" height="16" width="16" align="absmiddle" alt="" border="0"/&gt;&lt;/p&gt;</comment>
                            <comment id="16378138" author="githubbot" created="Tue, 27 Feb 2018 06:53:01 +0000">&lt;p&gt;Github user deepy commented on the issue:&lt;/p&gt;

&lt;p&gt;    &lt;a href="https://github.com/apache/commons-cli/pull/23" class="external-link" target="_blank" rel="nofollow noopener"&gt;https://github.com/apache/commons-cli/pull/23&lt;/a&gt;&lt;/p&gt;

&lt;p&gt;    #b0024d482050a08efc36c3cabee37c0af0e57a10&lt;/p&gt;</comment>
                            <comment id="16378139" author="githubbot" created="Tue, 27 Feb 2018 06:53:01 +0000">&lt;p&gt;Github user deepy commented on the issue:&lt;/p&gt;

&lt;p&gt;    &lt;a href="https://github.com/apache/commons-cli/pull/23" class="external-link" target="_blank" rel="nofollow noopener"&gt;https://github.com/apache/commons-cli/pull/23&lt;/a&gt;&lt;/p&gt;

&lt;p&gt;    #b0024d482050a08efc36c3cabee37c0af0e57a10&lt;/p&gt;</comment>
                            <comment id="16378140" author="githubbot" created="Tue, 27 Feb 2018 06:53:02 +0000">&lt;p&gt;Github user deepy closed the pull request at:&lt;/p&gt;

&lt;p&gt;    &lt;a href="https://github.com/apache/commons-cli/pull/23" class="external-link" target="_blank" rel="nofollow noopener"&gt;https://github.com/apache/commons-cli/pull/23&lt;/a&gt;&lt;/p&gt;</comment>
                            <comment id="16378141" author="githubbot" created="Tue, 27 Feb 2018 06:53:02 +0000">&lt;p&gt;Github user deepy closed the pull request at:&lt;/p&gt;

&lt;p&gt;    &lt;a href="https://github.com/apache/commons-cli/pull/23" class="external-link" target="_blank" rel="nofollow noopener"&gt;https://github.com/apache/commons-cli/pull/23&lt;/a&gt;&lt;/p&gt;</comment>
                    </comments>
                    <attachments>
                    </attachments>
                <subtasks>
                    </subtasks>
                <customfields>
                                                                                                                                                                                                                                                                                                                                                                                                                                                                                                                                                                                                                                                                                                                    <customfield id="customfield_12314020" key="com.atlassian.jira.plugins.jira-development-integration-plugin:devsummary">
                        <customfieldname>Development</customfieldname>
                        <customfieldvalues>
                            
                        </customfieldvalues>
                    </customfield>
                                                                                                                        <customfield id="customfield_12313422" key="com.atlassian.jirafisheyeplugin:jobcheckbox">
                        <customfieldname>Enable Automatic Patch Review</customfieldname>
                        <customfieldvalues>
                            <customfieldvalue>false</customfieldvalue>

                        </customfieldvalues>
                    </customfield>
                                                                                                                                                                                                                                                                                                                                                                                                                                                                                                                                                                                                                                                <customfield id="customfield_12310420" key="com.pyxis.greenhopper.jira:gh-global-rank">
                        <customfieldname>Global Rank</customfieldname>
                        <customfieldvalues>
                            <customfieldvalue>9223372036854775807</customfieldvalue>
                        </customfieldvalues>
                    </customfield>
                                                                                                                                                                                                                                                                                                                                                                                                                                                                        <customfield id="customfield_12311820" key="com.pyxis.greenhopper.jira:gh-lexo-rank">
                        <customfieldname>Rank</customfieldname>
                        <customfieldvalues>
                            <customfieldvalue>0|i3ql9r:</customfieldvalue>

                        </customfieldvalues>
                    </customfield>
                                                                <customfield id="customfield_12310920" key="com.pyxis.greenhopper.jira:gh-global-rank">
                        <customfieldname>Rank (Obsolete)</customfieldname>
                        <customfieldvalues>
                            <customfieldvalue>9223372036854775807</customfieldvalue>
                        </customfieldvalues>
                    </customfield>
                                                                                                                                                                                                                                                                                                                                                                                                                                                                                                                                                                                                                                                                                                                                                                                            </customfields>
    </item>


</channel>
</rss>