<rss version="0.92">
    <channel>
        <title>ASF JIRA</title>
        <link>https://issues.apache.org/jira/issues/?jql=project+%3D+CLI+and+type+%3D+bug+and+%28status+%3D+RESOLVED+or+status+%3D+closed%29</link>
        <description>An XML representation of a search request</description>
                <language>en-uk</language>
                        <issue start="0" end="155" total="155" />
                <build-info>
            <version>8.20.7</version>
            <build-number>820007</build-number>
            <build-date>16-03-2022</build-date>
        </build-info>

<item>
            <title>[CLI-72] support anonymous arguments explicity</title>
                <link>https://issues.apache.org/jira/browse/CLI-72</link>
                <project id="12310463" key="CLI">Commons CLI</project>
                    <description>&lt;p&gt;Allow the user to specify anonymous arguments.  This may lead to the elimination&lt;br/&gt;
of the unprocessed arguments and thus prevent an open ended contract.&lt;/p&gt;</description>
                <environment>&lt;p&gt;Operating System: All&lt;br/&gt;
Platform: All&lt;/p&gt;</environment>
        <key id="12340726">CLI-72</key>
            <summary>support anonymous arguments explicity</summary>
                <type id="1" iconUrl="https://issues.apache.org/jira/secure/viewavatar?size=xsmall&amp;avatarId=21133&amp;avatarType=issuetype">Bug</type>
                                            <priority id="3" iconUrl="https://issues.apache.org/jira/images/icons/priorities/major.svg">Major</priority>
                        <status id="6" iconUrl="https://issues.apache.org/jira/images/icons/statuses/closed.png" description="The issue is considered finished, the resolution is correct. Issues which are not closed can be reopened.">Closed</status>
                    <statusCategory id="3" key="done" colorName="green" />
                                    <resolution id="1">Fixed</resolution>
                                        <assignee username="-1">Unassigned</assignee>
                                    <reporter username="jbjk">John Keyes</reporter>
                        <labels>
                    </labels>
                <created>Sat, 24 May 2003 22:21:54 +0000</created>
                <updated>Thu, 15 Mar 2007 16:49:17 +0000</updated>
                            <resolved>Thu, 15 Mar 2007 16:49:17 +0000</resolved>
                                                    <fixVersion>2.0</fixVersion>
                                    <component>CLI-2.x</component>
                        <due />
                            <votes>0</votes>
                                    <watches>0</watches>
                                                                <comments>
                            <comment id="12404281" author="roxspring" created="Wed, 29 Oct 2003 20:33:47 +0000">&lt;p&gt;Anonymous arguments now work correctly and since all arguments deal with the "--&lt;br/&gt;
" option then the unprocessed list has been removed completey.&lt;/p&gt;

&lt;p&gt;All in Cli2 in the sandbox&lt;/p&gt;</comment>
                    </comments>
                    <attachments>
                    </attachments>
                <subtasks>
                    </subtasks>
                <customfields>
                                                                                                                                                                                                                                                                                                                                                                                                                                                                                                                                                                                                    <customfield id="customfield_10010" key="com.atlassian.jira.plugin.system.customfieldtypes:importid">
                        <customfieldname>Bugzilla Id</customfieldname>
                        <customfieldvalues>
                            <customfieldvalue>20213</customfieldvalue>
                        </customfieldvalues>
                    </customfield>
                                                                                                                                                    <customfield id="customfield_12314020" key="com.atlassian.jira.plugins.jira-development-integration-plugin:devsummary">
                        <customfieldname>Development</customfieldname>
                        <customfieldvalues>
                            
                        </customfieldvalues>
                    </customfield>
                                                                                                                        <customfield id="customfield_12313422" key="com.atlassian.jirafisheyeplugin:jobcheckbox">
                        <customfieldname>Enable Automatic Patch Review</customfieldname>
                        <customfieldvalues>
                            <customfieldvalue>false</customfieldvalue>

                        </customfieldvalues>
                    </customfield>
                                                                                                                                                                                                                                                                                                                                                                                                                                                                                                                                                                                                                                                <customfield id="customfield_12310420" key="com.pyxis.greenhopper.jira:gh-global-rank">
                        <customfieldname>Global Rank</customfieldname>
                        <customfieldvalues>
                            <customfieldvalue>40229</customfieldvalue>
                        </customfieldvalues>
                    </customfield>
                                                                                                                                                                                                                                                                                                                                                                                                                                                                        <customfield id="customfield_12311820" key="com.pyxis.greenhopper.jira:gh-lexo-rank">
                        <customfieldname>Rank</customfieldname>
                        <customfieldvalues>
                            <customfieldvalue>0|i0ud7j:</customfieldvalue>

                        </customfieldvalues>
                    </customfield>
                                                                <customfield id="customfield_12310920" key="com.pyxis.greenhopper.jira:gh-global-rank">
                        <customfieldname>Rank (Obsolete)</customfieldname>
                        <customfieldvalues>
                            <customfieldvalue>175281</customfieldvalue>
                        </customfieldvalues>
                    </customfield>
                                                                                                                                                                                                                                                                                                                                                                                                                                                                                                                                                                                                                                                                                                                                                                                            </customfields>
    </item>


</channel>
</rss>