<rss version="0.92">
    <channel>
        <title>ASF JIRA</title>
        <link>https://issues.apache.org/jira/issues/?jql=project+%3D+CLI+and+type+%3D+bug+and+%28status+%3D+RESOLVED+or+status+%3D+closed%29</link>
        <description>An XML representation of a search request</description>
                <language>en-uk</language>
                        <issue start="0" end="155" total="155" />
                <build-info>
            <version>8.20.7</version>
            <build-number>820007</build-number>
            <build-date>16-03-2022</build-date>
        </build-info>

<item>
            <title>[CLI-2] [cli] Wrong usage summary</title>
                <link>https://issues.apache.org/jira/browse/CLI-2</link>
                <project id="12310463" key="CLI">Commons CLI</project>
                    <description>&lt;p&gt;The options of a OptionGroup appears twice in the usage summary as shown by the &lt;br/&gt;
following example(&lt;span class="error"&gt;&amp;#91;-c&amp;#93;&lt;/span&gt;):&lt;/p&gt;

&lt;p&gt;usage:   &lt;span class="error"&gt;&amp;#91;-quiet&amp;#93;&lt;/span&gt; &lt;span class="error"&gt;&amp;#91;-debug&amp;#93;&lt;/span&gt; &lt;span class="error"&gt;&amp;#91;-ax | -c&amp;#93;&lt;/span&gt;&lt;span class="error"&gt;&amp;#91;-c&amp;#93;&lt;/span&gt; -version &lt;span class="error"&gt;&amp;#91;-verbose&amp;#93;&lt;/span&gt;&lt;br/&gt;
       &lt;span class="error"&gt;&amp;#91;-projecthelp&amp;#93;&lt;/span&gt; &lt;span class="error"&gt;&amp;#91;-help&amp;#93;&lt;/span&gt;&lt;br/&gt;
 -ax            ax or c&lt;br/&gt;
 -c             ax or c&lt;/p&gt;

&lt;p&gt;Also a space is missing after the OptionGroup.&lt;/p&gt;

&lt;p&gt;I have corrected this error by modifying the file HelpFormatter.java, line up &lt;br/&gt;
247. I include the modified codes for reference:&lt;/p&gt;

&lt;p&gt;           if( group != null /&lt;b&gt;&amp;amp;&amp;amp; !list.contains(group)&lt;/b&gt;/ ) {&lt;br/&gt;
                             =============&amp;gt; changed&lt;br/&gt;
               if (!list.contains(group)) {&lt;br/&gt;
               =============&amp;gt; added&lt;br/&gt;
                   // add the group to the processed list&lt;br/&gt;
                   list.add( group );&lt;/p&gt;

&lt;p&gt;                   // get the names of the options from the OptionGroup&lt;br/&gt;
                   Collection names = group.getNames();&lt;/p&gt;

&lt;p&gt;                   buff.append( "[" );&lt;/p&gt;

&lt;p&gt;                   // for each option in the OptionGroup&lt;br/&gt;
                   for( Iterator iter = names.iterator(); iter.hasNext(); ) {&lt;br/&gt;
                       buff.append( iter.next() );&lt;br/&gt;
                       if( iter.hasNext() ) &lt;/p&gt;
{
                           buff.append( " | " );
                       }
&lt;p&gt;                   }&lt;br/&gt;
                   buff.append( "] " );&lt;br/&gt;
                   =============&amp;gt; changed&lt;br/&gt;
               }&lt;br/&gt;
               // else ignore&lt;br/&gt;
           }&lt;/p&gt;</description>
                <environment>&lt;p&gt;Operating System: other&lt;br/&gt;
Platform: Other&lt;/p&gt;</environment>
        <key id="12342781">CLI-2</key>
            <summary>[cli] Wrong usage summary</summary>
                <type id="1" iconUrl="https://issues.apache.org/jira/secure/viewavatar?size=xsmall&amp;avatarId=21133&amp;avatarType=issuetype">Bug</type>
                                            <priority id="3" iconUrl="https://issues.apache.org/jira/images/icons/priorities/major.svg">Major</priority>
                        <status id="6" iconUrl="https://issues.apache.org/jira/images/icons/statuses/closed.png" description="The issue is considered finished, the resolution is correct. Issues which are not closed can be reopened.">Closed</status>
                    <statusCategory id="3" key="done" colorName="green" />
                                    <resolution id="1">Fixed</resolution>
                                        <assignee username="-1">Unassigned</assignee>
                                    <reporter username="gepas@sinonet.de">L.Gao</reporter>
                        <labels>
                    </labels>
                <created>Thu, 8 Dec 2005 21:27:15 +0000</created>
                <updated>Thu, 15 Mar 2007 16:49:08 +0000</updated>
                            <resolved>Thu, 15 Mar 2007 16:49:08 +0000</resolved>
                                    <version>1.0</version>
                                    <fixVersion>1.1</fixVersion>
                                    <component>CLI-1.x</component>
                        <due />
                            <votes>0</votes>
                                    <watches>0</watches>
                                                                <comments>
                            <comment id="12411037" author="mvdb@apache.org" created="Sat, 11 Feb 2006 07:00:08 +0000">&lt;p&gt;This is sort of already in svn (don't know if that was based on your report&lt;br/&gt;
though) . At least your if and the write of [ and ] has been moved to another&lt;br/&gt;
method.&lt;/p&gt;</comment>
                    </comments>
                    <attachments>
                    </attachments>
                <subtasks>
                    </subtasks>
                <customfields>
                                                                                                                                                                                                                                                                                                                                                                                                                                                                                                                                                                                                    <customfield id="customfield_10010" key="com.atlassian.jira.plugin.system.customfieldtypes:importid">
                        <customfieldname>Bugzilla Id</customfieldname>
                        <customfieldvalues>
                            <customfieldvalue>37838</customfieldvalue>
                        </customfieldvalues>
                    </customfield>
                                                                                                                                                    <customfield id="customfield_12314020" key="com.atlassian.jira.plugins.jira-development-integration-plugin:devsummary">
                        <customfieldname>Development</customfieldname>
                        <customfieldvalues>
                            
                        </customfieldvalues>
                    </customfield>
                                                                                                                        <customfield id="customfield_12313422" key="com.atlassian.jirafisheyeplugin:jobcheckbox">
                        <customfieldname>Enable Automatic Patch Review</customfieldname>
                        <customfieldvalues>
                            <customfieldvalue>false</customfieldvalue>

                        </customfieldvalues>
                    </customfield>
                                                                                                                                                                                                                                                                                                                                                                                                                                                                                                                                                                                                                                                <customfield id="customfield_12310420" key="com.pyxis.greenhopper.jira:gh-global-rank">
                        <customfieldname>Global Rank</customfieldname>
                        <customfieldvalues>
                            <customfieldvalue>107804</customfieldvalue>
                        </customfieldvalues>
                    </customfield>
                                                                                                                                                                                                                                                                                                                                                                                                                                                                        <customfield id="customfield_12311820" key="com.pyxis.greenhopper.jira:gh-lexo-rank">
                        <customfieldname>Rank</customfieldname>
                        <customfieldvalues>
                            <customfieldvalue>0|i0fs07:</customfieldvalue>

                        </customfieldvalues>
                    </customfield>
                                                                <customfield id="customfield_12310920" key="com.pyxis.greenhopper.jira:gh-global-rank">
                        <customfieldname>Rank (Obsolete)</customfieldname>
                        <customfieldvalues>
                            <customfieldvalue>90134</customfieldvalue>
                        </customfieldvalues>
                    </customfield>
                                                                                                                                                                                                                                                                                                                                                                                                                                                                                                                                                                                                                                                                                                                                                                                            </customfields>
    </item>


</channel>
</rss>