<rss version="0.92">
    <channel>
        <title>ASF JIRA</title>
        <link>https://issues.apache.org/jira/issues/?jql=project+%3D+CLI+and+type+%3D+bug+and+%28status+%3D+RESOLVED+or+status+%3D+closed%29</link>
        <description>An XML representation of a search request</description>
                <language>en-uk</language>
                        <issue start="0" end="155" total="155" />
                <build-info>
            <version>8.20.7</version>
            <build-number>820007</build-number>
            <build-date>16-03-2022</build-date>
        </build-info>

<item>
            <title>[CLI-128] Remove Commons-logging from CLI's pom.xml</title>
                <link>https://issues.apache.org/jira/browse/CLI-128</link>
                <project id="12310463" key="CLI">Commons CLI</project>
                    <description>&lt;p&gt;A search of the code in commons-cli 1.0 shows that CLI (rightly) doesn't do any logging, but just raises exceptions when things go wrong. However, the pom.xml states that commons-logging is a dependency, which isn't true. Instead of making users manually exclude commons-logging, it should be removed from the pom.xml. &lt;/p&gt;

&lt;p&gt;I hope that future versions will continue to be free from logging, as it's completely unnecessary for such a simple and elegant library. There's just no reason that a simple argument parser should ever need to log its status, except perhaps while fixing a bug--but those statements would be unlikely to be useful again and are better removed.&lt;/p&gt;</description>
                <environment>&lt;p&gt;N/A&lt;/p&gt;</environment>
        <key id="12365004">CLI-128</key>
            <summary>Remove Commons-logging from CLI's pom.xml</summary>
                <type id="1" iconUrl="https://issues.apache.org/jira/secure/viewavatar?size=xsmall&amp;avatarId=21133&amp;avatarType=issuetype">Bug</type>
                                            <priority id="4" iconUrl="https://issues.apache.org/jira/images/icons/priorities/minor.svg">Minor</priority>
                        <status id="6" iconUrl="https://issues.apache.org/jira/images/icons/statuses/closed.png" description="The issue is considered finished, the resolution is correct. Issues which are not closed can be reopened.">Closed</status>
                    <statusCategory id="3" key="done" colorName="green" />
                                    <resolution id="1">Fixed</resolution>
                                        <assignee username="-1">Unassigned</assignee>
                                    <reporter username="gerweck">Sarah Gerweck</reporter>
                        <labels>
                    </labels>
                <created>Thu, 15 Mar 2007 10:15:58 +0000</created>
                <updated>Thu, 15 Mar 2007 16:34:02 +0000</updated>
                            <resolved>Thu, 15 Mar 2007 16:34:02 +0000</resolved>
                                    <version>1.0</version>
                                                        <due />
                            <votes>0</votes>
                                    <watches>0</watches>
                                                                <comments>
                            <comment id="12481212" author="bayard" created="Thu, 15 Mar 2007 16:34:02 +0000">&lt;p&gt;None of the three separate branches of CLI (1.x, 2.x and avalon) have logging in their project.xml or pom.xmls. &lt;/p&gt;</comment>
                    </comments>
                    <attachments>
                    </attachments>
                <subtasks>
                    </subtasks>
                <customfields>
                                                                                                                                                                                                                                                                                                                                                                                                                                                                                                                                                                                                                                                                                                                    <customfield id="customfield_12314020" key="com.atlassian.jira.plugins.jira-development-integration-plugin:devsummary">
                        <customfieldname>Development</customfieldname>
                        <customfieldvalues>
                            
                        </customfieldvalues>
                    </customfield>
                                                                                                                        <customfield id="customfield_12313422" key="com.atlassian.jirafisheyeplugin:jobcheckbox">
                        <customfieldname>Enable Automatic Patch Review</customfieldname>
                        <customfieldvalues>
                            <customfieldvalue>false</customfieldvalue>

                        </customfieldvalues>
                    </customfield>
                                                                                                                                                                                                                                                                                                                                                                                                                                                                                                                                                                                                                                                <customfield id="customfield_12310420" key="com.pyxis.greenhopper.jira:gh-global-rank">
                        <customfieldname>Global Rank</customfieldname>
                        <customfieldvalues>
                            <customfieldvalue>107902</customfieldvalue>
                        </customfieldvalues>
                    </customfield>
                                                                                                                                                                                                                                                                                                                                                                                                                                                                        <customfield id="customfield_12311820" key="com.pyxis.greenhopper.jira:gh-lexo-rank">
                        <customfieldname>Rank</customfieldname>
                        <customfieldvalues>
                            <customfieldvalue>0|i0fs3j:</customfieldvalue>

                        </customfieldvalues>
                    </customfield>
                                                                <customfield id="customfield_12310920" key="com.pyxis.greenhopper.jira:gh-global-rank">
                        <customfieldname>Rank (Obsolete)</customfieldname>
                        <customfieldvalues>
                            <customfieldvalue>90149</customfieldvalue>
                        </customfieldvalues>
                    </customfield>
                                                                                                                                                                                                                                                                                                                                                                                                                                                                                                                                                                                                                                                                                                                                                                                            </customfields>
    </item>


</channel>
</rss>