<rss version="0.92">
    <channel>
        <title>ASF JIRA</title>
        <link>https://issues.apache.org/jira/issues/?jql=project+%3D+CLI+and+type+%3D+bug+and+%28status+%3D+RESOLVED+or+status+%3D+closed%29</link>
        <description>An XML representation of a search request</description>
                <language>en-uk</language>
                        <issue start="0" end="155" total="155" />
                <build-info>
            <version>8.20.7</version>
            <build-number>820007</build-number>
            <build-date>16-03-2022</build-date>
        </build-info>

<item>
            <title>[CLI-154] Incomplete usage documentation about Java property option</title>
                <link>https://issues.apache.org/jira/browse/CLI-154</link>
                <project id="12310463" key="CLI">Commons CLI</project>
                    <description>&lt;p&gt;On Usage Scenarios page &lt;a href="http://jakarta.apache.org/commons/cli/usage.html" class="external-link" target="_blank" rel="nofollow noopener"&gt;http://jakarta.apache.org/commons/cli/usage.html&lt;/a&gt;, in the "Java property option" section of "Ant example", after the creation of the property Option, ie :&lt;/p&gt;

&lt;p&gt;Option property  = OptionBuilder.withArgName( "property=value" )&lt;br/&gt;
                                .hasArg()&lt;br/&gt;
                                .withValueSeparator()&lt;br/&gt;
                                .withDescription( "use value for given property" )&lt;br/&gt;
                                .create( "D" );&lt;/p&gt;

&lt;p&gt;One should add :&lt;/p&gt;

&lt;p&gt;property.setArgs(Option.UNLIMITED_VALUES);&lt;/p&gt;

&lt;p&gt;for the example to work properly.&lt;/p&gt;

&lt;p&gt;In the "Querying the commandline" section, the code line :&lt;br/&gt;
    this.buildfile = line.getValue( "buildfile" );&lt;/p&gt;

&lt;p&gt;should be :&lt;br/&gt;
    this.buildfile = line.getOptionValue( "buildfile" );&lt;/p&gt;


&lt;p&gt;Also some parsing code could be given about the special property option, for instance :&lt;/p&gt;

&lt;p&gt;Properties props = new Properties();&lt;/p&gt;

&lt;p&gt;if( line.hasOption( "D" ) ) {&lt;/p&gt;

&lt;p&gt;    String[] args = line.getOptionValues( "D" );&lt;/p&gt;

&lt;p&gt;    for (int i = 0; i &amp;lt; args.length; i += 2) &lt;/p&gt;
{
        String propertyName = args[i];
        String propertyValue = null;

        if (i + 1 &amp;lt; args.length)
            propertyValue = args[i + 1];

        props.put(propertyName, propertyValue);
    }
&lt;p&gt;}&lt;/p&gt;</description>
                <environment />
        <key id="12395048">CLI-154</key>
            <summary>Incomplete usage documentation about Java property option</summary>
                <type id="1" iconUrl="https://issues.apache.org/jira/secure/viewavatar?size=xsmall&amp;avatarId=21133&amp;avatarType=issuetype">Bug</type>
                                            <priority id="3" iconUrl="https://issues.apache.org/jira/images/icons/priorities/major.svg">Major</priority>
                        <status id="6" iconUrl="https://issues.apache.org/jira/images/icons/statuses/closed.png" description="The issue is considered finished, the resolution is correct. Issues which are not closed can be reopened.">Closed</status>
                    <statusCategory id="3" key="done" colorName="green" />
                                    <resolution id="1">Fixed</resolution>
                                        <assignee username="-1">Unassigned</assignee>
                                    <reporter username="haution">HAUTION Philippe</reporter>
                        <labels>
                    </labels>
                <created>Wed, 30 Apr 2008 09:00:38 +0000</created>
                <updated>Fri, 6 Feb 2009 06:59:43 +0000</updated>
                            <resolved>Fri, 13 Jun 2008 17:15:20 +0000</resolved>
                                    <version>1.0</version>
                    <version>1.1</version>
                                    <fixVersion>1.2</fixVersion>
                                    <component>Documentation</component>
                        <due />
                            <votes>0</votes>
                                    <watches>1</watches>
                                    <timeoriginalestimate seconds="3600">1h</timeoriginalestimate>
                            <timeestimate seconds="3600">1h</timeestimate>
                                        <comments>
                            <comment id="12595132" author="bayard" created="Thu, 8 May 2008 07:00:16 +0000">&lt;p&gt;The first one appears to be a result of the change from unlimited to one value reported in &lt;a href="https://issues.apache.org/jira/browse/CLI-137" title="Change of behaviour 1.0 -&amp;gt; 1.1" class="issue-link" data-issue-key="CLI-137"&gt;&lt;del&gt;CLI-137&lt;/del&gt;&lt;/a&gt;. Change will depend on the resolution to that issue.&lt;/p&gt;

&lt;p&gt;I've fixed the second one.&lt;/p&gt;

&lt;p&gt;Haven't looked at the third one yet.&lt;/p&gt;</comment>
                            <comment id="12595133" author="bayard" created="Thu, 8 May 2008 07:02:20 +0000">&lt;p&gt;Additionally, looks like the solution to the first is to have .hasArgs() rather than .hasArg()&lt;/p&gt;</comment>
                            <comment id="12595220" author="haution" created="Thu, 8 May 2008 12:57:58 +0000">&lt;p&gt;Yes, you are right, using Option.hasArgs() instead of Option.hasArg() is a simpler solution to the first issue than doing a .setArgs(Option.UNLIMITED_VALUES).&lt;/p&gt;</comment>
                            <comment id="12601023" author="bayard" created="Fri, 30 May 2008 06:13:45 +0000">&lt;p&gt;The hasArg-&amp;gt;hasArgs change has been made.&lt;/p&gt;</comment>
                            <comment id="12604917" author="ebourg" created="Fri, 13 Jun 2008 15:53:10 +0000">&lt;p&gt;Now that &lt;a href="https://issues.apache.org/jira/browse/CLI-137" title="Change of behaviour 1.0 -&amp;gt; 1.1" class="issue-link" data-issue-key="CLI-137"&gt;&lt;del&gt;CLI-137&lt;/del&gt;&lt;/a&gt; is fixed I changed the doc to use hasArgs(2) instead of hasArgs(), otherwise the -D option collects the remaning arguments (for example with -Dfoo=bar myapp.jar, the option would receive the jar as its 3rd value)&lt;/p&gt;

&lt;p&gt;Regarding the parsing of the properties, the current API is clearly inconvenient. The CommandLine class should provide a method to access them easily, something like:&lt;/p&gt;

&lt;div class="code panel" style="border-width: 1px;"&gt;&lt;div class="codeContent panelContent"&gt;
&lt;pre class="code-java"&gt;Properties props = cmdline.getOptionProperties(&lt;span class="code-quote"&gt;"D"&lt;/span&gt;);
&lt;span class="code-object"&gt;String&lt;/span&gt; value = props.get(&lt;span class="code-quote"&gt;"foo"&lt;/span&gt;);
&lt;/pre&gt;
&lt;/div&gt;&lt;/div&gt;</comment>
                            <comment id="12604932" author="ebourg" created="Fri, 13 Jun 2008 17:15:20 +0000">&lt;p&gt;Method added and documented.&lt;/p&gt;</comment>
                    </comments>
                    <attachments>
                    </attachments>
                <subtasks>
                    </subtasks>
                <customfields>
                                                                                                                                                                                                                                                                                                                                                                                                                                                                                                                                                                                                                                                                                                                    <customfield id="customfield_12314020" key="com.atlassian.jira.plugins.jira-development-integration-plugin:devsummary">
                        <customfieldname>Development</customfieldname>
                        <customfieldvalues>
                            
                        </customfieldvalues>
                    </customfield>
                                                                                                                        <customfield id="customfield_12313422" key="com.atlassian.jirafisheyeplugin:jobcheckbox">
                        <customfieldname>Enable Automatic Patch Review</customfieldname>
                        <customfieldvalues>
                            <customfieldvalue>false</customfieldvalue>

                        </customfieldvalues>
                    </customfield>
                                                                                                                                                                                                                                                                                                                                                                                                                                                                                                                                                                                                                                                <customfield id="customfield_12310420" key="com.pyxis.greenhopper.jira:gh-global-rank">
                        <customfieldname>Global Rank</customfieldname>
                        <customfieldvalues>
                            <customfieldvalue>107919</customfieldvalue>
                        </customfieldvalues>
                    </customfield>
                                                                                                                                                                                                                                                                                                                                                                                                                                                                        <customfield id="customfield_12311820" key="com.pyxis.greenhopper.jira:gh-lexo-rank">
                        <customfieldname>Rank</customfieldname>
                        <customfieldvalues>
                            <customfieldvalue>0|i0fro7:</customfieldvalue>

                        </customfieldvalues>
                    </customfield>
                                                                <customfield id="customfield_12310920" key="com.pyxis.greenhopper.jira:gh-global-rank">
                        <customfieldname>Rank (Obsolete)</customfieldname>
                        <customfieldvalues>
                            <customfieldvalue>90080</customfieldvalue>
                        </customfieldvalues>
                    </customfield>
                                                                                                                                                                                                                                                                                                                                                                                                                                                                                                                                                                                                                                                                                                                                                                                            </customfields>
    </item>


</channel>
</rss>