<rss version="0.92">
    <channel>
        <title>ASF JIRA</title>
        <link>https://issues.apache.org/jira/issues/?jql=project+%3D+CLI+and+type+%3D+bug+and+%28status+%3D+RESOLVED+or+status+%3D+closed%29</link>
        <description>An XML representation of a search request</description>
                <language>en-uk</language>
                        <issue start="0" end="155" total="155" />
                <build-info>
            <version>8.20.7</version>
            <build-number>820007</build-number>
            <build-date>16-03-2022</build-date>
        </build-info>

<item>
            <title>[CLI-145] ArgumentBuilder.withMaximum causes parse errors: Unexpeced &lt;value&gt; while processing options</title>
                <link>https://issues.apache.org/jira/browse/CLI-145</link>
                <project id="12310463" key="CLI">Commons CLI</project>
                    <description>&lt;p&gt;With the sample program below, running with the arguments&lt;/p&gt;

&lt;p&gt;  -a 0 -b 1 2 3 4&lt;/p&gt;

&lt;p&gt;causes the error:&lt;/p&gt;

&lt;p&gt;Unexpected 3 while processing options                                           &lt;br/&gt;
Usage:                                                                          &lt;br/&gt;
 [-a &amp;lt;a1&amp;gt; &lt;span class="error"&gt;&amp;#91;&amp;lt;a2&amp;gt; ...&amp;#93;&lt;/span&gt; -b &amp;lt;b1&amp;gt; &amp;lt;b2&amp;gt; [&amp;lt;b3&amp;gt; &lt;span class="error"&gt;&amp;#91;&amp;lt;b4&amp;gt;&amp;#93;&lt;/span&gt;]]                                &lt;br/&gt;
options                                                                         &lt;br/&gt;
  &lt;del&gt;a (&lt;/del&gt;-a) a &lt;span class="error"&gt;&amp;#91;a ...&amp;#93;&lt;/span&gt;                                                            &lt;br/&gt;
  &lt;del&gt;b (&lt;/del&gt;-b) b b [b &lt;span class="error"&gt;&amp;#91;b&amp;#93;&lt;/span&gt;]                                                          &lt;/p&gt;

&lt;p&gt;I specified .withMinimum(2).withMaximum(4) &lt;br/&gt;
The help is correct, but the value '3' is not added as a value.&lt;/p&gt;

&lt;p&gt;Note also that if for bOption, if you add two more defaults (uncomment them in the source)&lt;/p&gt;

&lt;p&gt;            .withDefault("10000")&lt;br/&gt;
            .withDefault("1000000")&lt;/p&gt;

&lt;p&gt;an error is raised (incorrectly) on the first b value (i.e. 1 instead of 3) :&lt;/p&gt;

&lt;p&gt;Unexpected 1 while processing options         &lt;br/&gt;
Usage:                                                                          &lt;br/&gt;
 [-a &amp;lt;a1&amp;gt; &lt;span class="error"&gt;&amp;#91;&amp;lt;a2&amp;gt; ...&amp;#93;&lt;/span&gt; -b &amp;lt;b1&amp;gt; &amp;lt;b2&amp;gt; [&amp;lt;b3&amp;gt; &lt;span class="error"&gt;&amp;#91;&amp;lt;b4&amp;gt;&amp;#93;&lt;/span&gt;]]                                &lt;br/&gt;
options                                                                         &lt;br/&gt;
  &lt;del&gt;a (&lt;/del&gt;-a) a &lt;span class="error"&gt;&amp;#91;a ...&amp;#93;&lt;/span&gt;                                                            &lt;br/&gt;
  &lt;del&gt;b (&lt;/del&gt;-b) b b [b &lt;span class="error"&gt;&amp;#91;b&amp;#93;&lt;/span&gt;]&lt;/p&gt;


&lt;p&gt;Source:&lt;/p&gt;

&lt;p&gt;package org.apache.commons.cli2.issues;&lt;/p&gt;

&lt;p&gt;import java.util.List;&lt;br/&gt;
import org.apache.commons.cli2.CommandLine;&lt;br/&gt;
import org.apache.commons.cli2.Group;&lt;br/&gt;
import org.apache.commons.cli2.builder.ArgumentBuilder;&lt;br/&gt;
import org.apache.commons.cli2.builder.DefaultOptionBuilder;&lt;br/&gt;
import org.apache.commons.cli2.builder.GroupBuilder;&lt;br/&gt;
import org.apache.commons.cli2.commandline.Parser;&lt;br/&gt;
import org.apache.commons.cli2.option.DefaultOption;&lt;/p&gt;

&lt;p&gt;public class WithMinimum&lt;br/&gt;
{&lt;br/&gt;
   public static void main(String[] args)&lt;/p&gt;
   {
      final DefaultOptionBuilder obuilder = new DefaultOptionBuilder();
      final ArgumentBuilder abuilder = new ArgumentBuilder();
      final GroupBuilder gbuilder = new GroupBuilder();
      DefaultOption aOption = obuilder//
            .withShortName("a")
            .withLongName("a")
            .withArgument(abuilder
                  .withName("a")
                  .withDefault("10")
                  .create())
            .create();
      DefaultOption bOption = obuilder
      .withShortName("b")
      .withLongName("b")
      .withArgument(abuilder
            .withName("b")
            .withMinimum(2)
            .withMaximum(4)
            .withDefault("100")
            .withDefault("1000")
//            .withDefault("10000")
//            .withDefault("1000000")
            .create())
      .create();
      Group options = gbuilder
            .withName("options")
            .withOption(aOption)
            .withOption(bOption)
            .create();
      Parser parser = new Parser();
      parser.setHelpTrigger("--help");
      parser.setGroup(options);
      CommandLine cl = parser.parseAndHelp(args);
      if (cl == null)
         System.exit(1);
      int a = Integer.parseInt(cl.getValue(aOption).toString());
      List b = cl.getValues(bOption);
      System.out.printf("a=%d b=%s%n", a, b);
   }
&lt;p&gt;}&lt;/p&gt;</description>
                <environment>&lt;p&gt;Windows XP&lt;/p&gt;</environment>
        <key id="12376252">CLI-145</key>
            <summary>ArgumentBuilder.withMaximum causes parse errors: Unexpeced &lt;value&gt; while processing options</summary>
                <type id="1" iconUrl="https://issues.apache.org/jira/secure/viewavatar?size=xsmall&amp;avatarId=21133&amp;avatarType=issuetype">Bug</type>
                                            <priority id="3" iconUrl="https://issues.apache.org/jira/images/icons/priorities/major.svg">Major</priority>
                        <status id="6" iconUrl="https://issues.apache.org/jira/images/icons/statuses/closed.png" description="The issue is considered finished, the resolution is correct. Issues which are not closed can be reopened.">Closed</status>
                    <statusCategory id="3" key="done" colorName="green" />
                                    <resolution id="1">Fixed</resolution>
                                        <assignee username="-1">Unassigned</assignee>
                                    <reporter username="djb">David Biesack</reporter>
                        <labels>
                    </labels>
                <created>Fri, 17 Aug 2007 16:48:57 +0000</created>
                <updated>Mon, 9 Jun 2008 13:48:22 +0000</updated>
                            <resolved>Mon, 9 Jun 2008 07:27:15 +0000</resolved>
                                                    <fixVersion>2.0</fixVersion>
                                    <component>CLI-2.x</component>
                        <due />
                            <votes>0</votes>
                                    <watches>1</watches>
                                                                <comments>
                            <comment id="12521351" author="brianegge" created="Tue, 21 Aug 2007 07:52:05 +0000">&lt;p&gt;It seems the argumentCount option in ArgumentImpl was trying to do more than one thing, or do something clever.  It was getting set to the number of default options, which David's example was 2.  Once it parsed two additional options, it would reach 4, and throw an exception.  Simply setting the count to zero seems to fix the problem.  &lt;/p&gt;

&lt;p&gt;This caused 'BugLoopingOptionLookAlikeTest' to throw an Argument Unexpected Value instead of Unexpected Token message.  I'm not sure which is more correct.&lt;/p&gt;

&lt;p&gt;I changed option so it can assert on message tokens and not the message strings from the resource bundle.   &lt;/p&gt;</comment>
                            <comment id="12603492" author="bayard" created="Mon, 9 Jun 2008 07:27:15 +0000">&lt;p&gt;svn ci -m "Applying Brian Egge's patch to &lt;a href="https://issues.apache.org/jira/browse/CLI-145" title="ArgumentBuilder.withMaximum causes parse errors: Unexpeced &amp;lt;value&amp;gt; while processing options" class="issue-link" data-issue-key="CLI-145"&gt;&lt;del&gt;CLI-145&lt;/del&gt;&lt;/a&gt;, fixing things so the withMinimum/withMaximum works correctly" src&lt;br/&gt;
Sending        src/java/org/apache/commons/cli2/OptionException.java&lt;br/&gt;
Sending        src/java/org/apache/commons/cli2/option/ArgumentImpl.java&lt;br/&gt;
Adding         src/test/org/apache/commons/cli2/bug/BugCLI145Test.java&lt;br/&gt;
Sending        src/test/org/apache/commons/cli2/bug/BugLoopingOptionLookAlikeTest.java&lt;br/&gt;
Transmitting file data ....&lt;br/&gt;
Committed revision 664644.&lt;/p&gt;</comment>
                            <comment id="12603567" author="djb" created="Mon, 9 Jun 2008 13:48:22 +0000">&lt;p&gt;fix verified in my app&lt;/p&gt;</comment>
                    </comments>
                    <attachments>
                            <attachment id="12364212" name="CLI145.patch" size="7159" author="brianegge" created="Tue, 21 Aug 2007 07:52:05 +0000" />
                    </attachments>
                <subtasks>
                    </subtasks>
                <customfields>
                                                                                                                                                                                                                                                                                                                                                                                                                                                                                                                                                                                                                                                                                                                    <customfield id="customfield_12314020" key="com.atlassian.jira.plugins.jira-development-integration-plugin:devsummary">
                        <customfieldname>Development</customfieldname>
                        <customfieldvalues>
                            
                        </customfieldvalues>
                    </customfield>
                                                                                                                        <customfield id="customfield_12313422" key="com.atlassian.jirafisheyeplugin:jobcheckbox">
                        <customfieldname>Enable Automatic Patch Review</customfieldname>
                        <customfieldvalues>
                            <customfieldvalue>false</customfieldvalue>

                        </customfieldvalues>
                    </customfield>
                                                                                                                                                                                                                                                                                                                                                                                                                                                                                                                                                                                                                                                <customfield id="customfield_12310420" key="com.pyxis.greenhopper.jira:gh-global-rank">
                        <customfieldname>Global Rank</customfieldname>
                        <customfieldvalues>
                            <customfieldvalue>107913</customfieldvalue>
                        </customfieldvalues>
                    </customfield>
                                                                                                                                                                                                                                                                                                                                                                                                                                                                        <customfield id="customfield_12311820" key="com.pyxis.greenhopper.jira:gh-lexo-rank">
                        <customfieldname>Rank</customfieldname>
                        <customfieldvalues>
                            <customfieldvalue>0|i0udof:</customfieldvalue>

                        </customfieldvalues>
                    </customfield>
                                                                <customfield id="customfield_12310920" key="com.pyxis.greenhopper.jira:gh-global-rank">
                        <customfieldname>Rank (Obsolete)</customfieldname>
                        <customfieldvalues>
                            <customfieldvalue>175357</customfieldvalue>
                        </customfieldvalues>
                    </customfield>
                                                                                                                                                                                                                                                                                                                                                                                                                                                                                                                                                                                                                                                                                                                                                                                            </customfields>
    </item>


</channel>
</rss>