<rss version="0.92">
    <channel>
        <title>ASF JIRA</title>
        <link>https://issues.apache.org/jira/issues/?jql=project+%3D+CLI+and+type+%3D+bug+and+%28status+%3D+RESOLVED+or+status+%3D+closed%29</link>
        <description>An XML representation of a search request</description>
                <language>en-uk</language>
                        <issue start="0" end="155" total="155" />
                <build-info>
            <version>8.20.7</version>
            <build-number>820007</build-number>
            <build-date>16-03-2022</build-date>
        </build-info>

<item>
            <title>[CLI-62] Error parsing options a-la Java property option</title>
                <link>https://issues.apache.org/jira/browse/CLI-62</link>
                <project id="12310463" key="CLI">Commons CLI</project>
                    <description>&lt;p&gt;import org.apache.commons.cli.*;&lt;/p&gt;




&lt;p&gt;public class Test {&lt;/p&gt;


&lt;p&gt;    public static void main( String[] args ) {&lt;/p&gt;


&lt;p&gt;	    try {&lt;/p&gt;


&lt;p&gt;	        Options options = new Options();&lt;/p&gt;


&lt;p&gt;	        options.addOption( OptionBuilder&lt;/p&gt;


&lt;p&gt;	                           .hasArg()&lt;/p&gt;


&lt;p&gt;	                           .withDescription( "Define a system property" )&lt;/p&gt;


&lt;p&gt;	                           .create( 'D' ) );&lt;/p&gt;


&lt;p&gt;	        CommandLineParser parser = new PosixParser();&lt;/p&gt;


&lt;p&gt;	        CommandLine cl = parser.parse( options, args );&lt;/p&gt;


&lt;p&gt;	        for (java.util.Iterator i = cl.iterator(); i.hasNext(); ) &lt;/p&gt;
{


	            System.err.println(i.next());


	        }


&lt;p&gt;	        System.err.println(cl.getArgList());&lt;/p&gt;


&lt;p&gt;	    } catch (Throwable e) &lt;/p&gt;
{


	        e.printStackTrace();


	    }


&lt;p&gt;    }&lt;/p&gt;


&lt;p&gt;}&lt;/p&gt;




&lt;p&gt;HOW TO REPRODUCE:&lt;/p&gt;


&lt;p&gt;Compile this example and run for example&lt;/p&gt;


&lt;p&gt;java -cp commons-cli-1.0-beta-2.jar:. Test -Da=b -Dc=d xxx&lt;/p&gt;




&lt;p&gt;OBSERVED RESULT:&lt;/p&gt;


&lt;p&gt;[ option: D  :: Define a system property ]&lt;/p&gt;


&lt;p&gt;&lt;span class="error"&gt;&amp;#91;c=d, xxx&amp;#93;&lt;/span&gt;&lt;/p&gt;




&lt;p&gt;EXPECTED RESULT:&lt;/p&gt;


&lt;p&gt;[ option: D  :: Define a system property ]&lt;/p&gt;


&lt;p&gt;[ option: D  :: Define a system property ]&lt;/p&gt;


&lt;p&gt;&lt;span class="error"&gt;&amp;#91;xxx&amp;#93;&lt;/span&gt;&lt;/p&gt;




&lt;p&gt;ADDITIONAL INFO:&lt;/p&gt;


&lt;p&gt;The error occured only in 1.0 version, versions 1.0-beta-2 and 1.0-beta-2-dev &lt;br/&gt;
have no such problem.&lt;/p&gt;</description>
                <environment>&lt;p&gt;Operating System: other&lt;br/&gt;
Platform: PC&lt;/p&gt;</environment>
        <key id="12340515">CLI-62</key>
            <summary>Error parsing options a-la Java property option</summary>
                <type id="1" iconUrl="https://issues.apache.org/jira/secure/viewavatar?size=xsmall&amp;avatarId=21133&amp;avatarType=issuetype">Bug</type>
                                            <priority id="3" iconUrl="https://issues.apache.org/jira/images/icons/priorities/major.svg">Major</priority>
                        <status id="6" iconUrl="https://issues.apache.org/jira/images/icons/statuses/closed.png" description="The issue is considered finished, the resolution is correct. Issues which are not closed can be reopened.">Closed</status>
                    <statusCategory id="3" key="done" colorName="green" />
                                    <resolution id="1">Fixed</resolution>
                                        <assignee username="-1">Unassigned</assignee>
                                    <reporter username="barancev">Alexei Barantsev</reporter>
                        <labels>
                    </labels>
                <created>Tue, 28 Jan 2003 17:32:17 +0000</created>
                <updated>Thu, 15 Mar 2007 16:49:16 +0000</updated>
                            <resolved>Thu, 15 Mar 2007 16:49:16 +0000</resolved>
                                    <version>1.0</version>
                                    <fixVersion>2.0</fixVersion>
                                    <component>CLI-2.x</component>
                        <due />
                            <votes>0</votes>
                                    <watches>0</watches>
                                                                <comments>
                            <comment id="12403521" author="jbjk" created="Wed, 29 Jan 2003 07:53:00 +0000">&lt;p&gt;I can confirm this bug.  The issue surrounds the support for multiple argument&lt;br/&gt;
values.  Currently the way to process this is by using hasArgs rather than&lt;br/&gt;
hasArg.  This will not work in this instance as the 'xxx' argument is also&lt;br/&gt;
interpreted as a value for the 'D' option.  This may require some API changes to&lt;br/&gt;
Option and OptionBuilder.&lt;/p&gt;</comment>
                            <comment id="12403522" author="jbjk" created="Wed, 29 Jan 2003 07:59:08 +0000">&lt;p&gt;When this is fixed then the maven JIRA should be updated:&lt;/p&gt;

&lt;p&gt;&lt;a href="http://jira.werken.com/secure/ViewIssue.jspa?key=MAVEN-219" class="external-link" target="_blank" rel="nofollow noopener"&gt;http://jira.werken.com/secure/ViewIssue.jspa?key=MAVEN-219&lt;/a&gt;&lt;/p&gt;</comment>
                            <comment id="12403523" author="roxspring" created="Tue, 17 Feb 2004 08:15:06 +0000">&lt;p&gt;I haven't tested it yet but cli2 shouldn't exhibit the same failure&lt;/p&gt;</comment>
                            <comment id="12403524" author="roxspring" created="Fri, 26 Mar 2004 09:24:17 +0000">&lt;p&gt;PropertyOption fixes the issue in CLI2.&lt;/p&gt;

&lt;p&gt;Also the maven guys seem happy so I don't think we need to hold the bug open for&lt;br/&gt;
them:&lt;br/&gt;
&lt;a href="http://jira.codehaus.org/secure/ViewIssue.jspa?key=MAVEN-219" class="external-link" target="_blank" rel="nofollow noopener"&gt;http://jira.codehaus.org/secure/ViewIssue.jspa?key=MAVEN-219&lt;/a&gt;&lt;/p&gt;

&lt;p&gt;Rob&lt;/p&gt;</comment>
                    </comments>
                    <attachments>
                    </attachments>
                <subtasks>
                    </subtasks>
                <customfields>
                                                                                                                                                                                                                                                                                                                                                                                                                                                                                                                                                                                                    <customfield id="customfield_10010" key="com.atlassian.jira.plugin.system.customfieldtypes:importid">
                        <customfieldname>Bugzilla Id</customfieldname>
                        <customfieldvalues>
                            <customfieldvalue>16484</customfieldvalue>
                        </customfieldvalues>
                    </customfield>
                                                                                                                                                    <customfield id="customfield_12314020" key="com.atlassian.jira.plugins.jira-development-integration-plugin:devsummary">
                        <customfieldname>Development</customfieldname>
                        <customfieldvalues>
                            
                        </customfieldvalues>
                    </customfield>
                                                                                                                        <customfield id="customfield_12313422" key="com.atlassian.jirafisheyeplugin:jobcheckbox">
                        <customfieldname>Enable Automatic Patch Review</customfieldname>
                        <customfieldvalues>
                            <customfieldvalue>false</customfieldvalue>

                        </customfieldvalues>
                    </customfield>
                                                                                                                                                                                                                                                                                                                                                                                                                                                                                                                                                                                                                                                <customfield id="customfield_12310420" key="com.pyxis.greenhopper.jira:gh-global-rank">
                        <customfieldname>Global Rank</customfieldname>
                        <customfieldvalues>
                            <customfieldvalue>40202</customfieldvalue>
                        </customfieldvalues>
                    </customfield>
                                                                                                                                                                                                                                                                                                                                                                                                                                                                        <customfield id="customfield_12311820" key="com.pyxis.greenhopper.jira:gh-lexo-rank">
                        <customfieldname>Rank</customfieldname>
                        <customfieldvalues>
                            <customfieldvalue>0|i0fs5r:</customfieldvalue>

                        </customfieldvalues>
                    </customfield>
                                                                <customfield id="customfield_12310920" key="com.pyxis.greenhopper.jira:gh-global-rank">
                        <customfieldname>Rank (Obsolete)</customfieldname>
                        <customfieldvalues>
                            <customfieldvalue>90159</customfieldvalue>
                        </customfieldvalues>
                    </customfield>
                                                                                                                                                                                                                                                                                                                                                                                                                                                                                                                                                                                                                                                                                                                                                                                            </customfields>
    </item>


</channel>
</rss>