<rss version="0.92">
    <channel>
        <title>ASF JIRA</title>
        <link>https://issues.apache.org/jira/issues/?jql=project+%3D+CLI+and+type+%3D+bug+and+%28status+%3D+RESOLVED+or+status+%3D+closed%29</link>
        <description>An XML representation of a search request</description>
                <language>en-uk</language>
                        <issue start="0" end="155" total="155" />
                <build-info>
            <version>8.20.7</version>
            <build-number>820007</build-number>
            <build-date>16-03-2022</build-date>
        </build-info>

<item>
            <title>[CLI-241] OptionValidator Implementation Does Not Agree With JavaDoc</title>
                <link>https://issues.apache.org/jira/browse/CLI-241</link>
                <project id="12310463" key="CLI">Commons CLI</project>
                    <description>&lt;p&gt;OptionValidator#validateOption&lt;/p&gt;

&lt;p&gt;It states in its JavaDoc that:&lt;/p&gt;

&lt;p&gt;Validates whether opt is a permissible Option shortOpt.  The rules that specify if the opt is valid are:&lt;/p&gt;
&lt;ul&gt;
	&lt;li&gt;it is not NULL&lt;/li&gt;
	&lt;li&gt;it is a single character that is either ' '(special case), '?', '@' or a letter&lt;/li&gt;
	&lt;li&gt;it is a multi characterthat only contains letters.&lt;/li&gt;
&lt;/ul&gt;


&lt;p&gt;The first check in the code though is:&lt;/p&gt;

&lt;p&gt;        // check that opt is not NULL&lt;br/&gt;
        if (opt == null)&lt;/p&gt;
        {
        	return;
        }


&lt;p&gt;Consider changing to...&lt;/p&gt;

&lt;p&gt;        // check that opt is not NULL&lt;br/&gt;
        if (opt == null)&lt;/p&gt;
        {
        	throw new IllegalArgumentException("The option cannot be NULL");
        }</description>
                <environment />
        <key id="12656273">CLI-241</key>
            <summary>OptionValidator Implementation Does Not Agree With JavaDoc</summary>
                <type id="1" iconUrl="https://issues.apache.org/jira/secure/viewavatar?size=xsmall&amp;avatarId=21133&amp;avatarType=issuetype">Bug</type>
                                            <priority id="3" iconUrl="https://issues.apache.org/jira/images/icons/priorities/major.svg">Major</priority>
                        <status id="6" iconUrl="https://issues.apache.org/jira/images/icons/statuses/closed.png" description="The issue is considered finished, the resolution is correct. Issues which are not closed can be reopened.">Closed</status>
                    <statusCategory id="3" key="done" colorName="green" />
                                    <resolution id="1">Fixed</resolution>
                                        <assignee username="-1">Unassigned</assignee>
                                    <reporter username="belugabehr">David Mollitor</reporter>
                        <labels>
                    </labels>
                <created>Thu, 4 Jul 2013 15:14:00 +0000</created>
                <updated>Sat, 9 May 2015 18:43:33 +0000</updated>
                            <resolved>Sat, 23 Nov 2013 15:35:51 +0000</resolved>
                                    <version>1.2</version>
                                    <fixVersion>1.3</fixVersion>
                                    <component>Validation</component>
                        <due />
                            <votes>0</votes>
                                    <watches>1</watches>
                                                                <comments>
                            <comment id="13830692" author="tn" created="Sat, 23 Nov 2013 15:35:51 +0000">&lt;p&gt;Clarified the javadoc of the method in r1544819.&lt;/p&gt;

&lt;p&gt;The validation is used by the OptionBuilder where the short option may be null.&lt;/p&gt;</comment>
                    </comments>
                    <attachments>
                    </attachments>
                <subtasks>
                    </subtasks>
                <customfields>
                                                                                                                                                                                                                                                                                                                                                                                                                                                                                                                                                                                                                                                                                                                    <customfield id="customfield_12314020" key="com.atlassian.jira.plugins.jira-development-integration-plugin:devsummary">
                        <customfieldname>Development</customfieldname>
                        <customfieldvalues>
                            
                        </customfieldvalues>
                    </customfield>
                                                                                                                        <customfield id="customfield_12313422" key="com.atlassian.jirafisheyeplugin:jobcheckbox">
                        <customfieldname>Enable Automatic Patch Review</customfieldname>
                        <customfieldvalues>
                            <customfieldvalue>false</customfieldvalue>

                        </customfieldvalues>
                    </customfield>
                                                                                                                                                                                                                                                                                                                                                                                                                                                                                                                                                                                                                                                <customfield id="customfield_12310420" key="com.pyxis.greenhopper.jira:gh-global-rank">
                        <customfieldname>Global Rank</customfieldname>
                        <customfieldvalues>
                            <customfieldvalue>336496</customfieldvalue>
                        </customfieldvalues>
                    </customfield>
                                                                                                                                                                                                                                                                                                                                                                                                                                                                        <customfield id="customfield_12311820" key="com.pyxis.greenhopper.jira:gh-lexo-rank">
                        <customfieldname>Rank</customfieldname>
                        <customfieldvalues>
                            <customfieldvalue>0|i1m1jb:</customfieldvalue>

                        </customfieldvalues>
                    </customfield>
                                                                <customfield id="customfield_12310920" key="com.pyxis.greenhopper.jira:gh-global-rank">
                        <customfieldname>Rank (Obsolete)</customfieldname>
                        <customfieldvalues>
                            <customfieldvalue>336820</customfieldvalue>
                        </customfieldvalues>
                    </customfield>
                                                                                                                                                                                                                                                                                                                                                                                                                                                                                                                                                                                                                                                                                                                                                                                            </customfields>
    </item>


</channel>
</rss>