<rss version="0.92">
    <channel>
        <title>ASF JIRA</title>
        <link>https://issues.apache.org/jira/issues/?jql=project+%3D+CONFIGURATION+and+type+%3D+bug+and+%28status+%3D+RESOLVED+or+status+%3D+closed%29+and+resolution+%3D+Fixed+and+fixVersion+%21%3D+None++and+affectedVersion+%21%3D+None++and+affectedVersion+%21%3D+%22Nightly+Build%22</link>
        <description>An XML representation of a search request</description>
                <language>en-uk</language>
                        <issue start="0" end="213" total="213" />
                <build-info>
            <version>8.20.1</version>
            <build-number>820001</build-number>
            <build-date>28-10-2021</build-date>
        </build-info>

<item>
            <title>[CONFIGURATION-396] In HierarchicalConfiguration$Node visits the ConfigurationKey  points to the parent path in visitAfterChildren call</title>
                <link>https://issues.apache.org/jira/browse/CONFIGURATION-396</link>
                <project id="12310467" key="CONFIGURATION">Commons Configuration</project>
                    <description>&lt;p&gt;When visiting a child the key is aggregated to have the child node name, and a call to visitBeforeChildren and grandChildren's visits are made.&lt;/p&gt;

&lt;p&gt;However, before calling  visitAfterChildren,  the resetting of the key to that of it's parent's, seems inconsistent.&lt;/p&gt;

&lt;p&gt;Last lines in visit(NodeVisitor visitor, ConfigurationKey key) &lt;/p&gt;

&lt;p&gt;            if (key != null)&lt;/p&gt;
            {
                key.setLength(length);
            }
&lt;p&gt;            visitor.visitAfterChildren(this, key);&lt;/p&gt;</description>
                <environment />
        <key id="12435577">CONFIGURATION-396</key>
            <summary>In HierarchicalConfiguration$Node visits the ConfigurationKey  points to the parent path in visitAfterChildren call</summary>
                <type id="1" iconUrl="https://issues.apache.org/jira/secure/viewavatar?size=xsmall&amp;avatarId=21133&amp;avatarType=issuetype">Bug</type>
                                            <priority id="3" iconUrl="https://issues.apache.org/jira/images/icons/priorities/major.svg">Major</priority>
                        <status id="6" iconUrl="https://issues.apache.org/jira/images/icons/statuses/closed.png" description="The issue is considered finished, the resolution is correct. Issues which are not closed can be reopened.">Closed</status>
                    <statusCategory id="3" key="done" colorName="green" />
                                    <resolution id="1">Fixed</resolution>
                                        <assignee username="oheger">Oliver Heger</assignee>
                                    <reporter username="vasanthaman">Vasanth Amana</reporter>
                        <labels>
                    </labels>
                <created>Mon, 14 Sep 2009 10:22:11 +0000</created>
                <updated>Thu, 8 Sep 2011 09:20:04 +0000</updated>
                            <resolved>Sun, 27 Sep 2009 20:08:40 +0000</resolved>
                                    <version>1.6</version>
                                    <fixVersion>1.7</fixVersion>
                                        <due />
                            <votes>0</votes>
                                    <watches>0</watches>
                                    <timeoriginalestimate seconds="3600">1h</timeoriginalestimate>
                            <timeestimate seconds="3600">1h</timeestimate>
                                        <comments>
                            <comment id="12759944" author="oliver.heger@t-online.de" created="Sat, 26 Sep 2009 20:24:50 +0000">&lt;p&gt;You are right, resetting the key before &lt;tt&gt;visitAfterChildren()&lt;/tt&gt; is inconsistent.&lt;/p&gt;

&lt;p&gt;Changing the order of the code fragment you pointed out - so that &lt;tt&gt;visitAfterChildren()&lt;/tt&gt; is called first and then the key is reset - obviously has no negative side effect. At least, all unit tests keep running. So I think we should change this.&lt;/p&gt;

&lt;p&gt;One remark however: The inner &lt;tt&gt;Node&lt;/tt&gt; and &lt;tt&gt;NodeVisitor&lt;/tt&gt; classes of &lt;tt&gt;HierarchicalConfiguration&lt;/tt&gt; exist only for reasons of backwards compatibility. New code should use the corresponding classes in the &lt;tt&gt;tree&lt;/tt&gt; package, i.e. &lt;tt&gt;ConfigurationNode&lt;/tt&gt; and &lt;tt&gt;ConfigurationNodeVisitor&lt;/tt&gt;. The &lt;tt&gt;ConfigurationNodeVisitor&lt;/tt&gt; interface does not provide a configuration key. This is due to the fact that different expression engines can be set which all can use a specific syntax for their property keys.&lt;/p&gt;</comment>
                            <comment id="12760093" author="oliver.heger@t-online.de" created="Sun, 27 Sep 2009 20:08:40 +0000">&lt;p&gt;A fix was applied in revision 819395. Thanks for spotting this.&lt;/p&gt;

&lt;p&gt;Note: This fix does not apply to the configuration2 branch; here the &lt;tt&gt;HierarchicalConfiguration.NodeVisitor&lt;/tt&gt; class has been removed.&lt;/p&gt;</comment>
                    </comments>
                    <attachments>
                    </attachments>
                <subtasks>
                    </subtasks>
                <customfields>
                                                                                                                                                                                                                                                                                                                                                                                                                                                                                                                                                                                                                                                                                                                    <customfield id="customfield_12314020" key="com.atlassian.jira.plugins.jira-development-integration-plugin:devsummary">
                        <customfieldname>Development</customfieldname>
                        <customfieldvalues>
                            
                        </customfieldvalues>
                    </customfield>
                                                                                                                        <customfield id="customfield_12313422" key="com.atlassian.jirafisheyeplugin:jobcheckbox">
                        <customfieldname>Enable Automatic Patch Review</customfieldname>
                        <customfieldvalues>
                            <customfieldvalue>false</customfieldvalue>

                        </customfieldvalues>
                    </customfield>
                                                                                                                                                                                                                                                                                                                                                                                                                                                                                                                                                                                                                                                <customfield id="customfield_12310420" key="com.pyxis.greenhopper.jira:gh-global-rank">
                        <customfieldname>Global Rank</customfieldname>
                        <customfieldvalues>
                            <customfieldvalue>33909</customfieldvalue>
                        </customfieldvalues>
                    </customfield>
                                                                                                                                                                                                                                                                                                                                                                                                                                                                        <customfield id="customfield_12311820" key="com.pyxis.greenhopper.jira:gh-lexo-rank">
                        <customfieldname>Rank</customfieldname>
                        <customfieldvalues>
                            <customfieldvalue>0|i0uokn:</customfieldvalue>

                        </customfieldvalues>
                    </customfield>
                                                                <customfield id="customfield_12310920" key="com.pyxis.greenhopper.jira:gh-global-rank">
                        <customfieldname>Rank (Obsolete)</customfieldname>
                        <customfieldvalues>
                            <customfieldvalue>177122</customfieldvalue>
                        </customfieldvalues>
                    </customfield>
                                                                                                                                                                                                                                                                                                                                                                                                                                                                                                                                                                                                                                                                                                                                                                                            </customfields>
    </item>


</channel>
</rss>