<rss version="0.92">
    <channel>
        <title>ASF JIRA</title>
        <link>https://issues.apache.org/jira/issues/?jql=project+%3D+CONFIGURATION+and+type+%3D+bug+and+%28status+%3D+RESOLVED+or+status+%3D+closed%29+and+resolution+%3D+Fixed+and+fixVersion+%21%3D+None++and+affectedVersion+%21%3D+None++and+affectedVersion+%21%3D+%22Nightly+Build%22</link>
        <description>An XML representation of a search request</description>
                <language>en-uk</language>
                        <issue start="0" end="213" total="213" />
                <build-info>
            <version>8.20.1</version>
            <build-number>820001</build-number>
            <build-date>28-10-2021</build-date>
        </build-info>

<item>
            <title>[CONFIGURATION-403] XMLConfiguration isEmpty has altered behaviour between 1.4  and 1.6</title>
                <link>https://issues.apache.org/jira/browse/CONFIGURATION-403</link>
                <project id="12310467" key="CONFIGURATION">Commons Configuration</project>
                    <description>&lt;p&gt;Given xml configuration file&lt;/p&gt;
&lt;div class="code panel" style="border-width: 1px;"&gt;&lt;div class="codeContent panelContent"&gt;
&lt;pre class="code-xml"&gt; 
&lt;span class="code-tag"&gt;&amp;lt;?xml version=&lt;span class="code-quote"&gt;"1.0"&lt;/span&gt; encoding=&lt;span class="code-quote"&gt;"ISO-8859-1"&lt;/span&gt; ?&amp;gt;&lt;/span&gt;
&lt;span class="code-tag"&gt;&amp;lt;empty&amp;gt;&lt;/span&gt;&lt;span class="code-tag"&gt;&amp;lt;/empty&amp;gt;&lt;/span&gt;
&lt;/pre&gt;
&lt;/div&gt;&lt;/div&gt;

&lt;div class="code panel" style="border-width: 1px;"&gt;&lt;div class="codeContent panelContent"&gt;
&lt;pre class="code-java"&gt;XMLConfiguration xml = &lt;span class="code-keyword"&gt;new&lt;/span&gt; XMLConfiguration(file);
assertTrue(xml.isEmpty());
&lt;/pre&gt;
&lt;/div&gt;&lt;/div&gt;

&lt;p&gt;isEmpty() returned true on version 1.4 ?, now it returns false, and the configuration contains a single empty string as key.&lt;br/&gt;
Not sure if this should be considered a bug, but the documnetation reads: Checks if this configuration is empty. Empty means that there are no keys with any values, though there can be some (empty) nodes. &lt;/p&gt;
</description>
                <environment>&lt;p&gt;Windows Vista 64, JDK 1.6&lt;/p&gt;</environment>
        <key id="12445506">CONFIGURATION-403</key>
            <summary>XMLConfiguration isEmpty has altered behaviour between 1.4  and 1.6</summary>
                <type id="1" iconUrl="https://issues.apache.org/jira/secure/viewavatar?size=xsmall&amp;avatarId=21133&amp;avatarType=issuetype">Bug</type>
                                            <priority id="4" iconUrl="https://issues.apache.org/jira/images/icons/priorities/minor.svg">Minor</priority>
                        <status id="6" iconUrl="https://issues.apache.org/jira/images/icons/statuses/closed.png" description="The issue is considered finished, the resolution is correct. Issues which are not closed can be reopened.">Closed</status>
                    <statusCategory id="3" key="done" colorName="green" />
                                    <resolution id="1">Fixed</resolution>
                                        <assignee username="oheger">Oliver Heger</assignee>
                                    <reporter username="danielberg">Daniel Berg</reporter>
                        <labels>
                    </labels>
                <created>Thu, 14 Jan 2010 12:35:59 +0000</created>
                <updated>Thu, 8 Sep 2011 09:20:03 +0000</updated>
                            <resolved>Sat, 23 Jan 2010 16:44:50 +0000</resolved>
                                    <version>1.6</version>
                                    <fixVersion>1.7</fixVersion>
                                        <due />
                            <votes>0</votes>
                                    <watches>0</watches>
                                                                <comments>
                            <comment id="12800589" author="oliver.heger@t-online.de" created="Fri, 15 Jan 2010 06:55:26 +0000">&lt;p&gt;AFAICT this behavior was already changed in an earlier version of Commons Configuration in reaction to the ticket &lt;a href="https://issues.apache.org/jira/browse/CONFIGURATION-6" title="[configuration] XMLConfiguration inconsistency towards empty values" class="issue-link" data-issue-key="CONFIGURATION-6"&gt;&lt;del&gt;CONFIGURATION-6&lt;/del&gt;&lt;/a&gt;.&lt;/p&gt;

&lt;p&gt;IMO the new behavior is more consistent because it allows to distinguish between a configuration with no keys at all and a configuration that contains some empty keys. But maybe we should update the documentation to make clear what is meant by "empty".&lt;/p&gt;</comment>
                            <comment id="12800623" author="danielberg" created="Fri, 15 Jan 2010 08:48:42 +0000">&lt;p&gt;I agree that the behavior described in &lt;a href="https://issues.apache.org/jira/browse/CONFIGURATION-6" title="[configuration] XMLConfiguration inconsistency towards empty values" class="issue-link" data-issue-key="CONFIGURATION-6"&gt;&lt;del&gt;CONFIGURATION-6&lt;/del&gt;&lt;/a&gt; seems right for sub element but when applied to the outermost element I am unable to tell if any configuration is provided&lt;/p&gt;
&lt;div class="code panel" style="border-width: 1px;"&gt;&lt;div class="codeContent panelContent"&gt;
&lt;pre class="code-xml"&gt;&lt;span class="code-tag"&gt;&amp;lt;?xml version=&lt;span class="code-quote"&gt;"1.0"&lt;/span&gt; encoding=&lt;span class="code-quote"&gt;"ISO-8859-1"&lt;/span&gt; standalone=&lt;span class="code-quote"&gt;"no"&lt;/span&gt;?&amp;gt;&lt;/span&gt;
&lt;span class="code-tag"&gt;&amp;lt;empty/&amp;gt;&lt;/span&gt;
&lt;/pre&gt;
&lt;/div&gt;&lt;/div&gt;
&lt;div class="code panel" style="border-width: 1px;"&gt;&lt;div class="codeContent panelContent"&gt;
&lt;pre class="code-java"&gt;            XMLConfiguration xml = &lt;span class="code-keyword"&gt;new&lt;/span&gt; XMLConfiguration(file);
            &lt;span class="code-object"&gt;System&lt;/span&gt;.out.println(xml.isEmpty());
            &lt;span class="code-object"&gt;System&lt;/span&gt;.out.println(xml.getRootNode().getName());
            Iterator&amp;lt;&lt;span class="code-object"&gt;String&lt;/span&gt;&amp;gt; keys = xml.getKeys();
            &lt;span class="code-keyword"&gt;while&lt;/span&gt; (keys.hasNext()) {
                &lt;span class="code-object"&gt;String&lt;/span&gt; key = keys.next();
                &lt;span class="code-object"&gt;System&lt;/span&gt;.out.println(&lt;span class="code-quote"&gt;"Key:"&lt;/span&gt; + key + &lt;span class="code-quote"&gt;":"&lt;/span&gt;);
                &lt;span class="code-object"&gt;System&lt;/span&gt;.out.println(&lt;span class="code-quote"&gt;"Value:"&lt;/span&gt; + xml.getString(key) + &lt;span class="code-quote"&gt;":"&lt;/span&gt;);
            }
&lt;/pre&gt;
&lt;/div&gt;&lt;/div&gt;
&lt;p&gt;Prints the following:&lt;br/&gt;
false&lt;br/&gt;
empty&lt;br/&gt;
Key::&lt;br/&gt;
Value::&lt;/p&gt;

&lt;p&gt;Reporting there is one Key with a blank value, I feel there should be a difference on the outermost container element and the contained elements. &lt;/p&gt;

&lt;p&gt;The difference between root node being defined and being empty is not maintained. The code below demonstrates the inconsitency&lt;/p&gt;
&lt;div class="code panel" style="border-width: 1px;"&gt;&lt;div class="codeContent panelContent"&gt;
&lt;pre class="code-java"&gt;            XMLConfiguration xml1 = &lt;span class="code-keyword"&gt;new&lt;/span&gt; XMLConfiguration();
            &lt;span class="code-object"&gt;System&lt;/span&gt;.out.println(xml1.isEmpty());
            xml1.save(&lt;span class="code-quote"&gt;"text.xml"&lt;/span&gt;);
            xml1.load(&lt;span class="code-quote"&gt;"text.xml"&lt;/span&gt;);
            &lt;span class="code-object"&gt;System&lt;/span&gt;.out.println(xml1.isEmpty());            
&lt;/pre&gt;
&lt;/div&gt;&lt;/div&gt;
&lt;p&gt;Prints true&lt;br/&gt;
then false&lt;/p&gt;



</comment>
                            <comment id="12800674" author="danielberg" created="Fri, 15 Jan 2010 12:08:02 +0000">&lt;p&gt;patch alters HierarchicalConfiguration isEmpty to test for existense of attributes or children and add a testcase for xmlconfiguration, does not violate any other tests. &lt;/p&gt;</comment>
                            <comment id="12804104" author="oliver.heger@t-online.de" created="Sat, 23 Jan 2010 16:44:50 +0000">&lt;p&gt;Should be fixed in subversion now (revision 902439).&lt;/p&gt;

&lt;p&gt;I applied a slightly different solution: IMO the problem was caused by the load() method which used to assign the root node an empty text even if the XML root element had no content. So I added a condition here rather than in the isEmpty() method.&lt;/p&gt;

&lt;p&gt;Nevertheless thank you very much for the patch and your analyis.&lt;/p&gt;</comment>
                    </comments>
                <issuelinks>
                            <issuelinktype id="10030">
                    <name>Reference</name>
                                            <outwardlinks description="relates to">
                                        <issuelink>
            <issuekey id="12342425">CONFIGURATION-6</issuekey>
        </issuelink>
                            </outwardlinks>
                                                        </issuelinktype>
                    </issuelinks>
                <attachments>
                            <attachment id="12430390" name="configuration-403.patch" size="2219" author="danielberg" created="Fri, 15 Jan 2010 12:08:02 +0000" />
                    </attachments>
                <subtasks>
                    </subtasks>
                <customfields>
                                                                                                                                                                                                                                                                                                                                                                                                                                                                                                                                                                                                                                                                                                                    <customfield id="customfield_12314020" key="com.atlassian.jira.plugins.jira-development-integration-plugin:devsummary">
                        <customfieldname>Development</customfieldname>
                        <customfieldvalues>
                            
                        </customfieldvalues>
                    </customfield>
                                                                                                                        <customfield id="customfield_12313422" key="com.atlassian.jirafisheyeplugin:jobcheckbox">
                        <customfieldname>Enable Automatic Patch Review</customfieldname>
                        <customfieldvalues>
                            <customfieldvalue>false</customfieldvalue>

                        </customfieldvalues>
                    </customfield>
                                                                                                                                                                                                                                                                                                                                                                                                                                                                                                                                                                                                                                                <customfield id="customfield_12310420" key="com.pyxis.greenhopper.jira:gh-global-rank">
                        <customfieldname>Global Rank</customfieldname>
                        <customfieldvalues>
                            <customfieldvalue>33949</customfieldvalue>
                        </customfieldvalues>
                    </customfield>
                                                                                                                                                                                                                                                                                                                                                                                                                                                                        <customfield id="customfield_12311820" key="com.pyxis.greenhopper.jira:gh-lexo-rank">
                        <customfieldname>Rank</customfieldname>
                        <customfieldvalues>
                            <customfieldvalue>0|i0upwf:</customfieldvalue>

                        </customfieldvalues>
                    </customfield>
                                                                <customfield id="customfield_12310920" key="com.pyxis.greenhopper.jira:gh-global-rank">
                        <customfieldname>Rank (Obsolete)</customfieldname>
                        <customfieldvalues>
                            <customfieldvalue>177337</customfieldvalue>
                        </customfieldvalues>
                    </customfield>
                                                                                                                                                                                                                                                                                                                                                                                                                                                                                                                                                                                                                                                                                                                                                                                            </customfields>
    </item>


</channel>
</rss>