<rss version="0.92">
    <channel>
        <title>ASF JIRA</title>
        <link>https://issues.apache.org/jira/issues/?jql=project+%3D+CONFIGURATION+and+type+%3D+bug+and+%28status+%3D+RESOLVED+or+status+%3D+closed%29+and+resolution+%3D+Fixed+and+fixVersion+%21%3D+None++and+affectedVersion+%21%3D+None++and+affectedVersion+%21%3D+%22Nightly+Build%22</link>
        <description>An XML representation of a search request</description>
                <language>en-uk</language>
                        <issue start="0" end="213" total="213" />
                <build-info>
            <version>8.20.1</version>
            <build-number>820001</build-number>
            <build-date>28-10-2021</build-date>
        </build-info>

<item>
            <title>[CONFIGURATION-686] JSONConfiguration doesn't support array of objects</title>
                <link>https://issues.apache.org/jira/browse/CONFIGURATION-686</link>
                <project id="12310467" key="CONFIGURATION">Commons Configuration</project>
                    <description>&lt;p&gt;Hello,&lt;/p&gt;

&lt;p&gt;I have noticed that the array type is not properly handled by the JSONConfiguration (or AbstractYAMLBasedConfiguration)&lt;/p&gt;

&lt;p&gt;If we take the example from json.org&lt;/p&gt;

&lt;div class="preformatted panel" style="border-width: 1px;"&gt;&lt;div class="preformattedContent panelContent"&gt;
&lt;pre&gt;{
  "menu": {
    "id": "file",
    "value": "File",
    "popup": {
      "menuitem": [
        {
          "value": "New",
          "onclick": "CreateNewDoc()"
        },
        {
          "value": "Open",
          "onclick": "OpenDoc()"
        },
        {
          "value": "Close",
          "onclick": "CloseDoc()"
        }
      ]
    }
  }
}
&lt;/pre&gt;
&lt;/div&gt;&lt;/div&gt;

&lt;p&gt;I would have expect the following call to return "New" &lt;/p&gt;

&lt;div class="code panel" style="border-width: 1px;"&gt;&lt;div class="codeContent panelContent"&gt;
&lt;pre class="code-java"&gt;
configuration.getString(&lt;span class="code-quote"&gt;"menu.popup.menuitem(0).value"&lt;/span&gt;)
&lt;/pre&gt;
&lt;/div&gt;&lt;/div&gt;

&lt;p&gt;The issue, I guess, is that only the Map type is handled by AbstractYAMLBasedConfiguration in a recursive way and not the list type.&lt;/p&gt;

&lt;p&gt;I had a custom JSONConfiguration implementation before supporting this use case, sorry for the code, it could be a bit messy and old, but it is maybe clearer to understand my issue&lt;/p&gt;

&lt;div class="code panel" style="border-width: 1px;"&gt;&lt;div class="codeContent panelContent"&gt;
&lt;pre class="code-java"&gt;
@Override
    @SuppressWarnings(&lt;span class="code-quote"&gt;"unchecked"&lt;/span&gt;)
    &lt;span class="code-keyword"&gt;public&lt;/span&gt; void read(Reader in) &lt;span class="code-keyword"&gt;throws&lt;/span&gt; ConfigurationException {
        &lt;span class="code-keyword"&gt;try&lt;/span&gt; {
            &lt;span class="code-object"&gt;Object&lt;/span&gt; jsonRoot = MAPPER.readValue(in, &lt;span class="code-object"&gt;Object&lt;/span&gt;.class);
            List&amp;lt;ImmutableNode.Builder&amp;gt; roots = createHierarchy(jsonRoot);
            &lt;span class="code-keyword"&gt;if&lt;/span&gt; (roots.size() != 1) {
                &lt;span class="code-keyword"&gt;throw&lt;/span&gt; &lt;span class="code-keyword"&gt;new&lt;/span&gt; ConfigurationException(&lt;span class="code-quote"&gt;"The configuration only support a single root"&lt;/span&gt;);
            }
            getSubConfigurationParentModel().mergeRoot(roots.get(0).create(), &lt;span class="code-keyword"&gt;null&lt;/span&gt;, &lt;span class="code-keyword"&gt;null&lt;/span&gt;, &lt;span class="code-keyword"&gt;null&lt;/span&gt;, &lt;span class="code-keyword"&gt;null&lt;/span&gt;);
        } &lt;span class="code-keyword"&gt;catch&lt;/span&gt; (IOException ex) {
            &lt;span class="code-keyword"&gt;throw&lt;/span&gt; &lt;span class="code-keyword"&gt;new&lt;/span&gt; ConfigurationException(&lt;span class="code-quote"&gt;"Invalid JsonConfiguration"&lt;/span&gt;, ex);
        }
    }
 
    @SuppressWarnings(&lt;span class="code-quote"&gt;"unchecked"&lt;/span&gt;)
    &lt;span class="code-keyword"&gt;private&lt;/span&gt; &lt;span class="code-keyword"&gt;static&lt;/span&gt; List&amp;lt;ImmutableNode.Builder&amp;gt; createHierarchy(&lt;span class="code-object"&gt;Object&lt;/span&gt; value) {
        &lt;span class="code-keyword"&gt;if&lt;/span&gt; (value &lt;span class="code-keyword"&gt;instanceof&lt;/span&gt; Map) {
            ImmutableNode.Builder result = &lt;span class="code-keyword"&gt;new&lt;/span&gt; ImmutableNode.Builder();
            Map&amp;lt;&lt;span class="code-object"&gt;String&lt;/span&gt;, ?&amp;gt; map = (Map&amp;lt;&lt;span class="code-object"&gt;String&lt;/span&gt;, ?&amp;gt;) value;
            &lt;span class="code-keyword"&gt;for&lt;/span&gt; (Map.Entry&amp;lt;&lt;span class="code-object"&gt;String&lt;/span&gt;, ?&amp;gt; entry : map.entrySet()) {
                List&amp;lt;ImmutableNode.Builder&amp;gt; children = createHierarchy(entry.getValue());
                &lt;span class="code-keyword"&gt;for&lt;/span&gt; (ImmutableNode.Builder child : children) {
                    child.name(entry.getKey());
                    result.addChild(child.create());
                }
            }
            &lt;span class="code-keyword"&gt;return&lt;/span&gt; Collections.singletonList(result);
        } &lt;span class="code-keyword"&gt;else&lt;/span&gt; &lt;span class="code-keyword"&gt;if&lt;/span&gt; (value &lt;span class="code-keyword"&gt;instanceof&lt;/span&gt; List) {
            List list = (List) value;
            List&amp;lt;ImmutableNode.Builder&amp;gt; result = &lt;span class="code-keyword"&gt;new&lt;/span&gt; ArrayList&amp;lt;&amp;gt;(list.size());
            &lt;span class="code-keyword"&gt;for&lt;/span&gt; (&lt;span class="code-object"&gt;Object&lt;/span&gt; item : list) {
                List&amp;lt;ImmutableNode.Builder&amp;gt; children = createHierarchy(item);
                &lt;span class="code-keyword"&gt;for&lt;/span&gt; (ImmutableNode.Builder child : children) {
                    result.add(child);
                }
            }
            &lt;span class="code-keyword"&gt;return&lt;/span&gt; result;
        }
        ImmutableNode.Builder result = &lt;span class="code-keyword"&gt;new&lt;/span&gt; ImmutableNode.Builder();
        result.value(value);
        &lt;span class="code-keyword"&gt;return&lt;/span&gt; Collections.singletonList(result);
    }
&lt;/pre&gt;
&lt;/div&gt;&lt;/div&gt;
</description>
                <environment />
        <key id="13127384">CONFIGURATION-686</key>
            <summary>JSONConfiguration doesn't support array of objects</summary>
                <type id="1" iconUrl="https://issues.apache.org/jira/secure/viewavatar?size=xsmall&amp;avatarId=21133&amp;avatarType=issuetype">Bug</type>
                                            <priority id="3" iconUrl="https://issues.apache.org/jira/images/icons/priorities/major.svg">Major</priority>
                        <status id="6" iconUrl="https://issues.apache.org/jira/images/icons/statuses/closed.png" description="The issue is considered finished, the resolution is correct. Issues which are not closed can be reopened.">Closed</status>
                    <statusCategory id="3" key="done" colorName="green" />
                                    <resolution id="1">Fixed</resolution>
                                        <assignee username="-1">Unassigned</assignee>
                                    <reporter username="vmaurin_glispa">Vincent Maurin</reporter>
                        <labels>
                    </labels>
                <created>Wed, 27 Dec 2017 16:48:28 +0000</created>
                <updated>Wed, 8 Aug 2018 20:28:48 +0000</updated>
                            <resolved>Tue, 2 Jan 2018 20:01:28 +0000</resolved>
                                    <version>2.2</version>
                                    <fixVersion>2.3</fixVersion>
                                        <due />
                            <votes>0</votes>
                                    <watches>2</watches>
                                                                <comments>
                            <comment id="16306243" author="oliver.heger@t-online.de" created="Fri, 29 Dec 2017 12:24:05 +0000">&lt;p&gt;Thank you for the report and the solution proposal. I will have a look (probably in a couple of days).&lt;/p&gt;</comment>
                            <comment id="16308625" author="oliver.heger@t-online.de" created="Tue, 2 Jan 2018 20:01:28 +0000">&lt;p&gt;Fixed in SVN in revision 1819881.&lt;/p&gt;

&lt;p&gt;Support for lists with complex elements has been added. I also extended the test class to verify the new behavior. Can you please double-check if everything works as expected?&lt;/p&gt;

&lt;p&gt;Thanks.&lt;/p&gt;</comment>
                            <comment id="16311033" author="vmaurin_glispa" created="Thu, 4 Jan 2018 08:59:26 +0000">&lt;p&gt;Thank you for the quick patch &lt;a href="https://issues.apache.org/jira/secure/ViewProfile.jspa?name=oliver.heger%40t-online.de" class="user-hover" rel="oliver.heger@t-online.de"&gt;oliver.heger@t-online.de&lt;/a&gt;.&lt;/p&gt;

&lt;p&gt;My tests are working now with the revision 1819881 so I confirm it is working as expected.&lt;/p&gt;</comment>
                            <comment id="16312013" author="oliver.heger@t-online.de" created="Thu, 4 Jan 2018 20:53:06 +0000">&lt;p&gt;Thanks for the confirmation.&lt;/p&gt;</comment>
                    </comments>
                    <attachments>
                    </attachments>
                <subtasks>
                    </subtasks>
                <customfields>
                                                                                                                                                                                                                                                                                                                                                                                                                                                                                                                                                                                                                                                                                                                    <customfield id="customfield_12314020" key="com.atlassian.jira.plugins.jira-development-integration-plugin:devsummary">
                        <customfieldname>Development</customfieldname>
                        <customfieldvalues>
                            
                        </customfieldvalues>
                    </customfield>
                                                                                                                        <customfield id="customfield_12313422" key="com.atlassian.jirafisheyeplugin:jobcheckbox">
                        <customfieldname>Enable Automatic Patch Review</customfieldname>
                        <customfieldvalues>
                            <customfieldvalue>false</customfieldvalue>

                        </customfieldvalues>
                    </customfield>
                                                                                                                                                                                                                                                                                                                                                                                                                                                                                                                                                                                                                                                <customfield id="customfield_12310420" key="com.pyxis.greenhopper.jira:gh-global-rank">
                        <customfieldname>Global Rank</customfieldname>
                        <customfieldvalues>
                            <customfieldvalue>9223372036854775807</customfieldvalue>
                        </customfieldvalues>
                    </customfield>
                                                                                                                                                                                                                                                                                                                                                                                                                                                                        <customfield id="customfield_12311820" key="com.pyxis.greenhopper.jira:gh-lexo-rank">
                        <customfieldname>Rank</customfieldname>
                        <customfieldvalues>
                            <customfieldvalue>0|i3obi7:</customfieldvalue>

                        </customfieldvalues>
                    </customfield>
                                                                <customfield id="customfield_12310920" key="com.pyxis.greenhopper.jira:gh-global-rank">
                        <customfieldname>Rank (Obsolete)</customfieldname>
                        <customfieldvalues>
                            <customfieldvalue>9223372036854775807</customfieldvalue>
                        </customfieldvalues>
                    </customfield>
                                                                                                                                                                                                                                                                                                                                                                                                                                                                                                                                                                                                                                                                                                                                                                                            </customfields>
    </item>


</channel>
</rss>