<rss version="0.92">
    <channel>
        <title>ASF JIRA</title>
        <link>https://issues.apache.org/jira/issues/?jql=project+%3D+CONFIGURATION+and+type+%3D+bug+and+%28status+%3D+RESOLVED+or+status+%3D+closed%29+and+resolution+%3D+Fixed+and+fixVersion+%21%3D+None++and+affectedVersion+%21%3D+None++and+affectedVersion+%21%3D+%22Nightly+Build%22</link>
        <description>An XML representation of a search request</description>
                <language>en-uk</language>
                        <issue start="0" end="213" total="213" />
                <build-info>
            <version>8.20.1</version>
            <build-number>820001</build-number>
            <build-date>28-10-2021</build-date>
        </build-info>

<item>
            <title>[CONFIGURATION-521] fileFromUrl: decoding of encoded % character does not work</title>
                <link>https://issues.apache.org/jira/browse/CONFIGURATION-521</link>
                <project id="12310467" key="CONFIGURATION">Commons Configuration</project>
                    <description>&lt;p&gt;If ConfigurationUtils.fileFromUrl(URL) should create a file from a URL containing an enoced % sign (%25), then it does not work.&lt;/p&gt;

&lt;p&gt;I saw that the code apache.commons.io now is really different, but seems to work. Why isn't apache.commons.io directly used?&lt;/p&gt;</description>
                <environment />
        <key id="12628020">CONFIGURATION-521</key>
            <summary>fileFromUrl: decoding of encoded % character does not work</summary>
                <type id="1" iconUrl="https://issues.apache.org/jira/secure/viewavatar?size=xsmall&amp;avatarId=21133&amp;avatarType=issuetype">Bug</type>
                                            <priority id="3" iconUrl="https://issues.apache.org/jira/images/icons/priorities/major.svg">Major</priority>
                        <status id="6" iconUrl="https://issues.apache.org/jira/images/icons/statuses/closed.png" description="The issue is considered finished, the resolution is correct. Issues which are not closed can be reopened.">Closed</status>
                    <statusCategory id="3" key="done" colorName="green" />
                                    <resolution id="1">Fixed</resolution>
                                        <assignee username="-1">Unassigned</assignee>
                                    <reporter username="koppor">Oliver Kopp</reporter>
                        <labels>
                    </labels>
                <created>Thu, 17 Jan 2013 11:07:47 +0000</created>
                <updated>Thu, 24 Mar 2016 20:20:53 +0000</updated>
                            <resolved>Wed, 23 Jan 2013 20:50:49 +0000</resolved>
                                    <version>1.9</version>
                                    <fixVersion>2.0</fixVersion>
                                        <due />
                            <votes>0</votes>
                                    <watches>2</watches>
                                                                <comments>
                            <comment id="13556064" author="koppor" created="Thu, 17 Jan 2013 11:08:28 +0000">&lt;p&gt;This patch fixes the described bug.&lt;/p&gt;</comment>
                            <comment id="13556582" author="oliver.heger@t-online.de" created="Thu, 17 Jan 2013 20:52:51 +0000">&lt;p&gt;Thanks for the report.&lt;/p&gt;

&lt;p&gt;We do not use Commons IO directly because this would mean an additional dependency just for this single method we use. The drawback is - as you have noticed - that the code has changed in the meantime.&lt;/p&gt;

&lt;p&gt;So rather than applying a punctual fix, should we again copy the code from IO? This is surely more mature and will handle more cases.&lt;/p&gt;</comment>
                            <comment id="13556631" author="koppor" created="Thu, 17 Jan 2013 21:43:54 +0000">&lt;p&gt;A quick test revealed that the new IO version also works here. I'll attach a patch. It obeys the renaming from fileFromURL(URL) to toFile(URL).&lt;/p&gt;</comment>
                            <comment id="13557620" author="oliver.heger@t-online.de" created="Fri, 18 Jan 2013 21:25:33 +0000">&lt;p&gt;Hi, many thanks for the updated patch. I think this is the way to go. Some minor comments:&lt;/p&gt;
&lt;ul&gt;
	&lt;li&gt;I would rather keep the old method name. We are currently working on a major relase, and thus we could introduce changes breaking backwards compatibility, but we should do so only for a compelling reason. Staying as compatible as possible will make migration for clients smoother.&lt;/li&gt;
	&lt;li&gt;Would it be possible to also provide a unit test demonstrating that the original problem is fixed now?&lt;/li&gt;
	&lt;li&gt;Commons Configuration obviously uses a slightly different coding style than IO. Can you adapt the formatting to the style used in this project? (This is not strictly necessary, I can also do the reformat if needed.)&lt;/li&gt;
&lt;/ul&gt;
</comment>
                            <comment id="13558628" author="koppor" created="Mon, 21 Jan 2013 08:58:25 +0000">&lt;p&gt;I created a transitional method with the old name, marked as @Deprecated. To enable track changes across projects, I did not reformat the literally copied code. I think, literally copied code should not be modified, but always kept as literal code (if possible).&lt;/p&gt;

&lt;p&gt;Test case added.&lt;/p&gt;</comment>
                            <comment id="13559994" author="oliver.heger@t-online.de" created="Tue, 22 Jan 2013 20:43:29 +0000">&lt;p&gt;I understand the motivation to keep the code as close to the origin as possible so that it is easier to detect deviations in future. However, for multiple reasons I am not happy with the current state of the solution:&lt;/p&gt;
&lt;ul&gt;
	&lt;li&gt;Having a single method in a class formatted differently looks strange. There is a high probability that it is reformatted later, maybe by accident.&lt;/li&gt;
	&lt;li&gt;Checkstyle will complain. (I am not sure whether it is possible to filter on specific methods.)&lt;/li&gt;
	&lt;li&gt;The method name &lt;tt&gt;toFile()&lt;/tt&gt; is not very speaking. It makes sense in the context of &lt;tt&gt;FileUtils&lt;/tt&gt; where there is a bunch of overloaded conversion methods, but for &lt;tt&gt;ConfigurationUtils&lt;/tt&gt; you don't see on a single glance what it is expected to do.&lt;/li&gt;
&lt;/ul&gt;


&lt;p&gt;How about the following compromise:&lt;/p&gt;
&lt;ul&gt;
	&lt;li&gt;We create a new class &lt;tt&gt;FileUtils&lt;/tt&gt; next to &lt;tt&gt;ConfigurationUtils&lt;/tt&gt; with default visibility so that it does not become part of the public API.&lt;/li&gt;
	&lt;li&gt;In the Javadoc of this class it is stated that it contains code copied from Commons IO.&lt;/li&gt;
	&lt;li&gt;The &lt;tt&gt;toFile()&lt;/tt&gt; method is copied literally.&lt;/li&gt;
	&lt;li&gt;&lt;tt&gt;ConfigurationUtils&lt;/tt&gt; keeps its &lt;tt&gt;fileFromURL()&lt;/tt&gt; method, but the implementation delegates to &lt;tt&gt;FileUtils&lt;/tt&gt;.&lt;/li&gt;
	&lt;li&gt;In the checkstyle suppression configuration the &lt;tt&gt;FileUtils&lt;/tt&gt; class can be excluded.&lt;/li&gt;
&lt;/ul&gt;


&lt;p&gt;Does this make sense?&lt;/p&gt;</comment>
                            <comment id="13560154" author="koppor" created="Tue, 22 Jan 2013 23:11:51 +0000">&lt;p&gt;It does definitely make sense. I added another patch. Hope, the new checkstyle rule works.&lt;/p&gt;</comment>
                            <comment id="13561075" author="oliver.heger@t-online.de" created="Wed, 23 Jan 2013 20:50:49 +0000">&lt;p&gt;Patch applied in revision 1437723.&lt;/p&gt;

&lt;p&gt;The checkstyle suppressions seem to work fine; class &lt;tt&gt;FileUtils&lt;/tt&gt; does not show up in the report.&lt;/p&gt;

&lt;p&gt;Many thanks again for your work.&lt;/p&gt;</comment>
                    </comments>
                    <attachments>
                            <attachment id="12565307" name="fileFromUrl.patch" size="699" author="koppor" created="Thu, 17 Jan 2013 11:08:28 +0000" />
                            <attachment id="12565751" name="update-to-FileUtils-rev1349509-keepting-name-fileFromUrl.patch" size="7059" author="koppor" created="Mon, 21 Jan 2013 08:59:23 +0000" />
                            <attachment id="12565379" name="update-to-FileUtils-rev1349509.patch" size="10761" author="koppor" created="Thu, 17 Jan 2013 21:44:11 +0000" />
                            <attachment id="12566043" name="update-to-FileUtils-rev1423916-separating-FileUtils.patch" size="8673" author="koppor" created="Tue, 22 Jan 2013 23:10:49 +0000" />
                    </attachments>
                <subtasks>
                    </subtasks>
                <customfields>
                                                                                                                                                                                                                                                                                                                                                                                                                                                                                                                                                                                                                                                                                                                    <customfield id="customfield_12314020" key="com.atlassian.jira.plugins.jira-development-integration-plugin:devsummary">
                        <customfieldname>Development</customfieldname>
                        <customfieldvalues>
                            
                        </customfieldvalues>
                    </customfield>
                                                                                                                        <customfield id="customfield_12313422" key="com.atlassian.jirafisheyeplugin:jobcheckbox">
                        <customfieldname>Enable Automatic Patch Review</customfieldname>
                        <customfieldvalues>
                            <customfieldvalue>false</customfieldvalue>

                        </customfieldvalues>
                    </customfield>
                                                                                                                                                                                                                                                                                                                                                                                                                                                                                                                                                                                                                                                <customfield id="customfield_12310420" key="com.pyxis.greenhopper.jira:gh-global-rank">
                        <customfieldname>Global Rank</customfieldname>
                        <customfieldvalues>
                            <customfieldvalue>304868</customfieldvalue>
                        </customfieldvalues>
                    </customfield>
                                                                                                                                                                                                                                                                                                                                                                                                                                                                        <customfield id="customfield_12311820" key="com.pyxis.greenhopper.jira:gh-lexo-rank">
                        <customfieldname>Rank</customfieldname>
                        <customfieldvalues>
                            <customfieldvalue>0|i17wi7:</customfieldvalue>

                        </customfieldvalues>
                    </customfield>
                                                                <customfield id="customfield_12310920" key="com.pyxis.greenhopper.jira:gh-global-rank">
                        <customfieldname>Rank (Obsolete)</customfieldname>
                        <customfieldvalues>
                            <customfieldvalue>254235</customfieldvalue>
                        </customfieldvalues>
                    </customfield>
                                                                                                                                                                                                                                                                                                                                                                                                                                                                                                                                                                                                                                                                                                                                                                                            </customfields>
    </item>


</channel>
</rss>