<rss version="0.92">
    <channel>
        <title>ASF JIRA</title>
        <link>https://issues.apache.org/jira/issues/?jql=project+%3D+CONFIGURATION+and+type+%3D+bug+and+%28status+%3D+RESOLVED+or+status+%3D+closed%29+and+resolution+%3D+Fixed+and+fixVersion+%21%3D+None++and+affectedVersion+%21%3D+None++and+affectedVersion+%21%3D+%22Nightly+Build%22</link>
        <description>An XML representation of a search request</description>
                <language>en-uk</language>
                        <issue start="0" end="213" total="213" />
                <build-info>
            <version>8.20.1</version>
            <build-number>820001</build-number>
            <build-date>28-10-2021</build-date>
        </build-info>

<item>
            <title>[CONFIGURATION-438] JNDIConfiguration logs Exception when prefix does not exist</title>
                <link>https://issues.apache.org/jira/browse/CONFIGURATION-438</link>
                <project id="12310467" key="CONFIGURATION">Commons Configuration</project>
                    <description>&lt;p&gt;A JNDIConfiguration logs an exception when it's prefix does not exist and getKeys() is called. This is for instance the case when a JNDIConfiguration is used in a DefaultConfigurationBuilder. It does not log an exception when a key does not exist when using getProperty() (that was fixed in issue #44). This seems like an inconsistency to me. Attached patch fixes the problem by ignoring the NameNotFoundException.&lt;/p&gt;</description>
                <environment />
        <key id="12500070">CONFIGURATION-438</key>
            <summary>JNDIConfiguration logs Exception when prefix does not exist</summary>
                <type id="1" iconUrl="https://issues.apache.org/jira/secure/viewavatar?size=xsmall&amp;avatarId=21133&amp;avatarType=issuetype">Bug</type>
                                            <priority id="5" iconUrl="https://issues.apache.org/jira/images/icons/priorities/trivial.svg">Trivial</priority>
                        <status id="6" iconUrl="https://issues.apache.org/jira/images/icons/statuses/closed.png" description="The issue is considered finished, the resolution is correct. Issues which are not closed can be reopened.">Closed</status>
                    <statusCategory id="3" key="done" colorName="green" />
                                    <resolution id="1">Fixed</resolution>
                                        <assignee username="oheger">Oliver Heger</assignee>
                                    <reporter username="miken">Mike Noordermeer</reporter>
                        <labels>
                    </labels>
                <created>Tue, 1 Mar 2011 16:34:53 +0000</created>
                <updated>Thu, 8 Sep 2011 09:20:15 +0000</updated>
                            <resolved>Tue, 15 Mar 2011 21:19:11 +0000</resolved>
                                    <version>1.6</version>
                    <version>Nightly Builds</version>
                                    <fixVersion>1.7</fixVersion>
                                    <component>Events &amp;amp; Notifications</component>
                        <due />
                            <votes>0</votes>
                                    <watches>0</watches>
                                                                <comments>
                            <comment id="13000949" author="miken" created="Tue, 1 Mar 2011 16:36:21 +0000">&lt;p&gt;The correct version of the patch, previous one included other, not relevant changes.&lt;/p&gt;</comment>
                            <comment id="13007198" author="oliver.heger@t-online.de" created="Tue, 15 Mar 2011 21:19:11 +0000">&lt;p&gt;Patch applied in revision 1081926. A unit test was added, too.&lt;/p&gt;

&lt;p&gt;Many thanks!&lt;/p&gt;</comment>
                    </comments>
                    <attachments>
                            <attachment id="12472327" name="namenotfoundexception-correct.patch" size="654" author="miken" created="Tue, 1 Mar 2011 16:36:21 +0000" />
                            <attachment id="12472326" name="namenotfoundexception.patch" size="2659" author="miken" created="Tue, 1 Mar 2011 16:35:17 +0000" />
                    </attachments>
                <subtasks>
                    </subtasks>
                <customfields>
                                                                                                                                                                                                                                                                                                                                                                                                                                                                                                                                                                                                                                                                                                                    <customfield id="customfield_12314020" key="com.atlassian.jira.plugins.jira-development-integration-plugin:devsummary">
                        <customfieldname>Development</customfieldname>
                        <customfieldvalues>
                            
                        </customfieldvalues>
                    </customfield>
                                                                                                                        <customfield id="customfield_12313422" key="com.atlassian.jirafisheyeplugin:jobcheckbox">
                        <customfieldname>Enable Automatic Patch Review</customfieldname>
                        <customfieldvalues>
                            <customfieldvalue>false</customfieldvalue>

                        </customfieldvalues>
                    </customfield>
                                                                                                                                                                                                                                                                                                                                                                                                                                                                                                                                                                                                                                                <customfield id="customfield_12310420" key="com.pyxis.greenhopper.jira:gh-global-rank">
                        <customfieldname>Global Rank</customfieldname>
                        <customfieldvalues>
                            <customfieldvalue>61937</customfieldvalue>
                        </customfieldvalues>
                    </customfield>
                                                                                                                                                                                                                                                                                                                                                                                                                                                                        <customfield id="customfield_12311820" key="com.pyxis.greenhopper.jira:gh-lexo-rank">
                        <customfieldname>Rank</customfieldname>
                        <customfieldvalues>
                            <customfieldvalue>0|i0l6e7:</customfieldvalue>

                        </customfieldvalues>
                    </customfield>
                                                                <customfield id="customfield_12310920" key="com.pyxis.greenhopper.jira:gh-global-rank">
                        <customfieldname>Rank (Obsolete)</customfieldname>
                        <customfieldvalues>
                            <customfieldvalue>121686</customfieldvalue>
                        </customfieldvalues>
                    </customfield>
                                                                                                                                                                                                                                                                                                                                                                                                                                                                                                                                                                                                                                                                                                                                                                                            </customfields>
    </item>


</channel>
</rss>