<rss version="0.92">
    <channel>
        <title>ASF JIRA</title>
        <link>https://issues.apache.org/jira/issues/?jql=project+%3D+CONFIGURATION+and+type+%3D+bug+and+%28status+%3D+RESOLVED+or+status+%3D+closed%29+and+resolution+%3D+Fixed+and+fixVersion+%21%3D+None++and+affectedVersion+%21%3D+None++and+affectedVersion+%21%3D+%22Nightly+Build%22</link>
        <description>An XML representation of a search request</description>
                <language>en-uk</language>
                        <issue start="0" end="213" total="213" />
                <build-info>
            <version>8.20.1</version>
            <build-number>820001</build-number>
            <build-date>28-10-2021</build-date>
        </build-info>

<item>
            <title>[CONFIGURATION-256] MapConfiguration does not decode escaped Delimiters</title>
                <link>https://issues.apache.org/jira/browse/CONFIGURATION-256</link>
                <project id="12310467" key="CONFIGURATION">Commons Configuration</project>
                    <description>&lt;p&gt;Hello, I don't know how to reopen resolved bug. See: &lt;a href="https://issues.apache.org/jira/browse/CONFIGURATION-30" class="external-link" rel="nofollow"&gt;https://issues.apache.org/jira/browse/CONFIGURATION-30&lt;/a&gt;&lt;/p&gt;

&lt;p&gt;There is BAD implementation in MapConfiguration.getProperty(String key) method:&lt;/p&gt;

&lt;p&gt;As "return value" should be list.get(0) instead of "value".&lt;br/&gt;
PropertyConverter.split removes escape chars....&lt;/p&gt;

&lt;p&gt;Suggested correction:&lt;/p&gt;

&lt;p&gt;    public Object getProperty(String key)&lt;br/&gt;
    {&lt;br/&gt;
        Object value = map.get(key);&lt;br/&gt;
        if ((value instanceof String) &amp;amp;&amp;amp; (!isDelimiterParsingDisabled()))&lt;/p&gt;
        {
            List list = PropertyConverter.split((String) value, getListDelimiter());
            //MP: return list.size() &amp;gt; 1 ? list : value;
            return list.size() &amp;gt; 1 ? list : list.get(0); //MP: split removes escape chars
        }
&lt;p&gt;        else&lt;/p&gt;
        {
            return value;
        }
&lt;p&gt;    }&lt;/p&gt;


&lt;p&gt;Test code:&lt;/p&gt;

&lt;p&gt;Map m = new HashMap();&lt;br/&gt;
m.put("foo", "bar&lt;br class="atl-forced-newline" /&gt;,baz");&lt;br/&gt;
m.put("bar", "bar, baz");&lt;br/&gt;
MapConfiguration mc = new MapConfiguration(m);&lt;br/&gt;
mc.setDelimiterParsingDisabled(false);&lt;br/&gt;
mc.setListDelimiter(',');&lt;br/&gt;
Configuration c = mc;&lt;br/&gt;
String bad = c.getString("foo"); //&amp;lt;-- returns "bar&lt;br class="atl-forced-newline" /&gt;, baz" expected "bar, baz"&lt;br/&gt;
String ok = c.getString("bar"); // &amp;lt;-- returns "bar"&lt;br/&gt;
System.err.println("Bad: " + bad);&lt;br/&gt;
System.err.println("OK: " + ok);&lt;/p&gt;

&lt;p&gt;Current result is:&lt;/p&gt;

&lt;p&gt;Bad: bar\,baz&lt;br/&gt;
OK: bar&lt;/p&gt;</description>
                <environment>&lt;p&gt;I think it does not matter because of pure java&lt;/p&gt;</environment>
        <key id="12364130">CONFIGURATION-256</key>
            <summary>MapConfiguration does not decode escaped Delimiters</summary>
                <type id="1" iconUrl="https://issues.apache.org/jira/secure/viewavatar?size=xsmall&amp;avatarId=21133&amp;avatarType=issuetype">Bug</type>
                                            <priority id="3" iconUrl="https://issues.apache.org/jira/images/icons/priorities/major.svg">Major</priority>
                        <status id="6" iconUrl="https://issues.apache.org/jira/images/icons/statuses/closed.png" description="The issue is considered finished, the resolution is correct. Issues which are not closed can be reopened.">Closed</status>
                    <statusCategory id="3" key="done" colorName="green" />
                                    <resolution id="1">Fixed</resolution>
                                        <assignee username="oheger">Oliver Heger</assignee>
                                    <reporter username="polakm">Michal Polak</reporter>
                        <labels>
                    </labels>
                <created>Mon, 5 Mar 2007 13:02:03 +0000</created>
                <updated>Sat, 22 Aug 2009 19:36:47 +0000</updated>
                            <resolved>Tue, 6 Mar 2007 21:20:50 +0000</resolved>
                                    <version>1.3</version>
                                    <fixVersion>1.4</fixVersion>
                                        <due />
                            <votes>0</votes>
                                    <watches>1</watches>
                                                                <comments>
                            <comment id="12478029" author="polakm" created="Mon, 5 Mar 2007 13:09:09 +0000">&lt;p&gt;I think same bugs are in:&lt;/p&gt;

&lt;p&gt;AppletConfiguration.getProperty&lt;br/&gt;
ServletConfiguration.getProperty&lt;br/&gt;
ServletContextConfiguration.getProperty&lt;br/&gt;
ServletFilterConfiguration.getProperty&lt;/p&gt;

&lt;p&gt;Variable 'value' still contains backslashes as escape chars.&lt;br/&gt;
Backslashes are removed by PropertyConverter.split&lt;/p&gt;

&lt;p&gt;Property and XML configuration are OK, I think.&lt;/p&gt;</comment>
                            <comment id="12478584" author="oliver.heger@t-online.de" created="Tue, 6 Mar 2007 21:20:50 +0000">&lt;p&gt;MapConfiguration and all the web-based configurations were updated to correctly remove the escaping character for the list delimiter. Additional tests were added to verify this behavior.&lt;/p&gt;

&lt;p&gt;Please double-check. Thanks.&lt;/p&gt;</comment>
                    </comments>
                    <attachments>
                    </attachments>
                <subtasks>
                    </subtasks>
                <customfields>
                                                                                                                                                                                                                                                                                                                                                                                                                                                                                                                                                                                                                                                                                                                    <customfield id="customfield_12314020" key="com.atlassian.jira.plugins.jira-development-integration-plugin:devsummary">
                        <customfieldname>Development</customfieldname>
                        <customfieldvalues>
                            
                        </customfieldvalues>
                    </customfield>
                                                                                                                        <customfield id="customfield_12313422" key="com.atlassian.jirafisheyeplugin:jobcheckbox">
                        <customfieldname>Enable Automatic Patch Review</customfieldname>
                        <customfieldvalues>
                            <customfieldvalue>false</customfieldvalue>

                        </customfieldvalues>
                    </customfield>
                                                                                                                                                                                                                                                                                                                                                                                                                                                                                                                                                                                                                                                <customfield id="customfield_12310420" key="com.pyxis.greenhopper.jira:gh-global-rank">
                        <customfieldname>Global Rank</customfieldname>
                        <customfieldvalues>
                            <customfieldvalue>33970</customfieldvalue>
                        </customfieldvalues>
                    </customfield>
                                                                                                                                                                                                                                                                                                                                                                                                                                                                        <customfield id="customfield_12311820" key="com.pyxis.greenhopper.jira:gh-lexo-rank">
                        <customfieldname>Rank</customfieldname>
                        <customfieldvalues>
                            <customfieldvalue>0|i0uoyf:</customfieldvalue>

                        </customfieldvalues>
                    </customfield>
                                                                <customfield id="customfield_12310920" key="com.pyxis.greenhopper.jira:gh-global-rank">
                        <customfieldname>Rank (Obsolete)</customfieldname>
                        <customfieldvalues>
                            <customfieldvalue>177184</customfieldvalue>
                        </customfieldvalues>
                    </customfield>
                                                                                                                                                                                                                                                                                                                                                                                                                                                                                                                                                                                                                                                                                                                                                                                            </customfields>
    </item>


</channel>
</rss>