<rss version="0.92">
    <channel>
        <title>ASF JIRA</title>
        <link>https://issues.apache.org/jira/issues/?jql=project+%3D+CONFIGURATION+and+type+%3D+bug+and+%28status+%3D+RESOLVED+or+status+%3D+closed%29+and+resolution+%3D+Fixed+and+fixVersion+%21%3D+None++and+affectedVersion+%21%3D+None++and+affectedVersion+%21%3D+%22Nightly+Build%22</link>
        <description>An XML representation of a search request</description>
                <language>en-uk</language>
                        <issue start="0" end="213" total="213" />
                <build-info>
            <version>8.20.1</version>
            <build-number>820001</build-number>
            <build-date>28-10-2021</build-date>
        </build-info>

<item>
            <title>[CONFIGURATION-413] Subset configuration does not support events</title>
                <link>https://issues.apache.org/jira/browse/CONFIGURATION-413</link>
                <project id="12310467" key="CONFIGURATION">Commons Configuration</project>
                    <description />
                <environment />
        <key id="12460758">CONFIGURATION-413</key>
            <summary>Subset configuration does not support events</summary>
                <type id="1" iconUrl="https://issues.apache.org/jira/secure/viewavatar?size=xsmall&amp;avatarId=21133&amp;avatarType=issuetype">Bug</type>
                                            <priority id="4" iconUrl="https://issues.apache.org/jira/images/icons/priorities/minor.svg">Minor</priority>
                        <status id="6" iconUrl="https://issues.apache.org/jira/images/icons/statuses/closed.png" description="The issue is considered finished, the resolution is correct. Issues which are not closed can be reopened.">Closed</status>
                    <statusCategory id="3" key="done" colorName="green" />
                                    <resolution id="1">Fixed</resolution>
                                        <assignee username="oheger">Oliver Heger</assignee>
                                    <reporter username="sans17">Alexander Prishchepov</reporter>
                        <labels>
                    </labels>
                <created>Tue, 30 Mar 2010 23:58:37 +0000</created>
                <updated>Thu, 8 Sep 2011 09:20:10 +0000</updated>
                            <resolved>Sun, 4 Apr 2010 18:05:34 +0000</resolved>
                                    <version>1.6</version>
                                    <fixVersion>1.7</fixVersion>
                                    <component>Events &amp;amp; Notifications</component>
                        <due />
                            <votes>0</votes>
                                    <watches>0</watches>
                                                                <comments>
                            <comment id="12851792" author="oliver.heger@t-online.de" created="Wed, 31 Mar 2010 09:41:37 +0000">&lt;p&gt;Could you please provide some examples: what exactly does not work?&lt;/p&gt;

&lt;p&gt;Some code snippets would be helpful. A unit test case would be even better. Thanks.&lt;/p&gt;</comment>
                            <comment id="12852381" author="sans17" created="Thu, 1 Apr 2010 13:31:56 +0000">&lt;p&gt;Sorry.&lt;br/&gt;
Description is incorrect. Only some events are failing.&lt;/p&gt;

&lt;p&gt;Copied test case from TestMapConfigurationEvents.&lt;/p&gt;

&lt;p&gt;Case is failing on: testClearPropertyEvent, testClearPropertyEventWithDetails, testSetPropertyEvent and testSetPropertyEventWithDetails.&lt;/p&gt;</comment>
                            <comment id="12852919" author="sans17" created="Fri, 2 Apr 2010 19:01:37 +0000">&lt;p&gt;Here is a patch to fix the issue.&lt;/p&gt;</comment>
                            <comment id="12853271" author="oliver.heger@t-online.de" created="Sun, 4 Apr 2010 18:05:34 +0000">&lt;p&gt;Patch applied to trunk and configuration2 branch. Many thanks!&lt;/p&gt;</comment>
                    </comments>
                    <attachments>
                            <attachment id="12440641" name="SubsetConfiguration-patch.txt" size="694" author="sans17" created="Fri, 2 Apr 2010 19:01:37 +0000" />
                            <attachment id="12440509" name="TestSubsetConfigurationEvents.java" size="578" author="sans17" created="Thu, 1 Apr 2010 13:31:56 +0000" />
                    </attachments>
                <subtasks>
                    </subtasks>
                <customfields>
                                                                                                                                                                                                                                                                                                                                                                                                                                                                                                                                                                                                                                                                                                                    <customfield id="customfield_12314020" key="com.atlassian.jira.plugins.jira-development-integration-plugin:devsummary">
                        <customfieldname>Development</customfieldname>
                        <customfieldvalues>
                            
                        </customfieldvalues>
                    </customfield>
                                                                                                                        <customfield id="customfield_12313422" key="com.atlassian.jirafisheyeplugin:jobcheckbox">
                        <customfieldname>Enable Automatic Patch Review</customfieldname>
                        <customfieldvalues>
                            <customfieldvalue>false</customfieldvalue>

                        </customfieldvalues>
                    </customfield>
                                                                                                                                                                                                                                                                                                                                                                                                                                                                                                                                                                                                                                                <customfield id="customfield_12310420" key="com.pyxis.greenhopper.jira:gh-global-rank">
                        <customfieldname>Global Rank</customfieldname>
                        <customfieldvalues>
                            <customfieldvalue>33868</customfieldvalue>
                        </customfieldvalues>
                    </customfield>
                                                                                                                                                                                                                                                                                                                                                                                                                                                                        <customfield id="customfield_12311820" key="com.pyxis.greenhopper.jira:gh-lexo-rank">
                        <customfieldname>Rank</customfieldname>
                        <customfieldvalues>
                            <customfieldvalue>0|i0uqaf:</customfieldvalue>

                        </customfieldvalues>
                    </customfield>
                                                                <customfield id="customfield_12310920" key="com.pyxis.greenhopper.jira:gh-global-rank">
                        <customfieldname>Rank (Obsolete)</customfieldname>
                        <customfieldvalues>
                            <customfieldvalue>177400</customfieldvalue>
                        </customfieldvalues>
                    </customfield>
                                                                                                                                                                                                                                                                                                                                                                                                                                                                                                                                                                                                                                                                                                                                                                                            </customfields>
    </item>


</channel>
</rss>