<rss version="0.92">
    <channel>
        <title>ASF JIRA</title>
        <link>https://issues.apache.org/jira/issues/?jql=project+%3D+CONFIGURATION+and+type+%3D+bug+and+%28status+%3D+RESOLVED+or+status+%3D+closed%29+and+resolution+%3D+Fixed+and+fixVersion+%21%3D+None++and+affectedVersion+%21%3D+None++and+affectedVersion+%21%3D+%22Nightly+Build%22</link>
        <description>An XML representation of a search request</description>
                <language>en-uk</language>
                        <issue start="0" end="213" total="213" />
                <build-info>
            <version>8.20.1</version>
            <build-number>820001</build-number>
            <build-date>28-10-2021</build-date>
        </build-info>

<item>
            <title>[CONFIGURATION-349] XMLConfigurationProvider cannot create a class that extends XMLConfiguration</title>
                <link>https://issues.apache.org/jira/browse/CONFIGURATION-349</link>
                <project id="12310467" key="CONFIGURATION">Commons Configuration</project>
                    <description>&lt;p&gt;XMLConfigurationProvider in DefaultConfigurationBuilder has default scope. When configuring a new ConfigurationProvider to use a class that extends XMLConfiguration an Exception is raised because the setConfigurationClass method cannot be called from the bean utility classes.&lt;/p&gt;</description>
                <environment />
        <key id="12408133">CONFIGURATION-349</key>
            <summary>XMLConfigurationProvider cannot create a class that extends XMLConfiguration</summary>
                <type id="1" iconUrl="https://issues.apache.org/jira/secure/viewavatar?size=xsmall&amp;avatarId=21133&amp;avatarType=issuetype">Bug</type>
                                            <priority id="3" iconUrl="https://issues.apache.org/jira/images/icons/priorities/major.svg">Major</priority>
                        <status id="6" iconUrl="https://issues.apache.org/jira/images/icons/statuses/closed.png" description="The issue is considered finished, the resolution is correct. Issues which are not closed can be reopened.">Closed</status>
                    <statusCategory id="3" key="done" colorName="green" />
                                    <resolution id="1">Fixed</resolution>
                                        <assignee username="oheger">Oliver Heger</assignee>
                                    <reporter username="rgoers">Ralph Goers</reporter>
                        <labels>
                    </labels>
                <created>Mon, 10 Nov 2008 08:27:54 +0000</created>
                <updated>Sat, 22 Aug 2009 19:36:54 +0000</updated>
                            <resolved>Tue, 11 Nov 2008 21:25:39 +0000</resolved>
                                    <version>1.5</version>
                                    <fixVersion>1.6</fixVersion>
                                        <due />
                            <votes>0</votes>
                                    <watches>0</watches>
                                                                <comments>
                            <comment id="12646200" author="ralph.goers@dslextreme.com" created="Mon, 10 Nov 2008 08:29:38 +0000">&lt;p&gt;The attached patch provides a unit test for the problem as well as the fix.&lt;/p&gt;</comment>
                            <comment id="12646668" author="oliver.heger@t-online.de" created="Tue, 11 Nov 2008 21:25:39 +0000">&lt;p&gt;Patch applied in revision 713166. Many thanks.&lt;/p&gt;

&lt;p&gt;Note: I was unable to port this patch to the configuration2 branch because the new type converters cannot deal with conversions to Class objects. We will have to port this later if necessary.&lt;/p&gt;</comment>
                            <comment id="12646688" author="ralph.goers@dslextreme.com" created="Tue, 11 Nov 2008 22:08:08 +0000">&lt;p&gt;Thanks. I will take a look at what to do on the configuration2 branch.&lt;/p&gt;</comment>
                            <comment id="12647062" author="oliver.heger@t-online.de" created="Wed, 12 Nov 2008 20:54:30 +0000">&lt;p&gt;In this branch the dependency to commons-beanutils was dropped and replaced by an own converter framework (in the &lt;tt&gt;converter&lt;/tt&gt; package). Obviously these converters are not yet as powerful as the ones of beanutils were. In this special case a converter for Class objects is missing.&lt;/p&gt;

&lt;p&gt;But maybe we should create a new ticket for this issue.&lt;/p&gt;</comment>
                    </comments>
                    <attachments>
                            <attachment id="12393620" name="extended.txt" size="4392" author="rgoers" created="Mon, 10 Nov 2008 08:29:38 +0000" />
                    </attachments>
                <subtasks>
                    </subtasks>
                <customfields>
                                                                                                                                                                                                                                                                                                                                                                                                                                                                                                                                                                                                                                                                                                                    <customfield id="customfield_12314020" key="com.atlassian.jira.plugins.jira-development-integration-plugin:devsummary">
                        <customfieldname>Development</customfieldname>
                        <customfieldvalues>
                            
                        </customfieldvalues>
                    </customfield>
                                                                                                                        <customfield id="customfield_12313422" key="com.atlassian.jirafisheyeplugin:jobcheckbox">
                        <customfieldname>Enable Automatic Patch Review</customfieldname>
                        <customfieldvalues>
                            <customfieldvalue>false</customfieldvalue>

                        </customfieldvalues>
                    </customfield>
                                                                                                                                                                                                                                                                                                                                                                                                                                                                                                                                                                                                                                                <customfield id="customfield_12310420" key="com.pyxis.greenhopper.jira:gh-global-rank">
                        <customfieldname>Global Rank</customfieldname>
                        <customfieldvalues>
                            <customfieldvalue>33883</customfieldvalue>
                        </customfieldvalues>
                    </customfield>
                                                                                                                                                                                                                                                                                                                                                                                                                                                                        <customfield id="customfield_12311820" key="com.pyxis.greenhopper.jira:gh-lexo-rank">
                        <customfieldname>Rank</customfieldname>
                        <customfieldvalues>
                            <customfieldvalue>0|i0l6un:</customfieldvalue>

                        </customfieldvalues>
                    </customfield>
                                                                <customfield id="customfield_12310920" key="com.pyxis.greenhopper.jira:gh-global-rank">
                        <customfieldname>Rank (Obsolete)</customfieldname>
                        <customfieldvalues>
                            <customfieldvalue>121760</customfieldvalue>
                        </customfieldvalues>
                    </customfield>
                                                                                                                                                                                                                                                                                                                                                                                                                                                                                                                                                                                                                                                                                                                                                                                            </customfields>
    </item>


</channel>
</rss>