<rss version="0.92">
    <channel>
        <title>ASF JIRA</title>
        <link>https://issues.apache.org/jira/issues/?jql=project+%3D+CONFIGURATION+and+type+%3D+bug+and+%28status+%3D+RESOLVED+or+status+%3D+closed%29+and+resolution+%3D+Fixed+and+fixVersion+%21%3D+None++and+affectedVersion+%21%3D+None++and+affectedVersion+%21%3D+%22Nightly+Build%22</link>
        <description>An XML representation of a search request</description>
                <language>en-uk</language>
                        <issue start="0" end="213" total="213" />
                <build-info>
            <version>8.20.1</version>
            <build-number>820001</build-number>
            <build-date>28-10-2021</build-date>
        </build-info>

<item>
            <title>[CONFIGURATION-49] [configuration] XMLConfiguration may lose attributes in its save() method</title>
                <link>https://issues.apache.org/jira/browse/CONFIGURATION-49</link>
                <project id="12310467" key="CONFIGURATION">Commons Configuration</project>
                    <description>&lt;p&gt;Under some circumstances (if a configuration is loaded, cleared and then&lt;br/&gt;
reloaded), the save() method forgets to write attributes. Their values are still&lt;br/&gt;
contained in the configuration object itself, but they are not written to the&lt;br/&gt;
output file.&lt;/p&gt;</description>
                <environment>&lt;p&gt;Operating System: All&lt;br/&gt;
Platform: All&lt;/p&gt;</environment>
        <key id="12342182">CONFIGURATION-49</key>
            <summary>[configuration] XMLConfiguration may lose attributes in its save() method</summary>
                <type id="1" iconUrl="https://issues.apache.org/jira/secure/viewavatar?size=xsmall&amp;avatarId=21133&amp;avatarType=issuetype">Bug</type>
                                            <priority id="3" iconUrl="https://issues.apache.org/jira/images/icons/priorities/major.svg">Major</priority>
                        <status id="6" iconUrl="https://issues.apache.org/jira/images/icons/statuses/closed.png" description="The issue is considered finished, the resolution is correct. Issues which are not closed can be reopened.">Closed</status>
                    <statusCategory id="3" key="done" colorName="green" />
                                    <resolution id="1">Fixed</resolution>
                                        <assignee username="-1">Unassigned</assignee>
                                    <reporter username="oheger">Oliver Heger</reporter>
                        <labels>
                    </labels>
                <created>Thu, 14 Apr 2005 03:23:24 +0000</created>
                <updated>Sat, 22 Aug 2009 19:36:40 +0000</updated>
                            <resolved>Sat, 22 Aug 2009 19:36:40 +0000</resolved>
                                    <version>1.1</version>
                                    <fixVersion>1.2</fixVersion>
                                        <due />
                            <votes>0</votes>
                                    <watches>0</watches>
                                                                <comments>
                            <comment id="12409122" author="oliver.heger@t-online.de" created="Thu, 14 Apr 2005 03:57:02 +0000">&lt;p&gt;Committed a fix to SVN. The clear() method was also updated to wipe out the&lt;br/&gt;
associated DOM document. Otherwise it is possible that some artifacts of the old&lt;br/&gt;
document (e.g. comments) appear again when save() is called later.&lt;/p&gt;</comment>
                            <comment id="12409123" author="oliver.heger@t-online.de" created="Sat, 16 Apr 2005 18:53:35 +0000">&lt;p&gt;Verified by the user.&lt;/p&gt;</comment>
                            <comment id="12409124" author="ebourg" created="Mon, 18 Apr 2005 17:18:52 +0000">&lt;p&gt;I'm reopening the bug to remind us that we need a test case covering this issue.&lt;/p&gt;</comment>
                            <comment id="12409125" author="oliver.heger@t-online.de" created="Mon, 18 Apr 2005 17:53:47 +0000">&lt;p&gt;I have already added a new test case to TestXMLConfiguration demonstrating the&lt;br/&gt;
bug and showing that the resolution works. So it's safe to mark this issue as fixed.&lt;/p&gt;</comment>
                            <comment id="12409126" author="ebourg" created="Mon, 18 Apr 2005 17:59:00 +0000">&lt;p&gt;Ok great, sorry I should have checked first &lt;img class="emoticon" src="https://issues.apache.org/jira/images/icons/emoticons/wink.png" height="16" width="16" align="absmiddle" alt="" border="0"/&gt;&lt;/p&gt;</comment>
                    </comments>
                    <attachments>
                    </attachments>
                <subtasks>
                    </subtasks>
                <customfields>
                                                                                                                                                                                                                                                                                                                                                                                                                                                                                                                                                                                                    <customfield id="customfield_10010" key="com.atlassian.jira.plugin.system.customfieldtypes:importid">
                        <customfieldname>Bugzilla Id</customfieldname>
                        <customfieldvalues>
                            <customfieldvalue>34442</customfieldvalue>
                        </customfieldvalues>
                    </customfield>
                                                                                                                                                    <customfield id="customfield_12314020" key="com.atlassian.jira.plugins.jira-development-integration-plugin:devsummary">
                        <customfieldname>Development</customfieldname>
                        <customfieldvalues>
                            
                        </customfieldvalues>
                    </customfield>
                                                                                                                        <customfield id="customfield_12313422" key="com.atlassian.jirafisheyeplugin:jobcheckbox">
                        <customfieldname>Enable Automatic Patch Review</customfieldname>
                        <customfieldvalues>
                            <customfieldvalue>false</customfieldvalue>

                        </customfieldvalues>
                    </customfield>
                                                                                                                                                                                                                                                                                                                                                                                                                                                                                                                                                                                                                                                <customfield id="customfield_12310420" key="com.pyxis.greenhopper.jira:gh-global-rank">
                        <customfieldname>Global Rank</customfieldname>
                        <customfieldvalues>
                            <customfieldvalue>33960</customfieldvalue>
                        </customfieldvalues>
                    </customfield>
                                                                                                                                                                                                                                                                                                                                                                                                                                                                        <customfield id="customfield_12311820" key="com.pyxis.greenhopper.jira:gh-lexo-rank">
                        <customfieldname>Rank</customfieldname>
                        <customfieldvalues>
                            <customfieldvalue>0|i0l6cf:</customfieldvalue>

                        </customfieldvalues>
                    </customfield>
                                                                <customfield id="customfield_12310920" key="com.pyxis.greenhopper.jira:gh-global-rank">
                        <customfieldname>Rank (Obsolete)</customfieldname>
                        <customfieldvalues>
                            <customfieldvalue>121678</customfieldvalue>
                        </customfieldvalues>
                    </customfield>
                                                                                                                                                                                                                                                                                                                                                                                                                                                                                                                                                                                                                                                                                                                                                                                            </customfields>
    </item>


</channel>
</rss>