<rss version="0.92">
    <channel>
        <title>ASF JIRA</title>
        <link>https://issues.apache.org/jira/issues/?jql=project+%3D+CONFIGURATION+and+type+%3D+bug+and+%28status+%3D+RESOLVED+or+status+%3D+closed%29+and+resolution+%3D+Fixed+and+fixVersion+%21%3D+None++and+affectedVersion+%21%3D+None++and+affectedVersion+%21%3D+%22Nightly+Build%22</link>
        <description>An XML representation of a search request</description>
                <language>en-uk</language>
                        <issue start="0" end="213" total="213" />
                <build-info>
            <version>8.20.1</version>
            <build-number>820001</build-number>
            <build-date>28-10-2021</build-date>
        </build-info>

<item>
            <title>[CONFIGURATION-60] [configuration] XML How-to needs to be updated for RC-1</title>
                <link>https://issues.apache.org/jira/browse/CONFIGURATION-60</link>
                <project id="12310467" key="CONFIGURATION">Commons Configuration</project>
                    <description>&lt;p&gt;jakarta-commons\configuration\xdocs\howto_xml.xml needs to be updated to match &lt;br/&gt;
the deliverables in RC-1.   The exclusion of ConfigurationXMLDocument is the &lt;br/&gt;
main thing I noticed that needs to be addressed.&lt;/p&gt;</description>
                <environment>&lt;p&gt;Operating System: other&lt;br/&gt;
Platform: Other&lt;/p&gt;</environment>
        <key id="12341643">CONFIGURATION-60</key>
            <summary>[configuration] XML How-to needs to be updated for RC-1</summary>
                <type id="1" iconUrl="https://issues.apache.org/jira/secure/viewavatar?size=xsmall&amp;avatarId=21133&amp;avatarType=issuetype">Bug</type>
                                            <priority id="3" iconUrl="https://issues.apache.org/jira/images/icons/priorities/major.svg">Major</priority>
                        <status id="6" iconUrl="https://issues.apache.org/jira/images/icons/statuses/closed.png" description="The issue is considered finished, the resolution is correct. Issues which are not closed can be reopened.">Closed</status>
                    <statusCategory id="3" key="done" colorName="green" />
                                    <resolution id="1">Fixed</resolution>
                                        <assignee username="-1">Unassigned</assignee>
                                    <reporter username="woodman@iswsolutions.com">woodman</reporter>
                        <labels>
                    </labels>
                <created>Tue, 17 Aug 2004 00:31:23 +0000</created>
                <updated>Sat, 22 Aug 2009 19:36:40 +0000</updated>
                            <resolved>Sat, 22 Aug 2009 19:36:40 +0000</resolved>
                                    <version>Nightly Builds</version>
                                    <fixVersion>1.0</fixVersion>
                                        <due />
                            <votes>0</votes>
                                    <watches>0</watches>
                                                                <comments>
                            <comment id="12407264" author="dep4b" created="Fri, 10 Sep 2004 20:48:28 +0000">&lt;p&gt;Oliver, do you want to tackle this one?  I looked at the doc, and I think you&lt;br/&gt;
might be the best to edit the doc!&lt;/p&gt;</comment>
                            <comment id="12407265" author="oliver.heger@t-online.de" created="Fri, 10 Sep 2004 22:41:59 +0000">&lt;p&gt;Created an attachment (id=12696)&lt;br/&gt;
Patch to remove the complete section that deals with ConfigurationXMLDocument.&lt;/p&gt;</comment>
                            <comment id="12407266" author="dep4b" created="Fri, 10 Sep 2004 23:14:12 +0000">&lt;p&gt;Patch applied!&lt;/p&gt;</comment>
                    </comments>
                    <attachments>
                            <attachment id="12333059" name="ASF.LICENSE.NOT.GRANTED--howto.txt" size="21386" author="oheger" created="Fri, 10 Sep 2004 22:41:59 +0000" />
                    </attachments>
                <subtasks>
                    </subtasks>
                <customfields>
                                                                                                                                                                                                                                                                                                                                                                                                                                                                                                                                                                                                    <customfield id="customfield_10010" key="com.atlassian.jira.plugin.system.customfieldtypes:importid">
                        <customfieldname>Bugzilla Id</customfieldname>
                        <customfieldvalues>
                            <customfieldvalue>30700</customfieldvalue>
                        </customfieldvalues>
                    </customfield>
                                                                                                                                                    <customfield id="customfield_12314020" key="com.atlassian.jira.plugins.jira-development-integration-plugin:devsummary">
                        <customfieldname>Development</customfieldname>
                        <customfieldvalues>
                            
                        </customfieldvalues>
                    </customfield>
                                                                                                                        <customfield id="customfield_12313422" key="com.atlassian.jirafisheyeplugin:jobcheckbox">
                        <customfieldname>Enable Automatic Patch Review</customfieldname>
                        <customfieldvalues>
                            <customfieldvalue>false</customfieldvalue>

                        </customfieldvalues>
                    </customfield>
                                                                                                                                                                                                                                                                                                                                                                                                                                                                                                                                                                                                                                                <customfield id="customfield_12310420" key="com.pyxis.greenhopper.jira:gh-global-rank">
                        <customfieldname>Global Rank</customfieldname>
                        <customfieldvalues>
                            <customfieldvalue>110662</customfieldvalue>
                        </customfieldvalues>
                    </customfield>
                                                                                                                                                                                                                                                                                                                                                                                                                                                                        <customfield id="customfield_12311820" key="com.pyxis.greenhopper.jira:gh-lexo-rank">
                        <customfieldname>Rank</customfieldname>
                        <customfieldvalues>
                            <customfieldvalue>0|i0upj3:</customfieldvalue>

                        </customfieldvalues>
                    </customfield>
                                                                <customfield id="customfield_12310920" key="com.pyxis.greenhopper.jira:gh-global-rank">
                        <customfieldname>Rank (Obsolete)</customfieldname>
                        <customfieldvalues>
                            <customfieldvalue>177277</customfieldvalue>
                        </customfieldvalues>
                    </customfield>
                                                                                                                                                                                                                                                                                                                                                                                                                                                                                                                                                                                                                                                                                                                                                                                            </customfields>
    </item>


</channel>
</rss>