<rss version="0.92">
    <channel>
        <title>ASF JIRA</title>
        <link>https://issues.apache.org/jira/issues/?jql=project+%3D+CONFIGURATION+and+type+%3D+bug+and+%28status+%3D+RESOLVED+or+status+%3D+closed%29+and+resolution+%3D+Fixed+and+fixVersion+%21%3D+None++and+affectedVersion+%21%3D+None++and+affectedVersion+%21%3D+%22Nightly+Build%22</link>
        <description>An XML representation of a search request</description>
                <language>en-uk</language>
                        <issue start="0" end="213" total="213" />
                <build-info>
            <version>8.20.1</version>
            <build-number>820001</build-number>
            <build-date>28-10-2021</build-date>
        </build-info>

<item>
            <title>[CONFIGURATION-54] [configuration] BaseConfiguration: containsKey ignores default properties</title>
                <link>https://issues.apache.org/jira/browse/CONFIGURATION-54</link>
                <project id="12310467" key="CONFIGURATION">Commons Configuration</project>
                    <description>&lt;p&gt;The current (CVS Head) implementation of BaseConfiguration.containsKey does not&lt;br/&gt;
check whether a key is contained in the "defaults" Configuration (if exists).&lt;/p&gt;

&lt;p&gt;I think&lt;/p&gt;

&lt;p&gt;public boolean containsKey(String key)&lt;/p&gt;
    {
        return store.containsKey(key);
    }

&lt;p&gt;should be:&lt;/p&gt;

&lt;p&gt;public boolean containsKey(String key)&lt;/p&gt;
    {
        return store.containsKey(key)
           || ((defaults != null) &amp;amp;&amp;amp; defaults.containsKey(key));
    }</description>
                <environment>&lt;p&gt;Operating System: All&lt;br/&gt;
Platform: All&lt;/p&gt;</environment>
        <key id="12341246">CONFIGURATION-54</key>
            <summary>[configuration] BaseConfiguration: containsKey ignores default properties</summary>
                <type id="1" iconUrl="https://issues.apache.org/jira/secure/viewavatar?size=xsmall&amp;avatarId=21133&amp;avatarType=issuetype">Bug</type>
                                            <priority id="3" iconUrl="https://issues.apache.org/jira/images/icons/priorities/major.svg">Major</priority>
                        <status id="6" iconUrl="https://issues.apache.org/jira/images/icons/statuses/closed.png" description="The issue is considered finished, the resolution is correct. Issues which are not closed can be reopened.">Closed</status>
                    <statusCategory id="3" key="done" colorName="green" />
                                    <resolution id="1">Fixed</resolution>
                                        <assignee username="-1">Unassigned</assignee>
                                    <reporter username="christian@siefkes.net">Christian Siefkes</reporter>
                        <labels>
                    </labels>
                <created>Fri, 6 Feb 2004 02:28:38 +0000</created>
                <updated>Sat, 22 Aug 2009 19:36:40 +0000</updated>
                            <resolved>Sat, 22 Aug 2009 19:36:40 +0000</resolved>
                                    <version>Nightly Builds</version>
                                    <fixVersion>1.0</fixVersion>
                                        <due />
                            <votes>0</votes>
                                    <watches>0</watches>
                                                                <comments>
                            <comment id="12405935" author="christian@siefkes.net" created="Fri, 6 Feb 2004 02:42:21 +0000">&lt;p&gt;Of course, clearProperty(String key) must be adjusted as well when this is fixed.&lt;/p&gt;

&lt;p&gt;And shouldn't isEmpty() and getKeys() consider the "defaults" configuration too?&lt;/p&gt;</comment>
                            <comment id="12405936" author="dep4b" created="Sun, 15 Feb 2004 02:56:36 +0000">&lt;p&gt;I have fixed this bug.  However I think maybe a refactoring of &lt;br/&gt;
AbstractConfiguration(Configuration defaults) is in order.  See email list&lt;/p&gt;</comment>
                            <comment id="12405937" author="christian@siefkes.net" created="Mon, 16 Feb 2004 21:47:34 +0000">&lt;p&gt;I'm answering here because I'm not subscribed to the list. I actually switched&lt;br/&gt;
from PropertiesConfiguration with default values to CompositeConfiguration after&lt;br/&gt;
discovering this bug.&lt;/p&gt;

&lt;p&gt;My initial reason for not using CompositeConfiguration was a documentation bug:&lt;br/&gt;
CompositeConfiguration.addProperty says "CompositeConfigurations can not be&lt;br/&gt;
added to". Luckily, this isn't true (would have been a blocker for me if it&lt;br/&gt;
were), but I had to check the source code to find out.&lt;/p&gt;

&lt;p&gt;Otherwise I'm quite happy with using CompositeConfiguration instead of chained&lt;br/&gt;
defaults, but there is still one problem: CompositeConfiguration live in memory&lt;br/&gt;
only, I cannot store them. Currently I could convert a CompositeConfiguration to&lt;br/&gt;
a PropertiesConfiguration via the PropertiesConfiguration(Configuration&lt;br/&gt;
defaults) constructor for storing it, but if you remove the defaults that would&lt;br/&gt;
no longer be possible.&lt;/p&gt;

&lt;p&gt;Is there another way for converting a CompositeConfiguration to a serializable&lt;br/&gt;
format, or could you add one? If yes, I think it a good idea to replace chained&lt;br/&gt;
defaults by CompositeConfiguration.&lt;/p&gt;</comment>
                            <comment id="12405938" author="ebourg" created="Mon, 16 Feb 2004 22:10:15 +0000">&lt;p&gt;Maybe we could mark one of the configurations as the main configuration where&lt;br/&gt;
the added properties go instead of the in memory configuration. Then we might&lt;br/&gt;
add a save() method on the CompositeConfiguration that would call the save()&lt;br/&gt;
method on the contained configurations if available.&lt;/p&gt;</comment>
                    </comments>
                    <attachments>
                    </attachments>
                <subtasks>
                    </subtasks>
                <customfields>
                                                                                                                                                                                                                                                                                                                                                                                                                                                                                                                                                                                                    <customfield id="customfield_10010" key="com.atlassian.jira.plugin.system.customfieldtypes:importid">
                        <customfieldname>Bugzilla Id</customfieldname>
                        <customfieldvalues>
                            <customfieldvalue>26694</customfieldvalue>
                        </customfieldvalues>
                    </customfield>
                                                                                                                                                    <customfield id="customfield_12314020" key="com.atlassian.jira.plugins.jira-development-integration-plugin:devsummary">
                        <customfieldname>Development</customfieldname>
                        <customfieldvalues>
                            
                        </customfieldvalues>
                    </customfield>
                                                                                                                        <customfield id="customfield_12313422" key="com.atlassian.jirafisheyeplugin:jobcheckbox">
                        <customfieldname>Enable Automatic Patch Review</customfieldname>
                        <customfieldvalues>
                            <customfieldvalue>false</customfieldvalue>

                        </customfieldvalues>
                    </customfield>
                                                                                                                                                                                                                                                                                                                                                                                                                                                                                                                                                                                                                                                <customfield id="customfield_12310420" key="com.pyxis.greenhopper.jira:gh-global-rank">
                        <customfieldname>Global Rank</customfieldname>
                        <customfieldvalues>
                            <customfieldvalue>33911</customfieldvalue>
                        </customfieldvalues>
                    </customfield>
                                                                                                                                                                                                                                                                                                                                                                                                                                                                        <customfield id="customfield_12311820" key="com.pyxis.greenhopper.jira:gh-lexo-rank">
                        <customfieldname>Rank</customfieldname>
                        <customfieldvalues>
                            <customfieldvalue>0|i0upin:</customfieldvalue>

                        </customfieldvalues>
                    </customfield>
                                                                <customfield id="customfield_12310920" key="com.pyxis.greenhopper.jira:gh-global-rank">
                        <customfieldname>Rank (Obsolete)</customfieldname>
                        <customfieldvalues>
                            <customfieldvalue>177275</customfieldvalue>
                        </customfieldvalues>
                    </customfield>
                                                                                                                                                                                                                                                                                                                                                                                                                                                                                                                                                                                                                                                                                                                                                                                            </customfields>
    </item>


</channel>
</rss>