<rss version="0.92">
    <channel>
        <title>ASF JIRA</title>
        <link>https://issues.apache.org/jira/issues/?jql=project+%3D+CONFIGURATION+and+type+%3D+bug+and+%28status+%3D+RESOLVED+or+status+%3D+closed%29+and+resolution+%3D+Fixed+and+fixVersion+%21%3D+None++and+affectedVersion+%21%3D+None++and+affectedVersion+%21%3D+%22Nightly+Build%22</link>
        <description>An XML representation of a search request</description>
                <language>en-uk</language>
                        <issue start="0" end="213" total="213" />
                <build-info>
            <version>8.20.1</version>
            <build-number>820001</build-number>
            <build-date>28-10-2021</build-date>
        </build-info>

<item>
            <title>[CONFIGURATION-294] Trying to set values in the newly added node (using XMLConfiguration) doesn't work</title>
                <link>https://issues.apache.org/jira/browse/CONFIGURATION-294</link>
                <project id="12310467" key="CONFIGURATION">Commons Configuration</project>
                    <description>&lt;p&gt;I'm using XMLConfiguration to manipulate my xml configuration file. Here is what I did,&lt;/p&gt;

&lt;p&gt;1) Add a new node using "addNodes"&lt;br/&gt;
2) Save the configuration (using save method)&lt;br/&gt;
3) The new node gets added to the configuration file   &amp;lt;--- Good&lt;br/&gt;
4) Now try setting a value in the just added new node using "setProperty" method.&lt;br/&gt;
5) Save the configuration (using save method)&lt;br/&gt;
6) The save method still writes the configuration that was in step 3        &amp;lt;------- Bug&lt;/p&gt;

&lt;p&gt;Looks like for some reason the save still holds the old configuration in cache that after the add nodes. If I call "reload" after each save then everything works fine. &lt;/p&gt;

&lt;p&gt;Just a setProperty on its own (without addNodes) work fine. It's only when you try to addNodes and then do setProperty that this fails.&lt;/p&gt;

&lt;p&gt;I've tried this with the latest nightly build (1.5), released 1.4 and 1.3 --&amp;gt; all of them fail in this situation.&lt;/p&gt;

</description>
                <environment />
        <key id="12376735">CONFIGURATION-294</key>
            <summary>Trying to set values in the newly added node (using XMLConfiguration) doesn't work</summary>
                <type id="1" iconUrl="https://issues.apache.org/jira/secure/viewavatar?size=xsmall&amp;avatarId=21133&amp;avatarType=issuetype">Bug</type>
                                            <priority id="3" iconUrl="https://issues.apache.org/jira/images/icons/priorities/major.svg">Major</priority>
                        <status id="6" iconUrl="https://issues.apache.org/jira/images/icons/statuses/closed.png" description="The issue is considered finished, the resolution is correct. Issues which are not closed can be reopened.">Closed</status>
                    <statusCategory id="3" key="done" colorName="green" />
                                    <resolution id="1">Fixed</resolution>
                                        <assignee username="oheger">Oliver Heger</assignee>
                                    <reporter username="vivash">vivek</reporter>
                        <labels>
                    </labels>
                <created>Thu, 23 Aug 2007 18:04:47 +0000</created>
                <updated>Sat, 22 Aug 2009 19:36:50 +0000</updated>
                            <resolved>Fri, 24 Aug 2007 09:38:07 +0000</resolved>
                                    <version>1.4</version>
                    <version>1.5</version>
                                    <fixVersion>1.5</fixVersion>
                                        <due />
                            <votes>0</votes>
                                    <watches>0</watches>
                                                                <comments>
                            <comment id="12522242" author="oliver.heger@t-online.de" created="Thu, 23 Aug 2007 19:35:47 +0000">&lt;p&gt;You are right, this is a bug.&lt;/p&gt;

&lt;p&gt;The problem seems to be that the nodes passed to addNodes() are directly added to the internal node structure without checking for their type: If they are HierarchicalConfiguration.Node objects and not XMLConfiguration.XMLNode objects, a change of their value is not reflected in the internally hold XML document.&lt;/p&gt;

&lt;p&gt;A solution is to convert the nodes in addNodes() to the correct type XMLNode if necessary.&lt;/p&gt;</comment>
                            <comment id="12522451" author="oliver.heger@t-online.de" created="Fri, 24 Aug 2007 09:38:07 +0000">&lt;p&gt;A fix was applied. Thank you for spotting this.&lt;/p&gt;</comment>
                    </comments>
                    <attachments>
                    </attachments>
                <subtasks>
                    </subtasks>
                <customfields>
                                                                                                                                                                                                                                                                                                                                                                                                                                                                                                                                                                                                                                                                                                                    <customfield id="customfield_12314020" key="com.atlassian.jira.plugins.jira-development-integration-plugin:devsummary">
                        <customfieldname>Development</customfieldname>
                        <customfieldvalues>
                            
                        </customfieldvalues>
                    </customfield>
                                                                                                                        <customfield id="customfield_12313422" key="com.atlassian.jirafisheyeplugin:jobcheckbox">
                        <customfieldname>Enable Automatic Patch Review</customfieldname>
                        <customfieldvalues>
                            <customfieldvalue>false</customfieldvalue>

                        </customfieldvalues>
                    </customfield>
                                                                                                                                                                                                                                                                                                                                                                                                                                                                                                                                                                                                                                                <customfield id="customfield_12310420" key="com.pyxis.greenhopper.jira:gh-global-rank">
                        <customfieldname>Global Rank</customfieldname>
                        <customfieldvalues>
                            <customfieldvalue>33865</customfieldvalue>
                        </customfieldvalues>
                    </customfield>
                                                                                                                                                                                                                                                                                                                                                                                                                                                                        <customfield id="customfield_12311820" key="com.pyxis.greenhopper.jira:gh-lexo-rank">
                        <customfieldname>Rank</customfieldname>
                        <customfieldvalues>
                            <customfieldvalue>0|i0upov:</customfieldvalue>

                        </customfieldvalues>
                    </customfield>
                                                                <customfield id="customfield_12310920" key="com.pyxis.greenhopper.jira:gh-global-rank">
                        <customfieldname>Rank (Obsolete)</customfieldname>
                        <customfieldvalues>
                            <customfieldvalue>177303</customfieldvalue>
                        </customfieldvalues>
                    </customfield>
                                                                                                                                                                                                                                                                                                                                                                                                                                                                                                                                                                                                                                                                                                                                                                                            </customfields>
    </item>


</channel>
</rss>