<rss version="0.92">
    <channel>
        <title>ASF JIRA</title>
        <link>https://issues.apache.org/jira/issues/?jql=project+%3D+CONFIGURATION+and+type+%3D+bug+and+%28status+%3D+RESOLVED+or+status+%3D+closed%29+and+resolution+%3D+Fixed+and+fixVersion+%21%3D+None++and+affectedVersion+%21%3D+None++and+affectedVersion+%21%3D+%22Nightly+Build%22</link>
        <description>An XML representation of a search request</description>
                <language>en-uk</language>
                        <issue start="0" end="213" total="213" />
                <build-info>
            <version>8.20.1</version>
            <build-number>820001</build-number>
            <build-date>28-10-2021</build-date>
        </build-info>

<item>
            <title>[CONFIGURATION-618] Accessing missing properties of immutable subset throws UndeclaredThrowableException instead of NoSuchElementException</title>
                <link>https://issues.apache.org/jira/browse/CONFIGURATION-618</link>
                <project id="12310467" key="CONFIGURATION">Commons Configuration</project>
                    <description>&lt;p&gt;When I access a non-existing property of a configuration that has ThrowExceptionOnMissing set an java.lang.reflect.UndeclaredThrowableException is thrown. I think the desired behaviour would be to pass the underlying java.util.NoSuchElementException through from the ImmutableConfigurationInvocationHandler.&lt;/p&gt;

&lt;p&gt;Example code:&lt;/p&gt;
&lt;div class="code panel" style="border-width: 1px;"&gt;&lt;div class="codeContent panelContent"&gt;
&lt;pre class="code-java"&gt;&lt;span class="code-keyword"&gt;import&lt;/span&gt; org.apache.commons.configuration2.ImmutableConfiguration;
&lt;span class="code-keyword"&gt;import&lt;/span&gt; org.apache.commons.configuration2.PropertiesConfiguration;

&lt;span class="code-keyword"&gt;public&lt;/span&gt; &lt;span class="code-keyword"&gt;class &lt;/span&gt;ImmutableConfigurationStacktraceTest {

	&lt;span class="code-keyword"&gt;public&lt;/span&gt; &lt;span class="code-keyword"&gt;static&lt;/span&gt; void main(&lt;span class="code-object"&gt;String&lt;/span&gt;[] args) {
		&lt;span class="code-comment"&gt;//create empty PropertiesConfiguration
&lt;/span&gt;		PropertiesConfiguration propertiesConfiguration = &lt;span class="code-keyword"&gt;new&lt;/span&gt; PropertiesConfiguration();
		&lt;span class="code-comment"&gt;//&lt;span class="code-keyword"&gt;throw&lt;/span&gt; error when non-existing property is requested
&lt;/span&gt;		propertiesConfiguration.setThrowExceptionOnMissing(&lt;span class="code-keyword"&gt;true&lt;/span&gt;);
		
		&lt;span class="code-comment"&gt;//get immutable subset handled by ImmutableConfigurationInvocationHandler
&lt;/span&gt;		ImmutableConfiguration subset = propertiesConfiguration.immutableSubset("");
		
		&lt;span class="code-comment"&gt;//&lt;span class="code-keyword"&gt;this&lt;/span&gt; should &lt;span class="code-keyword"&gt;throw&lt;/span&gt; java.util.NoSuchElementException
&lt;/span&gt;		subset.getString(&lt;span class="code-quote"&gt;"whoops!"&lt;/span&gt;);
	}

}
&lt;/pre&gt;
&lt;/div&gt;&lt;/div&gt;

&lt;p&gt;gives the stacktrace:&lt;/p&gt;

&lt;div class="code panel" style="border-width: 1px;"&gt;&lt;div class="codeContent panelContent"&gt;
&lt;pre class="code-java"&gt;Exception in thread &lt;span class="code-quote"&gt;"main"&lt;/span&gt; java.lang.reflect.UndeclaredThrowableException
	at com.sun.proxy.$Proxy0.getString(Unknown Source)
	at test.main(test.java:10)
Caused by: java.lang.reflect.InvocationTargetException
	at sun.reflect.NativeMethodAccessorImpl.invoke0(Native Method)
	at sun.reflect.NativeMethodAccessorImpl.invoke(NativeMethodAccessorImpl.java:62)
	at sun.reflect.DelegatingMethodAccessorImpl.invoke(DelegatingMethodAccessorImpl.java:43)
	at java.lang.reflect.Method.invoke(Method.java:497)
	at org.apache.commons.configuration2.ImmutableConfigurationInvocationHandler.invoke(ImmutableConfigurationInvocationHandler.java:79)
	... 2 more
Caused by: java.util.NoSuchElementException: Key &lt;span class="code-quote"&gt;'whoops!'&lt;/span&gt; does not map to an existing object!
	at org.apache.commons.configuration2.AbstractConfiguration.throwMissingPropertyException(AbstractConfiguration.java:1873)
	at org.apache.commons.configuration2.AbstractConfiguration.convert(AbstractConfiguration.java:1784)
	at org.apache.commons.configuration2.AbstractConfiguration.getString(AbstractConfiguration.java:1343)
	... 7 more
&lt;/pre&gt;
&lt;/div&gt;&lt;/div&gt;</description>
                <environment>&lt;p&gt;Oracle JDK 1.8.0_60&lt;/p&gt;</environment>
        <key id="12936977">CONFIGURATION-618</key>
            <summary>Accessing missing properties of immutable subset throws UndeclaredThrowableException instead of NoSuchElementException</summary>
                <type id="1" iconUrl="https://issues.apache.org/jira/secure/viewavatar?size=xsmall&amp;avatarId=21133&amp;avatarType=issuetype">Bug</type>
                                            <priority id="4" iconUrl="https://issues.apache.org/jira/images/icons/priorities/minor.svg">Minor</priority>
                        <status id="6" iconUrl="https://issues.apache.org/jira/images/icons/statuses/closed.png" description="The issue is considered finished, the resolution is correct. Issues which are not closed can be reopened.">Closed</status>
                    <statusCategory id="3" key="done" colorName="green" />
                                    <resolution id="1">Fixed</resolution>
                                        <assignee username="-1">Unassigned</assignee>
                                    <reporter username="roshh">Robert Schimansky</reporter>
                        <labels>
                    </labels>
                <created>Fri, 5 Feb 2016 08:07:39 +0000</created>
                <updated>Thu, 24 Mar 2016 20:20:46 +0000</updated>
                            <resolved>Sun, 7 Feb 2016 18:15:12 +0000</resolved>
                                    <version>2.0-beta2</version>
                                    <fixVersion>2.0</fixVersion>
                                        <due />
                            <votes>1</votes>
                                    <watches>2</watches>
                                                                <comments>
                            <comment id="15136353" author="oliver.heger@t-online.de" created="Sun, 7 Feb 2016 18:15:12 +0000">&lt;p&gt;Fixed in svn in revision 1728999.&lt;/p&gt;

&lt;p&gt;Many thanks for the report!&lt;/p&gt;</comment>
                    </comments>
                    <attachments>
                    </attachments>
                <subtasks>
                    </subtasks>
                <customfields>
                                                                                                                                                                                                                                                                                                                                                                                                                                                                                                                                                                                                                                                                                                                    <customfield id="customfield_12314020" key="com.atlassian.jira.plugins.jira-development-integration-plugin:devsummary">
                        <customfieldname>Development</customfieldname>
                        <customfieldvalues>
                            
                        </customfieldvalues>
                    </customfield>
                                                                                                                        <customfield id="customfield_12313422" key="com.atlassian.jirafisheyeplugin:jobcheckbox">
                        <customfieldname>Enable Automatic Patch Review</customfieldname>
                        <customfieldvalues>
                            <customfieldvalue>false</customfieldvalue>

                        </customfieldvalues>
                    </customfield>
                                                                                                                                                                                                                                                                                                                                                                                                                                                                                                                                                                                                                                                <customfield id="customfield_12310420" key="com.pyxis.greenhopper.jira:gh-global-rank">
                        <customfieldname>Global Rank</customfieldname>
                        <customfieldvalues>
                            <customfieldvalue>9223372036854775807</customfieldvalue>
                        </customfieldvalues>
                    </customfield>
                                                                                                                                                                                                                                                                                                                                                                                                                                                                        <customfield id="customfield_12311820" key="com.pyxis.greenhopper.jira:gh-lexo-rank">
                        <customfieldname>Rank</customfieldname>
                        <customfieldvalues>
                            <customfieldvalue>0|i2sgsf:</customfieldvalue>

                        </customfieldvalues>
                    </customfield>
                                                                <customfield id="customfield_12310920" key="com.pyxis.greenhopper.jira:gh-global-rank">
                        <customfieldname>Rank (Obsolete)</customfieldname>
                        <customfieldvalues>
                            <customfieldvalue>9223372036854775807</customfieldvalue>
                        </customfieldvalues>
                    </customfield>
                                                                                                                                                                                                                                                                                                                                                                                                                                                                                                                                                                                                                                                                                                                                                                                            </customfields>
    </item>


</channel>
</rss>