<rss version="0.92">
    <channel>
        <title>ASF JIRA</title>
        <link>https://issues.apache.org/jira/issues/?jql=project+%3D+CONFIGURATION+and+type+%3D+bug+and+%28status+%3D+RESOLVED+or+status+%3D+closed%29+and+resolution+%3D+Fixed+and+fixVersion+%21%3D+None++and+affectedVersion+%21%3D+None++and+affectedVersion+%21%3D+%22Nightly+Build%22</link>
        <description>An XML representation of a search request</description>
                <language>en-uk</language>
                        <issue start="0" end="213" total="213" />
                <build-info>
            <version>8.20.1</version>
            <build-number>820001</build-number>
            <build-date>28-10-2021</build-date>
        </build-info>

<item>
            <title>[CONFIGURATION-716] PropertiesConfiguration: Escape sequence handling different from Properties</title>
                <link>https://issues.apache.org/jira/browse/CONFIGURATION-716</link>
                <project id="12310467" key="CONFIGURATION">Commons Configuration</project>
                    <description>&lt;p&gt;The escape sequence handling in PropertiesConfiguration is different from java.util.Properties.&lt;/p&gt;

&lt;p&gt;The Javadoc (of java.util.Properties) basically states that if an escape sequence (backslash + character) is not understood, the backslash is simply removed.&#160;PropertiesConfiguration keeps the backslash. E.g. "\ " (backslash + space) should result in just a space. This sequence is used by Properties to escape the first leading space in a property value when writing to a properties-file.&#160;PropertiesConfiguration does not understand this syntax. Also (which is technically a different issue but pretty close to this one) does not preserve leading spaces in property values when saving. One could use \u0020 to encode the first leading space, but it would be nicer if it could just use the simpler&#160;"\ ".&lt;/p&gt;</description>
                <environment />
        <key id="13186301">CONFIGURATION-716</key>
            <summary>PropertiesConfiguration: Escape sequence handling different from Properties</summary>
                <type id="1" iconUrl="https://issues.apache.org/jira/secure/viewavatar?size=xsmall&amp;avatarId=21133&amp;avatarType=issuetype">Bug</type>
                                            <priority id="3" iconUrl="https://issues.apache.org/jira/images/icons/priorities/major.svg">Major</priority>
                        <status id="5" iconUrl="https://issues.apache.org/jira/images/icons/statuses/resolved.png" description="A resolution has been taken, and it is awaiting verification by reporter. From here issues are either reopened, or are closed.">Resolved</status>
                    <statusCategory id="3" key="done" colorName="green" />
                                    <resolution id="1">Fixed</resolution>
                                        <assignee username="-1">Unassigned</assignee>
                                    <reporter username="Frettman">Patrick Schmidt</reporter>
                        <labels>
                    </labels>
                <created>Thu, 20 Sep 2018 10:38:48 +0000</created>
                <updated>Fri, 5 Oct 2018 20:06:51 +0000</updated>
                            <resolved>Fri, 5 Oct 2018 20:06:50 +0000</resolved>
                                    <version>2.3</version>
                                    <fixVersion>2.4</fixVersion>
                                        <due />
                            <votes>0</votes>
                                    <watches>3</watches>
                                                                <comments>
                            <comment id="16636035" author="oliver.heger@t-online.de" created="Tue, 2 Oct 2018 19:56:25 +0000">&lt;p&gt;The patch for &lt;a href="https://issues.apache.org/jira/browse/CONFIGURATION-715" title="PropertiesConfiguration should not trim whitespace from the property value" class="issue-link" data-issue-key="CONFIGURATION-715"&gt;&lt;del&gt;CONFIGURATION-715&lt;/del&gt;&lt;/a&gt; covers this issue as well.&lt;/p&gt;</comment>
                            <comment id="16640294" author="oliver.heger@t-online.de" created="Fri, 5 Oct 2018 20:06:50 +0000">&lt;p&gt;Fixed together with &lt;a href="https://issues.apache.org/jira/browse/CONFIGURATION-715" title="PropertiesConfiguration should not trim whitespace from the property value" class="issue-link" data-issue-key="CONFIGURATION-715"&gt;&lt;del&gt;CONFIGURATION-715&lt;/del&gt;&lt;/a&gt;.&lt;/p&gt;</comment>
                    </comments>
                <issuelinks>
                            <issuelinktype id="12310010">
                    <name>Incorporates</name>
                                                                <inwardlinks description="is part of">
                                        <issuelink>
            <issuekey id="13186084">CONFIGURATION-715</issuekey>
        </issuelink>
                            </inwardlinks>
                                    </issuelinktype>
                    </issuelinks>
                <attachments>
                    </attachments>
                <subtasks>
                    </subtasks>
                <customfields>
                                                                                                                                                                                                                                                                                                                                                                                                                                                                                                                                                                                                                                                                                                                    <customfield id="customfield_12314020" key="com.atlassian.jira.plugins.jira-development-integration-plugin:devsummary">
                        <customfieldname>Development</customfieldname>
                        <customfieldvalues>
                            
                        </customfieldvalues>
                    </customfield>
                                                                                                                        <customfield id="customfield_12313422" key="com.atlassian.jirafisheyeplugin:jobcheckbox">
                        <customfieldname>Enable Automatic Patch Review</customfieldname>
                        <customfieldvalues>
                            <customfieldvalue>false</customfieldvalue>

                        </customfieldvalues>
                    </customfield>
                                                                                                                                                                                                                                                                                                                                                                                                                                                                                                                                                                                                                                                <customfield id="customfield_12310420" key="com.pyxis.greenhopper.jira:gh-global-rank">
                        <customfieldname>Global Rank</customfieldname>
                        <customfieldvalues>
                            <customfieldvalue>9223372036854775807</customfieldvalue>
                        </customfieldvalues>
                    </customfield>
                                                                                                                                                                                                                                                                                                                                                                                                                                                                        <customfield id="customfield_12311820" key="com.pyxis.greenhopper.jira:gh-lexo-rank">
                        <customfieldname>Rank</customfieldname>
                        <customfieldvalues>
                            <customfieldvalue>0|i3yapb:</customfieldvalue>

                        </customfieldvalues>
                    </customfield>
                                                                <customfield id="customfield_12310920" key="com.pyxis.greenhopper.jira:gh-global-rank">
                        <customfieldname>Rank (Obsolete)</customfieldname>
                        <customfieldvalues>
                            <customfieldvalue>9223372036854775807</customfieldvalue>
                        </customfieldvalues>
                    </customfield>
                                                                                                                                                                                                                                                                                                                                                                                                                                                                                                                                                                                                                                                                                                                                                                                            </customfields>
    </item>


</channel>
</rss>