<rss version="0.92">
    <channel>
        <title>ASF JIRA</title>
        <link>https://issues.apache.org/jira/issues/?jql=project+%3D+CONFIGURATION+and+type+%3D+bug+and+%28status+%3D+RESOLVED+or+status+%3D+closed%29+and+resolution+%3D+Fixed+and+fixVersion+%21%3D+None++and+affectedVersion+%21%3D+None++and+affectedVersion+%21%3D+%22Nightly+Build%22</link>
        <description>An XML representation of a search request</description>
                <language>en-uk</language>
                        <issue start="0" end="213" total="213" />
                <build-info>
            <version>8.20.1</version>
            <build-number>820001</build-number>
            <build-date>28-10-2021</build-date>
        </build-info>

<item>
            <title>[CONFIGURATION-715] PropertiesConfiguration should not trim whitespace from the property value</title>
                <link>https://issues.apache.org/jira/browse/CONFIGURATION-715</link>
                <project id="12310467" key="CONFIGURATION">Commons Configuration</project>
                    <description>&lt;p&gt;Currently,&#160;PropertiesConfiguration will trim all trailing whitespace from property values. This is different from how&#160;java.util.Properties behaves. The Javadoc explicitly states&lt;/p&gt;
&lt;div class="code panel" style="border-width: 1px;"&gt;&lt;div class="codeContent panelContent"&gt;
&lt;pre class="code-java"&gt;
All remaining characters on the line become part of the associated element string&lt;/pre&gt;
&lt;/div&gt;&lt;/div&gt;
&lt;p&gt;The responsible code is in the method &lt;em&gt;readProperty()&lt;/em&gt; of&#160;&lt;em&gt;PropertiesReader&lt;/em&gt;.&lt;/p&gt;</description>
                <environment />
        <key id="13186084">CONFIGURATION-715</key>
            <summary>PropertiesConfiguration should not trim whitespace from the property value</summary>
                <type id="1" iconUrl="https://issues.apache.org/jira/secure/viewavatar?size=xsmall&amp;avatarId=21133&amp;avatarType=issuetype">Bug</type>
                                            <priority id="3" iconUrl="https://issues.apache.org/jira/images/icons/priorities/major.svg">Major</priority>
                        <status id="5" iconUrl="https://issues.apache.org/jira/images/icons/statuses/resolved.png" description="A resolution has been taken, and it is awaiting verification by reporter. From here issues are either reopened, or are closed.">Resolved</status>
                    <statusCategory id="3" key="done" colorName="green" />
                                    <resolution id="1">Fixed</resolution>
                                        <assignee username="-1">Unassigned</assignee>
                                    <reporter username="Frettman">Patrick Schmidt</reporter>
                        <labels>
                    </labels>
                <created>Wed, 19 Sep 2018 15:37:48 +0000</created>
                <updated>Sun, 16 Jun 2019 10:12:15 +0000</updated>
                            <resolved>Fri, 5 Oct 2018 20:06:05 +0000</resolved>
                                    <version>2.3</version>
                                    <fixVersion>2.4</fixVersion>
                                        <due />
                            <votes>1</votes>
                                    <watches>3</watches>
                                            <timeestimate seconds="0">0h</timeestimate>
                            <timespent seconds="600">10m</timespent>
                                <comments>
                            <comment id="16622643" author="oliver.heger@t-online.de" created="Thu, 20 Sep 2018 20:01:56 +0000">&lt;p&gt;It is not necessarily the goal of &lt;em&gt;PropertiesConfiguration&lt;/em&gt; to behave exactly like java.util.Properties.&lt;/p&gt;

&lt;p&gt;The line trimming has been done from the very first release on. So changing this has a high potential to break client code; it would only be possible to have an option to turn this on if required.&lt;/p&gt;

&lt;p&gt;Can you work around the issue by implementing your own &lt;em&gt;PropertiesReader&lt;/em&gt;? (The reader can be customized.) But there is an additional (and probably superflous) &lt;em&gt;trim()&lt;/em&gt; call in &lt;em&gt;readProperty()&lt;/em&gt; which would have to be removed.&lt;/p&gt;</comment>
                            <comment id="16622724" author="frettman" created="Thu, 20 Sep 2018 21:15:35 +0000">&lt;p&gt;I don't mind useful extensions to the format, but I do think it would be beneficial (for me at least &lt;img class="emoticon" src="https://issues.apache.org/jira/images/icons/emoticons/wink.png" height="16" width="16" align="absmiddle" alt="" border="0"/&gt;)&#160;to stick to the "specification" as much as possible to ensure interoperability with java.util.Properties and other tools to manipulate properties files. At least as long as there's no compelling reason to deviate from that.&lt;/p&gt;

&lt;p&gt;Backwards compatibility is important, so maybe something like an alternative&#160;IOFactory could work. That could also cover my other issues from &lt;a href="https://issues.apache.org/jira/browse/CONFIGURATION-715" title="PropertiesConfiguration should not trim whitespace from the property value" class="issue-link" data-issue-key="CONFIGURATION-715"&gt;&lt;del&gt;CONFIGURATION-715&lt;/del&gt;&lt;/a&gt; without breaking existing client code.&lt;/p&gt;

&lt;p&gt;My current minimally invasive workaround for this specific issue is to override the method &lt;em&gt;readLine()&lt;/em&gt;&#160;of the &lt;em&gt;PropertiesReader&lt;/em&gt; and replace a trailing whitespace with its escape sequence. That won't get trimmed away and will be replaced with its original character later on. This solution is good enough for my needs.&lt;/p&gt;

&lt;p&gt;If you decide that compatibility with&#160;java.util.Properties is nothing you want to go for, you might at least consider escaping the first leading and last trailing space&#160;when saving. One can manually use \u0020 to avoid the trimming, but loading and saving will replace that with a regular space which will be gone the next time the file is loaded.&lt;/p&gt;</comment>
                            <comment id="16624681" author="oliver.heger@t-online.de" created="Sat, 22 Sep 2018 13:49:42 +0000">&lt;p&gt;An alternative IOFactory that tries to mimic the behavior of java.util.Properties would really be a good enhancement. Are you willing to work on this? We are happy to review and accept patches.&lt;/p&gt;</comment>
                            <comment id="16625515" author="frettman" created="Mon, 24 Sep 2018 08:22:31 +0000">&lt;p&gt;I'm not saying I'll do it...but I already started.&lt;/p&gt;

&lt;p&gt;Is there by any chance a Java formatter profile for Eclipse, so I don't have to extrapolate code conventions from existing code?&lt;/p&gt;</comment>
                            <comment id="16626056" author="oliver.heger@t-online.de" created="Mon, 24 Sep 2018 16:00:45 +0000">&lt;p&gt;This is great!&lt;/p&gt;

&lt;p&gt;Regarding Eclipse formatter: There is none that I am aware of. Unfortunately, (probably for historical reasons) Commons Components do not use a uniform code format. But if you build the site with &lt;em&gt;mvn site,&lt;/em&gt; the Checkstyle report can tell you if some style guides have been violated.&lt;/p&gt;</comment>
                            <comment id="16633362" author="frettman" created="Sun, 30 Sep 2018 12:39:47 +0000">&lt;p&gt;I just created a &lt;a href="https://github.com/apache/commons-configuration/pull/13" class="external-link" target="_blank" rel="nofollow noopener"&gt;pull request&lt;/a&gt;&#160;that also covers &lt;a href="https://issues.apache.org/jira/browse/CONFIGURATION-716" title="PropertiesConfiguration: Escape sequence handling different from Properties" class="issue-link" data-issue-key="CONFIGURATION-716"&gt;&lt;del&gt;CONFIGURATION-716&lt;/del&gt;&lt;/a&gt;, plus a bit more related to compatibility with&#160;java.util.Properties. Let me know what you think.&lt;/p&gt;</comment>
                            <comment id="16633490" author="oliver.heger@t-online.de" created="Sun, 30 Sep 2018 19:57:06 +0000">&lt;p&gt;Many thanks! I will have a look (probably in a few days).&lt;/p&gt;</comment>
                            <comment id="16636032" author="oliver.heger@t-online.de" created="Tue, 2 Oct 2018 19:55:20 +0000">&lt;p&gt;Impressive patch! I have applied it (with minor changes, just added some @since tags) in revision 1842650.&lt;/p&gt;

&lt;p&gt;Ideally, we could add a sentence to the user's guide mentioning the new IOFactory class as an alternative when stricter compatibility to java.util.Properties is required. Do you want to create a corresponding patch, too?&lt;/p&gt;

&lt;p&gt;Also, if you want to be added to the contributors section in pom.xml, just send us the data you want to get in.&lt;/p&gt;

&lt;p&gt;Many thanks again!&lt;/p&gt;</comment>
                            <comment id="16638820" author="frettman" created="Thu, 4 Oct 2018 20:24:30 +0000">&lt;p&gt;I created a &lt;a href="https://github.com/apache/commons-configuration/pull/14" class="external-link" target="_blank" rel="nofollow noopener"&gt;pull request&lt;/a&gt; for the user's guide and an incomplete Javadoc on&#160;JupIOFactory that I missed. For the&#160;contributors section just take the name and email address from my commit.&lt;/p&gt;</comment>
                            <comment id="16640293" author="oliver.heger@t-online.de" created="Fri, 5 Oct 2018 20:06:05 +0000">&lt;p&gt;Patch was applied, and you have been added to the contributors section.&lt;/p&gt;

&lt;p&gt;Many thanks again!&lt;/p&gt;</comment>
                    </comments>
                <issuelinks>
                            <issuelinktype id="12310010">
                    <name>Incorporates</name>
                                            <outwardlinks description="incorporates">
                                        <issuelink>
            <issuekey id="13186301">CONFIGURATION-716</issuekey>
        </issuelink>
                            </outwardlinks>
                                                        </issuelinktype>
                    </issuelinks>
                <attachments>
                    </attachments>
                <subtasks>
                    </subtasks>
                <customfields>
                                                                                                                                                                                                                                                                                                                                                                                                                                                                                                                                                                                                                                                                                                                    <customfield id="customfield_12314020" key="com.atlassian.jira.plugins.jira-development-integration-plugin:devsummary">
                        <customfieldname>Development</customfieldname>
                        <customfieldvalues>
                            
                        </customfieldvalues>
                    </customfield>
                                                                                                                        <customfield id="customfield_12313422" key="com.atlassian.jirafisheyeplugin:jobcheckbox">
                        <customfieldname>Enable Automatic Patch Review</customfieldname>
                        <customfieldvalues>
                            <customfieldvalue>false</customfieldvalue>

                        </customfieldvalues>
                    </customfield>
                                                                                                                                                                                                                                                                                                                                                                                                                                                                                                                                                                                                                                                <customfield id="customfield_12310420" key="com.pyxis.greenhopper.jira:gh-global-rank">
                        <customfieldname>Global Rank</customfieldname>
                        <customfieldvalues>
                            <customfieldvalue>9223372036854775807</customfieldvalue>
                        </customfieldvalues>
                    </customfield>
                                                                                                                                                                                                                                                                                                                                                                                                                                                                        <customfield id="customfield_12311820" key="com.pyxis.greenhopper.jira:gh-lexo-rank">
                        <customfieldname>Rank</customfieldname>
                        <customfieldvalues>
                            <customfieldvalue>0|i3y9dj:</customfieldvalue>

                        </customfieldvalues>
                    </customfield>
                                                                <customfield id="customfield_12310920" key="com.pyxis.greenhopper.jira:gh-global-rank">
                        <customfieldname>Rank (Obsolete)</customfieldname>
                        <customfieldvalues>
                            <customfieldvalue>9223372036854775807</customfieldvalue>
                        </customfieldvalues>
                    </customfield>
                                                                                                                                                                                                                                                                                                                                                                                                                                                                                                                                                                                                                                                                                                                                                                                            </customfields>
    </item>


</channel>
</rss>