<rss version="0.92">
    <channel>
        <title>ASF JIRA</title>
        <link>https://issues.apache.org/jira/issues/?jql=project+%3D+CONFIGURATION+and+type+%3D+bug+and+%28status+%3D+RESOLVED+or+status+%3D+closed%29+and+resolution+%3D+Fixed+and+fixVersion+%21%3D+None++and+affectedVersion+%21%3D+None++and+affectedVersion+%21%3D+%22Nightly+Build%22</link>
        <description>An XML representation of a search request</description>
                <language>en-uk</language>
                        <issue start="0" end="213" total="213" />
                <build-info>
            <version>8.20.1</version>
            <build-number>820001</build-number>
            <build-date>28-10-2021</build-date>
        </build-info>

<item>
            <title>[CONFIGURATION-283] CombinedConfiguration doesn't take escaped characters into account.</title>
                <link>https://issues.apache.org/jira/browse/CONFIGURATION-283</link>
                <project id="12310467" key="CONFIGURATION">Commons Configuration</project>
                    <description>&lt;p&gt;Hi, &lt;/p&gt;

&lt;p&gt;I've tried to used CombinedConfiguration but it seems escaped characters are not taken into account :&lt;/p&gt;

&lt;p&gt;import org.apache.commons.configuration.CombinedConfiguration;&lt;br/&gt;
import org.apache.commons.configuration.ConfigurationException;&lt;br/&gt;
import org.apache.commons.configuration.PropertiesConfiguration;&lt;/p&gt;

&lt;p&gt;import junit.framework.TestCase;&lt;/p&gt;

&lt;p&gt;public class TestProp extends TestCase {&lt;/p&gt;


&lt;p&gt;	public void testprop() throws ConfigurationException &lt;/p&gt;
{
		// test.properties contains :
		//    without_escape=aa,bb
		//    with_escape=aa\,bb
		//    with_2escapes=aa\\,bb
		
		String prop_filename = "c:\\tmp\\test.properties";
		PropertiesConfiguration properties_config = new PropertiesConfiguration(prop_filename);
		CombinedConfiguration   combined_config   = new CombinedConfiguration();
		combined_config.addConfiguration(properties_config);
		
		System.out.println("Properties config");
		System.out.println(properties_config.getString("without_escape"));
		System.out.println(properties_config.getString("with_escape"));
		System.out.println(properties_config.getString("with_2escapes"));

		System.out.println("\nCombined config");
		System.out.println(combined_config.getString("without_escape"));
		System.out.println(combined_config.getString("with_escape"));
		System.out.println(combined_config.getString("with_2escapes"));
		
	}
&lt;p&gt;}&lt;/p&gt;

&lt;p&gt;Result : &lt;br/&gt;
---------&lt;br/&gt;
Properties config&lt;br/&gt;
aa&lt;br/&gt;
aa,bb&lt;br/&gt;
aa,bb&lt;/p&gt;

&lt;p&gt;Combined config&lt;br/&gt;
aa&lt;br/&gt;
aa&lt;br/&gt;
aa&lt;/p&gt;


&lt;p&gt;Thanks !&lt;br/&gt;
Franck&lt;/p&gt;</description>
                <environment />
        <key id="12372816">CONFIGURATION-283</key>
            <summary>CombinedConfiguration doesn't take escaped characters into account.</summary>
                <type id="1" iconUrl="https://issues.apache.org/jira/secure/viewavatar?size=xsmall&amp;avatarId=21133&amp;avatarType=issuetype">Bug</type>
                                            <priority id="3" iconUrl="https://issues.apache.org/jira/images/icons/priorities/major.svg">Major</priority>
                        <status id="6" iconUrl="https://issues.apache.org/jira/images/icons/statuses/closed.png" description="The issue is considered finished, the resolution is correct. Issues which are not closed can be reopened.">Closed</status>
                    <statusCategory id="3" key="done" colorName="green" />
                                    <resolution id="1">Fixed</resolution>
                                        <assignee username="oheger">Oliver Heger</assignee>
                                    <reporter username="franckv">Franck Valentin</reporter>
                        <labels>
                    </labels>
                <created>Mon, 2 Jul 2007 12:38:23 +0000</created>
                <updated>Sat, 22 Aug 2009 19:36:50 +0000</updated>
                            <resolved>Thu, 12 Jul 2007 20:02:18 +0000</resolved>
                                    <version>1.4</version>
                                    <fixVersion>1.5</fixVersion>
                                        <due />
                            <votes>0</votes>
                                    <watches>0</watches>
                                                                <comments>
                            <comment id="12509653" author="oliver.heger@t-online.de" created="Mon, 2 Jul 2007 20:01:42 +0000">&lt;p&gt;Thank you for spotting this.&lt;/p&gt;

&lt;p&gt;I had a look at the code, and it seems that this bug is related to &lt;a href="https://issues.apache.org/jira/browse/CONFIGURATION-272" title="ConfigurationUtils.copy results in escaped &amp;quot;,&amp;quot; characters no longer being escaped" class="issue-link" data-issue-key="CONFIGURATION-272"&gt;&lt;del&gt;CONFIGURATION-272&lt;/del&gt;&lt;/a&gt;: Under the hood ConfigurationUtils.copy() is called, which does not handle list delimiters correctly.&lt;/p&gt;</comment>
                            <comment id="12512237" author="oliver.heger@t-online.de" created="Thu, 12 Jul 2007 20:02:18 +0000">&lt;p&gt;A fix was applied to ConfigurationUtils.convertToHierarchical(), which was the source of the problem.&lt;/p&gt;

&lt;p&gt;This is a simple workaround for the problem with ConfigurationUtils.copy(). We might want to touch this again when this problem is solved. But for the moment everything works fine.&lt;/p&gt;</comment>
                    </comments>
                    <attachments>
                    </attachments>
                <subtasks>
                    </subtasks>
                <customfields>
                                                                                                                                                                                                                                                                                                                                                                                                                                                                                                                                                                                                                                                                                                                    <customfield id="customfield_12314020" key="com.atlassian.jira.plugins.jira-development-integration-plugin:devsummary">
                        <customfieldname>Development</customfieldname>
                        <customfieldvalues>
                            
                        </customfieldvalues>
                    </customfield>
                                                                                                                        <customfield id="customfield_12313422" key="com.atlassian.jirafisheyeplugin:jobcheckbox">
                        <customfieldname>Enable Automatic Patch Review</customfieldname>
                        <customfieldvalues>
                            <customfieldvalue>false</customfieldvalue>

                        </customfieldvalues>
                    </customfield>
                                                                                                                                                                                                                                                                                                                                                                                                                                                                                                                                                                                                                                                <customfield id="customfield_12310420" key="com.pyxis.greenhopper.jira:gh-global-rank">
                        <customfieldname>Global Rank</customfieldname>
                        <customfieldvalues>
                            <customfieldvalue>33937</customfieldvalue>
                        </customfieldvalues>
                    </customfield>
                                                                                                                                                                                                                                                                                                                                                                                                                                                                        <customfield id="customfield_12311820" key="com.pyxis.greenhopper.jira:gh-lexo-rank">
                        <customfieldname>Rank</customfieldname>
                        <customfieldvalues>
                            <customfieldvalue>0|i0up7b:</customfieldvalue>

                        </customfieldvalues>
                    </customfield>
                                                                <customfield id="customfield_12310920" key="com.pyxis.greenhopper.jira:gh-global-rank">
                        <customfieldname>Rank (Obsolete)</customfieldname>
                        <customfieldvalues>
                            <customfieldvalue>177224</customfieldvalue>
                        </customfieldvalues>
                    </customfield>
                                                                                                                                                                                                                                                                                                                                                                                                                                                                                                                                                                                                                                                                                                                                                                                            </customfields>
    </item>


</channel>
</rss>