<rss version="0.92">
    <channel>
        <title>ASF JIRA</title>
        <link>https://issues.apache.org/jira/issues/?jql=project+%3D+CONFIGURATION+and+type+%3D+bug+and+%28status+%3D+RESOLVED+or+status+%3D+closed%29+and+resolution+%3D+Fixed+and+fixVersion+%21%3D+None++and+affectedVersion+%21%3D+None++and+affectedVersion+%21%3D+%22Nightly+Build%22</link>
        <description>An XML representation of a search request</description>
                <language>en-uk</language>
                        <issue start="0" end="213" total="213" />
                <build-info>
            <version>8.20.1</version>
            <build-number>820001</build-number>
            <build-date>28-10-2021</build-date>
        </build-info>

<item>
            <title>[CONFIGURATION-476] Possible ClassCastException in CompositeConfiguration if a special in-memory configuration is used</title>
                <link>https://issues.apache.org/jira/browse/CONFIGURATION-476</link>
                <project id="12310467" key="CONFIGURATION">Commons Configuration</project>
                    <description>&lt;p&gt;Some methods of &lt;tt&gt;CompositeConfiguration&lt;/tt&gt; expect that the in-memory configuration is of type &lt;tt&gt;BaseConfiguration&lt;/tt&gt; (a configuration of this type is created if no specific in-memory configuration was provided).&lt;/p&gt;

&lt;p&gt;However, there are constructors accepting an arbitrary &lt;tt&gt;Configuration&lt;/tt&gt; object as in-memory configuration. If here a configuration is specified which does not extend &lt;tt&gt;BaseConfiguration&lt;/tt&gt;, the casts performed by these methods will fail. The casts should only be performed if possible.&lt;/p&gt;

&lt;p&gt;The following methods are affected:&lt;/p&gt;
&lt;ul&gt;
	&lt;li&gt;&lt;em&gt;setListDelimiter()&lt;/em&gt;&lt;/li&gt;
	&lt;li&gt;&lt;em&gt;setDelimiterParsingDisabled()&lt;/em&gt;&lt;/li&gt;
&lt;/ul&gt;
</description>
                <environment />
        <key id="12538459">CONFIGURATION-476</key>
            <summary>Possible ClassCastException in CompositeConfiguration if a special in-memory configuration is used</summary>
                <type id="1" iconUrl="https://issues.apache.org/jira/secure/viewavatar?size=xsmall&amp;avatarId=21133&amp;avatarType=issuetype">Bug</type>
                                            <priority id="3" iconUrl="https://issues.apache.org/jira/images/icons/priorities/major.svg">Major</priority>
                        <status id="6" iconUrl="https://issues.apache.org/jira/images/icons/statuses/closed.png" description="The issue is considered finished, the resolution is correct. Issues which are not closed can be reopened.">Closed</status>
                    <statusCategory id="3" key="done" colorName="green" />
                                    <resolution id="1">Fixed</resolution>
                                        <assignee username="oheger">Oliver Heger</assignee>
                                    <reporter username="oheger">Oliver Heger</reporter>
                        <labels>
                    </labels>
                <created>Sun, 15 Jan 2012 21:21:05 +0000</created>
                <updated>Sat, 4 Feb 2012 16:18:47 +0000</updated>
                            <resolved>Sun, 15 Jan 2012 21:33:33 +0000</resolved>
                                    <version>1.7</version>
                                    <fixVersion>1.8</fixVersion>
                                        <due />
                            <votes>0</votes>
                                    <watches>0</watches>
                                                                <comments>
                            <comment id="13186599" author="oliver.heger@t-online.de" created="Sun, 15 Jan 2012 21:33:33 +0000">&lt;p&gt;Fixed in revision 1231760.&lt;/p&gt;</comment>
                    </comments>
                    <attachments>
                    </attachments>
                <subtasks>
                    </subtasks>
                <customfields>
                                                                                                                                                                                                                                                                                                                                                                                                                                                                                                                                                                                                                                                                                                                    <customfield id="customfield_12314020" key="com.atlassian.jira.plugins.jira-development-integration-plugin:devsummary">
                        <customfieldname>Development</customfieldname>
                        <customfieldvalues>
                            
                        </customfieldvalues>
                    </customfield>
                                                                                                                        <customfield id="customfield_12313422" key="com.atlassian.jirafisheyeplugin:jobcheckbox">
                        <customfieldname>Enable Automatic Patch Review</customfieldname>
                        <customfieldvalues>
                            <customfieldvalue>false</customfieldvalue>

                        </customfieldvalues>
                    </customfield>
                                                                                                                                                                                                                                                                                                                                                                                                                                                                                                                                                                                                                                                <customfield id="customfield_12310420" key="com.pyxis.greenhopper.jira:gh-global-rank">
                        <customfieldname>Global Rank</customfieldname>
                        <customfieldvalues>
                            <customfieldvalue>223963</customfieldvalue>
                        </customfieldvalues>
                    </customfield>
                                                                                                                                                                                                                                                                                                                                                                                                                                                                        <customfield id="customfield_12311820" key="com.pyxis.greenhopper.jira:gh-lexo-rank">
                        <customfieldname>Rank</customfieldname>
                        <customfieldvalues>
                            <customfieldvalue>0|i0lcof:</customfieldvalue>

                        </customfieldvalues>
                    </customfield>
                                                                <customfield id="customfield_12310920" key="com.pyxis.greenhopper.jira:gh-global-rank">
                        <customfieldname>Rank (Obsolete)</customfieldname>
                        <customfieldvalues>
                            <customfieldvalue>122704</customfieldvalue>
                        </customfieldvalues>
                    </customfield>
                                                                                                                                                                                                                                                                                                                                                                                                                                                                                                                                                                                                                                                                                                                                                                                            </customfields>
    </item>


</channel>
</rss>