<rss version="0.92">
    <channel>
        <title>ASF JIRA</title>
        <link>https://issues.apache.org/jira/issues/?jql=project+%3D+CONFIGURATION+and+type+%3D+bug+and+%28status+%3D+RESOLVED+or+status+%3D+closed%29+and+resolution+%3D+Fixed+and+fixVersion+%21%3D+None++and+affectedVersion+%21%3D+None++and+affectedVersion+%21%3D+%22Nightly+Build%22</link>
        <description>An XML representation of a search request</description>
                <language>en-uk</language>
                        <issue start="0" end="213" total="213" />
                <build-info>
            <version>8.20.1</version>
            <build-number>820001</build-number>
            <build-date>28-10-2021</build-date>
        </build-info>

<item>
            <title>[CONFIGURATION-732] Fix CI build break after upgraded from Java 7 to 8</title>
                <link>https://issues.apache.org/jira/browse/CONFIGURATION-732</link>
                <project id="12310467" key="CONFIGURATION">Commons Configuration</project>
                    <description>&lt;p&gt;The Travis CI build broken after upgrading from Java 7 to 8.&lt;/p&gt;

&lt;p&gt;&#160;&lt;/p&gt;
&lt;div class="panel" style="border-width: 1px;"&gt;&lt;div class="panelHeader" style="border-bottom-width: 1px;"&gt;&lt;b&gt;Maven Error Message&lt;/b&gt;&lt;/div&gt;&lt;div class="panelContent"&gt;
&lt;p&gt;The command "eval mvn install -DskipTests=true -Dmaven.javadoc.skip=true -B -V " failed. Retrying, 2 of 3.&lt;br/&gt;
&#160;&lt;br/&gt;
Picked up _JAVA_OPTIONS: -Xmx2048m -Xms512m&lt;br/&gt;
Apache Maven 3.5.2 (138edd61fd100ec658bfa2d307c43b76940a5d7d; 2017-10-18T07:58:13Z)&lt;br/&gt;
Maven home: /usr/local/maven-3.5.2&lt;br/&gt;
Java version: 1.7.0_151, vendor: Oracle Corporation&lt;br/&gt;
Java home: /usr/lib/jvm/java-7-openjdk-amd64/jre&lt;br/&gt;
Default locale: en_US, platform encoding: UTF-8&lt;br/&gt;
OS name: "linux", version: "4.14.12-041412-generic", arch: "amd64", family: "unix"&lt;br/&gt;
&lt;span class="error"&gt;&amp;#91;INFO&amp;#93;&lt;/span&gt; Scanning for projects...&lt;br/&gt;
&lt;span class="error"&gt;&amp;#91;INFO&amp;#93;&lt;/span&gt; &lt;br/&gt;
&lt;span class="error"&gt;&amp;#91;INFO&amp;#93;&lt;/span&gt; ------------------------------------------------------------------------&lt;br/&gt;
&lt;span class="error"&gt;&amp;#91;INFO&amp;#93;&lt;/span&gt; Building Apache Commons Configuration 2.5-SNAPSHOT&lt;br/&gt;
&lt;span class="error"&gt;&amp;#91;INFO&amp;#93;&lt;/span&gt; ------------------------------------------------------------------------&lt;br/&gt;
&lt;span class="error"&gt;&amp;#91;INFO&amp;#93;&lt;/span&gt; &lt;br/&gt;
&lt;span class="error"&gt;&amp;#91;INFO&amp;#93;&lt;/span&gt; &amp;#8212; maven-enforcer-plugin:3.0.0-M2:enforce (enforce-maven-version) @ commons-configuration2 &amp;#8212;&lt;br/&gt;
&lt;span class="error"&gt;&amp;#91;WARNING&amp;#93;&lt;/span&gt; Rule 1: org.apache.maven.plugins.enforcer.RequireJavaVersion failed with message:&lt;br/&gt;
Detected JDK Version: 1.7.0-151 is not in the allowed range 1.8.&lt;/p&gt;
&lt;/div&gt;&lt;/div&gt;</description>
                <environment />
        <key id="13198627">CONFIGURATION-732</key>
            <summary>Fix CI build break after upgraded from Java 7 to 8</summary>
                <type id="1" iconUrl="https://issues.apache.org/jira/secure/viewavatar?size=xsmall&amp;avatarId=21133&amp;avatarType=issuetype">Bug</type>
                                            <priority id="3" iconUrl="https://issues.apache.org/jira/images/icons/priorities/major.svg">Major</priority>
                        <status id="5" iconUrl="https://issues.apache.org/jira/images/icons/statuses/resolved.png" description="A resolution has been taken, and it is awaiting verification by reporter. From here issues are either reopened, or are closed.">Resolved</status>
                    <statusCategory id="3" key="done" colorName="green" />
                                    <resolution id="1">Fixed</resolution>
                                        <assignee username="-1">Unassigned</assignee>
                                    <reporter username="HCOONa">Shuai Zhang</reporter>
                        <labels>
                    </labels>
                <created>Thu, 15 Nov 2018 13:22:37 +0000</created>
                <updated>Thu, 15 Nov 2018 15:08:48 +0000</updated>
                            <resolved>Thu, 15 Nov 2018 15:08:48 +0000</resolved>
                                    <version>2.3</version>
                    <version>2.4</version>
                                    <fixVersion>2.5</fixVersion>
                                    <component>Build</component>
                        <due />
                            <votes>0</votes>
                                    <watches>1</watches>
                                                                <comments>
                            <comment id="16688182" author="garydgregory" created="Thu, 15 Nov 2018 15:08:48 +0000">&lt;p&gt;Fixed in SVN trunk.&lt;/p&gt;</comment>
                    </comments>
                <issuelinks>
                            <issuelinktype id="12310560">
                    <name>Problem/Incident</name>
                                                                <inwardlinks description="is caused by">
                                        <issuelink>
            <issuekey id="13148879">CONFIGURATION-694</issuekey>
        </issuelink>
                            </inwardlinks>
                                    </issuelinktype>
                    </issuelinks>
                <attachments>
                    </attachments>
                <subtasks>
                    </subtasks>
                <customfields>
                                                                                                                                                                                                                                                                                                                                                                                                                                                                                                                                                                                                                                                                                                                    <customfield id="customfield_12314020" key="com.atlassian.jira.plugins.jira-development-integration-plugin:devsummary">
                        <customfieldname>Development</customfieldname>
                        <customfieldvalues>
                            
                        </customfieldvalues>
                    </customfield>
                                                                                                                        <customfield id="customfield_12313422" key="com.atlassian.jirafisheyeplugin:jobcheckbox">
                        <customfieldname>Enable Automatic Patch Review</customfieldname>
                        <customfieldvalues>
                            <customfieldvalue>false</customfieldvalue>

                        </customfieldvalues>
                    </customfield>
                                                                                                                                                                                                                                                                                                                                                                                                                                                                                                                                                                                                                                                <customfield id="customfield_12310420" key="com.pyxis.greenhopper.jira:gh-global-rank">
                        <customfieldname>Global Rank</customfieldname>
                        <customfieldvalues>
                            <customfieldvalue>9223372036854775807</customfieldvalue>
                        </customfieldvalues>
                    </customfield>
                                                                                                                                                                                                                                                                                                                                                                                                                                                                        <customfield id="customfield_12311820" key="com.pyxis.greenhopper.jira:gh-lexo-rank">
                        <customfieldname>Rank</customfieldname>
                        <customfieldvalues>
                            <customfieldvalue>0|s00j74:</customfieldvalue>

                        </customfieldvalues>
                    </customfield>
                                                                <customfield id="customfield_12310920" key="com.pyxis.greenhopper.jira:gh-global-rank">
                        <customfieldname>Rank (Obsolete)</customfieldname>
                        <customfieldvalues>
                            <customfieldvalue>9223372036854775807</customfieldvalue>
                        </customfieldvalues>
                    </customfield>
                                                                                                                                                                                                                                                                                                                                                                                                                                                                                                                                                                                                                                                                                                                                                                                            </customfields>
    </item>


</channel>
</rss>