<rss version="0.92">
    <channel>
        <title>ASF JIRA</title>
        <link>https://issues.apache.org/jira/issues/?jql=project+%3D+CONFIGURATION+and+type+%3D+bug+and+%28status+%3D+RESOLVED+or+status+%3D+closed%29+and+resolution+%3D+Fixed+and+fixVersion+%21%3D+None++and+affectedVersion+%21%3D+None++and+affectedVersion+%21%3D+%22Nightly+Build%22</link>
        <description>An XML representation of a search request</description>
                <language>en-uk</language>
                        <issue start="0" end="213" total="213" />
                <build-info>
            <version>8.20.1</version>
            <build-number>820001</build-number>
            <build-date>28-10-2021</build-date>
        </build-info>

<item>
            <title>[CONFIGURATION-62] [configuration] Using FileChangedReloadingStrategy for XMLConfiguration</title>
                <link>https://issues.apache.org/jira/browse/CONFIGURATION-62</link>
                <project id="12310467" key="CONFIGURATION">Commons Configuration</project>
                    <description>&lt;p&gt;We are trying to use FileChangedReloadingStrategy for XMLConfiguration, but its &lt;br/&gt;
not working. &lt;/p&gt;

&lt;p&gt;We are using CompositeConfiguration and we have properties files as well as &lt;br/&gt;
some xml files. &lt;/p&gt;

&lt;p&gt;I set FileChangedReloadingStrategy for all the configuration which is sub  &lt;br/&gt;
class of FileConfiguration. But reloading is only working for properties.&lt;/p&gt;

&lt;p&gt;Code:&lt;br/&gt;
============&lt;br/&gt;
Configuration config = null;&lt;/p&gt;

&lt;p&gt;ConfigurationFactory factory = new ConfigurationFactory();&lt;br/&gt;
String configFile="c:/config.xml";&lt;/p&gt;

&lt;p&gt;factory.setConfigurationFileName(configFile);&lt;br/&gt;
config = factory.getConfiguration();&lt;br/&gt;
CompositeConfiguration cc=((CompositeConfiguration)config);&lt;br/&gt;
int noOfConfig=cc.getNumberOfConfigurations();&lt;br/&gt;
for(int i=0;i&amp;lt;noOfConfig;i++){&lt;br/&gt;
System.out.println(cc.getConfiguration&lt;img class="emoticon" src="https://issues.apache.org/jira/images/icons/emoticons/information.png" height="16" width="16" align="absmiddle" alt="" border="0"/&gt;.getClass() +" : " + &lt;br/&gt;
(cc.getConfiguration&lt;img class="emoticon" src="https://issues.apache.org/jira/images/icons/emoticons/information.png" height="16" width="16" align="absmiddle" alt="" border="0"/&gt;  instanceof  FileConfiguration));&lt;br/&gt;
if((cc.getConfiguration&lt;img class="emoticon" src="https://issues.apache.org/jira/images/icons/emoticons/information.png" height="16" width="16" align="absmiddle" alt="" border="0"/&gt;  instanceof  FileConfiguration)){&lt;br/&gt;
    ((FileConfiguration)cc.getConfiguration&lt;img class="emoticon" src="https://issues.apache.org/jira/images/icons/emoticons/information.png" height="16" width="16" align="absmiddle" alt="" border="0"/&gt;).setReloadingStrategy(new &lt;br/&gt;
FileChangedReloadingStrategy());&lt;br/&gt;
}&lt;/p&gt;

&lt;p&gt;Is it possible to use FileChangedReloadingStrategy for xmlconfiguration.&lt;/p&gt;</description>
                <environment>&lt;p&gt;Operating System: Windows 2000&lt;br/&gt;
Platform: Other&lt;/p&gt;</environment>
        <key id="12342269">CONFIGURATION-62</key>
            <summary>[configuration] Using FileChangedReloadingStrategy for XMLConfiguration</summary>
                <type id="1" iconUrl="https://issues.apache.org/jira/secure/viewavatar?size=xsmall&amp;avatarId=21133&amp;avatarType=issuetype">Bug</type>
                                            <priority id="3" iconUrl="https://issues.apache.org/jira/images/icons/priorities/major.svg">Major</priority>
                        <status id="6" iconUrl="https://issues.apache.org/jira/images/icons/statuses/closed.png" description="The issue is considered finished, the resolution is correct. Issues which are not closed can be reopened.">Closed</status>
                    <statusCategory id="3" key="done" colorName="green" />
                                    <resolution id="1">Fixed</resolution>
                                        <assignee username="-1">Unassigned</assignee>
                                    <reporter username="raman.mishra@gmail.com">Raman</reporter>
                        <labels>
                    </labels>
                <created>Mon, 30 May 2005 17:50:15 +0000</created>
                <updated>Sat, 22 Aug 2009 19:36:40 +0000</updated>
                            <resolved>Sat, 22 Aug 2009 19:36:40 +0000</resolved>
                                    <version>1.1</version>
                                    <fixVersion>1.2</fixVersion>
                                        <due />
                            <votes>0</votes>
                                    <watches>0</watches>
                                                                <comments>
                            <comment id="12409448" author="oliver.heger@t-online.de" created="Tue, 31 May 2005 03:56:34 +0000">&lt;p&gt;There are obviously some problems in the integration between XMLConfiguration&lt;br/&gt;
and the reloading features. I will have a look.&lt;/p&gt;</comment>
                            <comment id="12409449" author="oliver.heger@t-online.de" created="Tue, 31 May 2005 04:52:13 +0000">&lt;p&gt;Committed a fix and an associated unit test. The problem should be solved in the&lt;br/&gt;
next nightly builds.&lt;/p&gt;</comment>
                            <comment id="12409450" author="raman.mishra@gmail.com" created="Tue, 31 May 2005 11:00:19 +0000">&lt;p&gt;(In reply to comment #2)&lt;br/&gt;
&amp;gt; Committed a fix and an associated unit test. The problem should be solved in &lt;br/&gt;
the&lt;br/&gt;
&amp;gt; next nightly builds.&lt;/p&gt;

&lt;p&gt;When you are planning for next nightly build.&lt;/p&gt;

&lt;p&gt;Thanks&lt;/p&gt;

&lt;p&gt;Raman&lt;/p&gt;</comment>
                            <comment id="12409451" author="oliver.heger@t-online.de" created="Tue, 31 May 2005 17:30:43 +0000">&lt;p&gt;(In reply to comment #3)&lt;br/&gt;
&amp;gt; &lt;br/&gt;
&amp;gt; When you are planning for next nightly build.&lt;br/&gt;
&amp;gt; &lt;/p&gt;

&lt;p&gt;As the name implies the nightly builds are automaticaly run every night, though&lt;br/&gt;
I don't know exactly in which time zone. You find the snapshot distributions here:&lt;/p&gt;

&lt;p&gt;&lt;a href="http://cvs.apache.org/builds/jakarta-commons/nightly/commons-configuration/" class="external-link" target="_blank" rel="nofollow noopener"&gt;http://cvs.apache.org/builds/jakarta-commons/nightly/commons-configuration/&lt;/a&gt;&lt;/p&gt;

&lt;p&gt;The fix should be contained in the version of May, 31st.&lt;/p&gt;</comment>
                    </comments>
                    <attachments>
                    </attachments>
                <subtasks>
                    </subtasks>
                <customfields>
                                                                                                                                                                                                                                                                                                                                                                                                                                                                                                                                                                                                    <customfield id="customfield_10010" key="com.atlassian.jira.plugin.system.customfieldtypes:importid">
                        <customfieldname>Bugzilla Id</customfieldname>
                        <customfieldvalues>
                            <customfieldvalue>35118</customfieldvalue>
                        </customfieldvalues>
                    </customfield>
                                                                                                                                                    <customfield id="customfield_12314020" key="com.atlassian.jira.plugins.jira-development-integration-plugin:devsummary">
                        <customfieldname>Development</customfieldname>
                        <customfieldvalues>
                            
                        </customfieldvalues>
                    </customfield>
                                                                                                                        <customfield id="customfield_12313422" key="com.atlassian.jirafisheyeplugin:jobcheckbox">
                        <customfieldname>Enable Automatic Patch Review</customfieldname>
                        <customfieldvalues>
                            <customfieldvalue>false</customfieldvalue>

                        </customfieldvalues>
                    </customfield>
                                                                                                                                                                                                                                                                                                                                                                                                                                                                                                                                                                                                                                                <customfield id="customfield_12310420" key="com.pyxis.greenhopper.jira:gh-global-rank">
                        <customfieldname>Global Rank</customfieldname>
                        <customfieldvalues>
                            <customfieldvalue>33963</customfieldvalue>
                        </customfieldvalues>
                    </customfield>
                                                                                                                                                                                                                                                                                                                                                                                                                                                                        <customfield id="customfield_12311820" key="com.pyxis.greenhopper.jira:gh-lexo-rank">
                        <customfieldname>Rank</customfieldname>
                        <customfieldvalues>
                            <customfieldvalue>0|i0uofr:</customfieldvalue>

                        </customfieldvalues>
                    </customfield>
                                                                <customfield id="customfield_12310920" key="com.pyxis.greenhopper.jira:gh-global-rank">
                        <customfieldname>Rank (Obsolete)</customfieldname>
                        <customfieldvalues>
                            <customfieldvalue>177100</customfieldvalue>
                        </customfieldvalues>
                    </customfield>
                                                                                                                                                                                                                                                                                                                                                                                                                                                                                                                                                                                                                                                                                                                                                                                            </customfields>
    </item>


</channel>
</rss>