<rss version="0.92">
    <channel>
        <title>ASF JIRA</title>
        <link>https://issues.apache.org/jira/issues/?jql=project+%3D+CONFIGURATION+and+type+%3D+bug+and+%28status+%3D+RESOLVED+or+status+%3D+closed%29+and+resolution+%3D+Fixed+and+fixVersion+%21%3D+None++and+affectedVersion+%21%3D+None++and+affectedVersion+%21%3D+%22Nightly+Build%22</link>
        <description>An XML representation of a search request</description>
                <language>en-uk</language>
                        <issue start="0" end="213" total="213" />
                <build-info>
            <version>8.20.1</version>
            <build-number>820001</build-number>
            <build-date>28-10-2021</build-date>
        </build-info>

<item>
            <title>[CONFIGURATION-308] User Guide overview section has invalid links to API docs</title>
                <link>https://issues.apache.org/jira/browse/CONFIGURATION-308</link>
                <project id="12310467" key="CONFIGURATION">Commons Configuration</project>
                    <description>&lt;p&gt;overview.xml has the following links to Configuration api doc which leads to 404:&lt;/p&gt;

&lt;p&gt;&amp;lt;a href="apidocs/org/apache/commons/configuration/Configuration.html"&amp;gt;Configuration&amp;lt;/a&amp;gt;&lt;/p&gt;

&lt;p&gt;They should be changed to:&lt;/p&gt;

&lt;p&gt;&amp;lt;a href="../apidocs/org/apache/commons/configuration/Configuration.html"&amp;gt;&lt;/p&gt;</description>
                <environment />
        <key id="12388006">CONFIGURATION-308</key>
            <summary>User Guide overview section has invalid links to API docs</summary>
                <type id="1" iconUrl="https://issues.apache.org/jira/secure/viewavatar?size=xsmall&amp;avatarId=21133&amp;avatarType=issuetype">Bug</type>
                                            <priority id="5" iconUrl="https://issues.apache.org/jira/images/icons/priorities/trivial.svg">Trivial</priority>
                        <status id="6" iconUrl="https://issues.apache.org/jira/images/icons/statuses/closed.png" description="The issue is considered finished, the resolution is correct. Issues which are not closed can be reopened.">Closed</status>
                    <statusCategory id="3" key="done" colorName="green" />
                                    <resolution id="1">Fixed</resolution>
                                        <assignee username="oheger">Oliver Heger</assignee>
                                    <reporter username="fwu">Feng Wu</reporter>
                        <labels>
                    </labels>
                <created>Wed, 6 Feb 2008 19:25:10 +0000</created>
                <updated>Sat, 22 Aug 2009 19:36:51 +0000</updated>
                            <resolved>Thu, 7 Feb 2008 07:11:26 +0000</resolved>
                                    <version>1.5</version>
                    <version>1.6</version>
                                    <fixVersion>1.6</fixVersion>
                                    <component>Documentation</component>
                        <due />
                            <votes>0</votes>
                                    <watches>0</watches>
                                    <timeoriginalestimate seconds="180">0.05h</timeoriginalestimate>
                            <timeestimate seconds="180">0.05h</timeestimate>
                                        <comments>
                            <comment id="12566290" author="fwu" created="Wed, 6 Feb 2008 19:26:55 +0000">&lt;p&gt;patch is attached here.&lt;/p&gt;</comment>
                            <comment id="12566478" author="oliver.heger@t-online.de" created="Thu, 7 Feb 2008 07:11:25 +0000">&lt;p&gt;Patch applied. Many thanks!&lt;/p&gt;</comment>
                    </comments>
                    <attachments>
                            <attachment id="12374899" name="overview.xml.patch" size="1247" author="fwu" created="Wed, 6 Feb 2008 19:26:55 +0000" />
                    </attachments>
                <subtasks>
                    </subtasks>
                <customfields>
                                                                                                                                                                                                                                                                                                                                                                                                                                                                                                                                                                                                                                                                                                                    <customfield id="customfield_12314020" key="com.atlassian.jira.plugins.jira-development-integration-plugin:devsummary">
                        <customfieldname>Development</customfieldname>
                        <customfieldvalues>
                            
                        </customfieldvalues>
                    </customfield>
                                                                                                                        <customfield id="customfield_12313422" key="com.atlassian.jirafisheyeplugin:jobcheckbox">
                        <customfieldname>Enable Automatic Patch Review</customfieldname>
                        <customfieldvalues>
                            <customfieldvalue>false</customfieldvalue>

                        </customfieldvalues>
                    </customfield>
                                                                                                                                                                                                                                                                                                                                                                                                                                                                                                                                                                                                                                                <customfield id="customfield_12310420" key="com.pyxis.greenhopper.jira:gh-global-rank">
                        <customfieldname>Global Rank</customfieldname>
                        <customfieldvalues>
                            <customfieldvalue>110821</customfieldvalue>
                        </customfieldvalues>
                    </customfield>
                                                                                                                                                                                                                                                                                                                                                                                                                                                                        <customfield id="customfield_12311820" key="com.pyxis.greenhopper.jira:gh-lexo-rank">
                        <customfieldname>Rank</customfieldname>
                        <customfieldvalues>
                            <customfieldvalue>0|i0uqiv:</customfieldvalue>

                        </customfieldvalues>
                    </customfield>
                                                                <customfield id="customfield_12310920" key="com.pyxis.greenhopper.jira:gh-global-rank">
                        <customfieldname>Rank (Obsolete)</customfieldname>
                        <customfieldvalues>
                            <customfieldvalue>177438</customfieldvalue>
                        </customfieldvalues>
                    </customfield>
                                                                                                                                                                                                                                                                                                                                                                                                                                                                                                                                                                                                                                                                                                                                                                                            </customfields>
    </item>


</channel>
</rss>