<rss version="0.92">
    <channel>
        <title>ASF JIRA</title>
        <link>https://issues.apache.org/jira/issues/?jql=project+%3D+CONFIGURATION+and+type+%3D+bug+and+%28status+%3D+RESOLVED+or+status+%3D+closed%29+and+resolution+%3D+Fixed+and+fixVersion+%21%3D+None++and+affectedVersion+%21%3D+None++and+affectedVersion+%21%3D+%22Nightly+Build%22</link>
        <description>An XML representation of a search request</description>
                <language>en-uk</language>
                        <issue start="0" end="213" total="213" />
                <build-info>
            <version>8.20.1</version>
            <build-number>820001</build-number>
            <build-date>28-10-2021</build-date>
        </build-info>

<item>
            <title>[CONFIGURATION-56] [configuration] Property substitution doesn't work for subsets anymore</title>
                <link>https://issues.apache.org/jira/browse/CONFIGURATION-56</link>
                <project id="12310467" key="CONFIGURATION">Commons Configuration</project>
                    <description>&lt;p&gt;The last refactoring of the subsets eliminated the previously working property&lt;br/&gt;
substitution by chance.&lt;/p&gt;

&lt;p&gt;Patches follow.&lt;/p&gt;

&lt;p&gt;CAUTION: The patches revert a workaround for HierarchicalConfiguration, which&lt;br/&gt;
makes 'illegal' internal assuptions about the implementation.&lt;/p&gt;</description>
                <environment>&lt;p&gt;Operating System: other&lt;br/&gt;
Platform: All&lt;/p&gt;</environment>
        <key id="12340292">CONFIGURATION-56</key>
            <summary>[configuration] Property substitution doesn't work for subsets anymore</summary>
                <type id="1" iconUrl="https://issues.apache.org/jira/secure/viewavatar?size=xsmall&amp;avatarId=21133&amp;avatarType=issuetype">Bug</type>
                                            <priority id="3" iconUrl="https://issues.apache.org/jira/images/icons/priorities/major.svg">Major</priority>
                        <status id="6" iconUrl="https://issues.apache.org/jira/images/icons/statuses/closed.png" description="The issue is considered finished, the resolution is correct. Issues which are not closed can be reopened.">Closed</status>
                    <statusCategory id="3" key="done" colorName="green" />
                                    <resolution id="1">Fixed</resolution>
                                        <assignee username="-1">Unassigned</assignee>
                                    <reporter username="joehni">Joerg Schaible</reporter>
                        <labels>
                    </labels>
                <created>Tue, 30 Mar 2004 17:07:48 +0000</created>
                <updated>Sat, 22 Aug 2009 19:36:40 +0000</updated>
                            <resolved>Sat, 22 Aug 2009 19:36:40 +0000</resolved>
                                    <version>Nightly Builds</version>
                                    <fixVersion>1.0</fixVersion>
                                        <due />
                            <votes>0</votes>
                                    <watches>0</watches>
                                                                <comments>
                            <comment id="12402832" author="joerg.schaible@gmx.de" created="Tue, 30 Mar 2004 17:08:23 +0000">&lt;p&gt;Created an attachment (id=11043)&lt;br/&gt;
TestCompositeConfiguration.java.diff&lt;/p&gt;</comment>
                            <comment id="12402833" author="joerg.schaible@gmx.de" created="Tue, 30 Mar 2004 17:08:59 +0000">&lt;p&gt;Created an attachment (id=11044)&lt;br/&gt;
SubsetConfiguration.java.diff&lt;/p&gt;</comment>
                            <comment id="12402834" author="joerg.schaible@gmx.de" created="Tue, 30 Mar 2004 17:09:51 +0000">&lt;p&gt;Created an attachment (id=11045)&lt;br/&gt;
CompositeConfiguration.java.diff&lt;/p&gt;</comment>
                            <comment id="12402835" author="joerg.schaible@gmx.de" created="Tue, 30 Mar 2004 18:02:51 +0000">&lt;p&gt;Created an attachment (id=11046)&lt;br/&gt;
SubsetConfiguration.java.2.diff&lt;/p&gt;</comment>
                            <comment id="12402836" author="ebourg" created="Tue, 30 Mar 2004 19:10:15 +0000">&lt;p&gt;I have another interpolation test that doesn't seem to work with this patch, I&lt;br/&gt;
haven't investigated why yet.&lt;/p&gt;

&lt;p&gt;public void testSubsetInterpolation() {&lt;br/&gt;
    BaseConfiguration conf1 = new BaseConfiguration();&lt;br/&gt;
    conf1.setProperty("conf1.key", "test");&lt;/p&gt;

&lt;p&gt;    BaseConfiguration conf2 = new BaseConfiguration();&lt;br/&gt;
    conf1.setProperty("conf2.key", "${conf1.key}/test");&lt;/p&gt;

&lt;p&gt;    CompositeConfiguration cc = new CompositeConfiguration();&lt;br/&gt;
    cc.addConfiguration(conf1);&lt;br/&gt;
    cc.addConfiguration(conf2);&lt;/p&gt;

&lt;p&gt;    Configuration subset = cc.subset("conf2");&lt;br/&gt;
    assertEquals("'key' value in the 'conf2' subset", "test/test",&lt;br/&gt;
subset.getProperty("key"));&lt;br/&gt;
}&lt;/p&gt;


&lt;p&gt;And the failure is :&lt;/p&gt;

&lt;p&gt;'key' value in the 'conf2' subset expected:&amp;lt;test/test&amp;gt; but was:&amp;lt;${conf1.key}/test&amp;gt;&lt;/p&gt;</comment>
                            <comment id="12402837" author="joerg.schaible@gmx.de" created="Tue, 30 Mar 2004 19:43:45 +0000">&lt;p&gt;You get what you've asked for. A general property can be any object,&lt;br/&gt;
interpolation is only done requesting Strings or a StringList.&lt;/p&gt;</comment>
                            <comment id="12402838" author="ebourg" created="Tue, 30 Mar 2004 19:49:00 +0000">&lt;p&gt;Oops you are right sorry &lt;img class="emoticon" src="https://issues.apache.org/jira/images/icons/emoticons/smile.png" height="16" width="16" align="absmiddle" alt="" border="0"/&gt; It works fine with getString&lt;/p&gt;</comment>
                            <comment id="12402839" author="dep4b" created="Fri, 2 Apr 2004 02:33:13 +0000">&lt;p&gt;Okay, I applied this patch, which means that SubsetConfiguration and &lt;br/&gt;
CompositeConfiguration work properly..  The unit test supplied failed, I &lt;br/&gt;
applied the patch, and then it passed!  All good!  Now, of course, &lt;br/&gt;
TestConfigurationXMLDocument fails, funnily enough, &lt;br/&gt;
TestHierarchicalConfiguration still works.  &lt;/p&gt;

&lt;p&gt;So, at this point..  we need to get ConfigurationXMLDocument to work..  I &lt;br/&gt;
think I applied all the suggested unit tests, if not, please add a patch..&lt;/p&gt;</comment>
                            <comment id="12402840" author="joerg.schaible@gmx.de" created="Fri, 2 Apr 2004 04:27:56 +0000">&lt;p&gt;Well, the problem is, that ConfigurationXMLDocument makes some ugly hacks because of the &lt;br/&gt;
design flaws. See the discussion on the list. Oliver mensioned, that we can omit the class for the &lt;br/&gt;
release and fix the hierarchical problem with 1.1, since nobody noticed, that the class was missing &lt;br/&gt;
anyway &lt;img class="emoticon" src="https://issues.apache.org/jira/images/icons/emoticons/wink.png" height="16" width="16" align="absmiddle" alt="" border="0"/&gt; &lt;/p&gt;

&lt;p&gt;I'll attach an updated project.xml. &lt;/p&gt;</comment>
                            <comment id="12402841" author="joerg.schaible@gmx.de" created="Fri, 2 Apr 2004 04:28:28 +0000">&lt;p&gt;Created an attachment (id=11093)&lt;br/&gt;
project.properties.diff&lt;/p&gt;</comment>
                            <comment id="12402842" author="dep4b" created="Fri, 13 Aug 2004 00:15:43 +0000">&lt;p&gt;Hi..  I'm marking this as invalid as the unit test has already been applied and&lt;br/&gt;
it looks like everything is working.  I know this chunk of code went through&lt;br/&gt;
some birthing pains!&lt;/p&gt;</comment>
                    </comments>
                    <attachments>
                            <attachment id="12332009" name="ASF.LICENSE.NOT.GRANTED--CompositeConfiguration.java.diff" size="1719" author="joerg.schaible@gmx.de" created="Tue, 30 Mar 2004 17:09:51 +0000" />
                            <attachment id="12332010" name="ASF.LICENSE.NOT.GRANTED--SubsetConfiguration.java.diff" size="5754" author="joerg.schaible@gmx.de" created="Tue, 30 Mar 2004 18:02:51 +0000" />
                            <attachment id="12332008" name="ASF.LICENSE.NOT.GRANTED--SubsetConfiguration.java.diff" size="2072" author="joerg.schaible@gmx.de" created="Tue, 30 Mar 2004 17:08:59 +0000" />
                            <attachment id="12332007" name="ASF.LICENSE.NOT.GRANTED--TestCompositeConfiguration.java.diff" size="1355" author="joerg.schaible@gmx.de" created="Tue, 30 Mar 2004 17:08:23 +0000" />
                            <attachment id="12332011" name="ASF.LICENSE.NOT.GRANTED--project.properties.diff" size="703" author="joerg.schaible@gmx.de" created="Fri, 2 Apr 2004 04:28:28 +0000" />
                    </attachments>
                <subtasks>
                    </subtasks>
                <customfields>
                                                                                                                                                                                                                                                                                                                                                                                                                                                                                                                                                                                                    <customfield id="customfield_10010" key="com.atlassian.jira.plugin.system.customfieldtypes:importid">
                        <customfieldname>Bugzilla Id</customfieldname>
                        <customfieldvalues>
                            <customfieldvalue>28042</customfieldvalue>
                        </customfieldvalues>
                    </customfield>
                                                                                                                                                    <customfield id="customfield_12314020" key="com.atlassian.jira.plugins.jira-development-integration-plugin:devsummary">
                        <customfieldname>Development</customfieldname>
                        <customfieldvalues>
                            
                        </customfieldvalues>
                    </customfield>
                                                                                                                        <customfield id="customfield_12313422" key="com.atlassian.jirafisheyeplugin:jobcheckbox">
                        <customfieldname>Enable Automatic Patch Review</customfieldname>
                        <customfieldvalues>
                            <customfieldvalue>false</customfieldvalue>

                        </customfieldvalues>
                    </customfield>
                                                                                                                                                                                                                                                                                                                                                                                                                                                                                                                                                                                                                                                <customfield id="customfield_12310420" key="com.pyxis.greenhopper.jira:gh-global-rank">
                        <customfieldname>Global Rank</customfieldname>
                        <customfieldvalues>
                            <customfieldvalue>33925</customfieldvalue>
                        </customfieldvalues>
                    </customfield>
                                                                                                                                                                                                                                                                                                                                                                                                                                                                        <customfield id="customfield_12311820" key="com.pyxis.greenhopper.jira:gh-lexo-rank">
                        <customfieldname>Rank</customfieldname>
                        <customfieldvalues>
                            <customfieldvalue>0|i0upjj:</customfieldvalue>

                        </customfieldvalues>
                    </customfield>
                                                                <customfield id="customfield_12310920" key="com.pyxis.greenhopper.jira:gh-global-rank">
                        <customfieldname>Rank (Obsolete)</customfieldname>
                        <customfieldvalues>
                            <customfieldvalue>177279</customfieldvalue>
                        </customfieldvalues>
                    </customfield>
                                                                                                                                                                                                                                                                                                                                                                                                                                                                                                                                                                                                                                                                                                                                                                                            </customfields>
    </item>


</channel>
</rss>