<rss version="0.92">
    <channel>
        <title>ASF JIRA</title>
        <link>https://issues.apache.org/jira/issues/?jql=project+%3D+CONFIGURATION+and+type+%3D+bug+and+%28status+%3D+RESOLVED+or+status+%3D+closed%29+and+resolution+%3D+Fixed+and+fixVersion+%21%3D+None++and+affectedVersion+%21%3D+None++and+affectedVersion+%21%3D+%22Nightly+Build%22</link>
        <description>An XML representation of a search request</description>
                <language>en-uk</language>
                        <issue start="0" end="213" total="213" />
                <build-info>
            <version>8.20.1</version>
            <build-number>820001</build-number>
            <build-date>28-10-2021</build-date>
        </build-info>

<item>
            <title>[CONFIGURATION-281] JNDIConfiguration::recursiveGetKeys goes out of stack</title>
                <link>https://issues.apache.org/jira/browse/CONFIGURATION-281</link>
                <project id="12310467" key="CONFIGURATION">Commons Configuration</project>
                    <description>&lt;p&gt;There can be cycles in contexts. Websphere 5.1 certainly does have them.&lt;/p&gt;

&lt;p&gt;When getKeys() is called on a JNDIConfiguration, eventually recursiveGetKeys() is called, which calls itself for every subcontext. This will never stop if there is a cycle.&lt;/p&gt;

&lt;p&gt;I would like to suggest the following changes to recursiveGetKeys() to fix this:&lt;/p&gt;

&lt;p&gt;1) check for each subcontext if it has been processed before. If so, don't process it. An additional stack argument to recursiveGetKeys() should do the trick here.&lt;/p&gt;

&lt;p&gt;2) a maxDepth attribute, like &amp;lt;jndi maxDepth="4"/&amp;gt;. If the number of subcontexts is equal to maxDepth, stop processing. The maxDepth attribute should be optional of course, and have a default value like 911or so. The stack argument could be used to check the amount of subcontexts processed.&lt;/p&gt;

&lt;p&gt;Because I want to be able to dump the configuration for debugging purposes, this item is of somewhat importance to me.&lt;/p&gt;

&lt;p&gt;I tested this in 1.2 at work, so I cannot easily test this against 1.4. But as the code of 1.4 seems to be more or less the same, I think the problem still exists.&lt;/p&gt;





</description>
                <environment>&lt;p&gt;Websphere 5.1&lt;/p&gt;</environment>
        <key id="12372066">CONFIGURATION-281</key>
            <summary>JNDIConfiguration::recursiveGetKeys goes out of stack</summary>
                <type id="1" iconUrl="https://issues.apache.org/jira/secure/viewavatar?size=xsmall&amp;avatarId=21133&amp;avatarType=issuetype">Bug</type>
                                            <priority id="3" iconUrl="https://issues.apache.org/jira/images/icons/priorities/major.svg">Major</priority>
                        <status id="6" iconUrl="https://issues.apache.org/jira/images/icons/statuses/closed.png" description="The issue is considered finished, the resolution is correct. Issues which are not closed can be reopened.">Closed</status>
                    <statusCategory id="3" key="done" colorName="green" />
                                    <resolution id="1">Fixed</resolution>
                                        <assignee username="-1">Unassigned</assignee>
                                    <reporter username="michielgkalkman">Michiel Kalkman</reporter>
                        <labels>
                    </labels>
                <created>Wed, 20 Jun 2007 18:31:05 +0000</created>
                <updated>Sat, 22 Aug 2009 19:36:49 +0000</updated>
                            <resolved>Thu, 21 Jun 2007 20:00:56 +0000</resolved>
                                    <version>1.2</version>
                                    <fixVersion>1.5</fixVersion>
                                        <due />
                            <votes>0</votes>
                                    <watches>0</watches>
                                                                <comments>
                            <comment id="12506670" author="oliver.heger@t-online.de" created="Wed, 20 Jun 2007 21:02:47 +0000">&lt;p&gt;I did some testing and could reproduce the problem with mock objects. 1) fixed the problem, assuming that the involved Context objects have a meaningful implementation of equals() and hashCode(). Why would 2) be necessary in addition to 1)?&lt;/p&gt;</comment>
                            <comment id="12506696" author="michielgkalkman" created="Wed, 20 Jun 2007 21:53:51 +0000">&lt;p&gt;Cool, thanks.&lt;/p&gt;

&lt;p&gt;I guess #2 is less important, and therefore not necessary, however I just thought that adding maxDepth might reduce the max size of a jndi context tree, and therefore reduce the nr of keys that are returned. Just in case some app decides to be creative with jndi contexts.&lt;/p&gt;</comment>
                            <comment id="12507009" author="oliver.heger@t-online.de" created="Thu, 21 Jun 2007 20:00:56 +0000">&lt;p&gt;A fix was applied. Please check if this works for you.&lt;/p&gt;

&lt;p&gt;When I find the time I would like to improve JNDIConfiguration: make it a true hierarchical configuration, support updates of the JNDI tree, etc. This would be a good opportunity for adding a maxDepth property.&lt;/p&gt;</comment>
                    </comments>
                    <attachments>
                    </attachments>
                <subtasks>
                    </subtasks>
                <customfields>
                                                                                                                                                                                                                                                                                                                                                                                                                                                                                                                                                                                                                                                                                                                    <customfield id="customfield_12314020" key="com.atlassian.jira.plugins.jira-development-integration-plugin:devsummary">
                        <customfieldname>Development</customfieldname>
                        <customfieldvalues>
                            
                        </customfieldvalues>
                    </customfield>
                                                                                                                        <customfield id="customfield_12313422" key="com.atlassian.jirafisheyeplugin:jobcheckbox">
                        <customfieldname>Enable Automatic Patch Review</customfieldname>
                        <customfieldvalues>
                            <customfieldvalue>false</customfieldvalue>

                        </customfieldvalues>
                    </customfield>
                                                                                                                                                                                                                                                                                                                                                                                                                                                                                                                                                                                                                                                <customfield id="customfield_12310420" key="com.pyxis.greenhopper.jira:gh-global-rank">
                        <customfieldname>Global Rank</customfieldname>
                        <customfieldvalues>
                            <customfieldvalue>33907</customfieldvalue>
                        </customfieldvalues>
                    </customfield>
                                                                                                                                                                                                                                                                                                                                                                                                                                                                        <customfield id="customfield_12311820" key="com.pyxis.greenhopper.jira:gh-lexo-rank">
                        <customfieldname>Rank</customfieldname>
                        <customfieldvalues>
                            <customfieldvalue>0|i0llfj:</customfieldvalue>

                        </customfieldvalues>
                    </customfield>
                                                                <customfield id="customfield_12310920" key="com.pyxis.greenhopper.jira:gh-global-rank">
                        <customfieldname>Rank (Obsolete)</customfieldname>
                        <customfieldvalues>
                            <customfieldvalue>124122</customfieldvalue>
                        </customfieldvalues>
                    </customfield>
                                                                                                                                                                                                                                                                                                                                                                                                                                                                                                                                                                                                                                                                                                                                                                                            </customfields>
    </item>


</channel>
</rss>