<rss version="0.92">
    <channel>
        <title>ASF JIRA</title>
        <link>https://issues.apache.org/jira/issues/?jql=project+%3D+CONFIGURATION+and+type+%3D+bug+and+%28status+%3D+RESOLVED+or+status+%3D+closed%29+and+resolution+%3D+Fixed+and+fixVersion+%21%3D+None++and+affectedVersion+%21%3D+None++and+affectedVersion+%21%3D+%22Nightly+Build%22</link>
        <description>An XML representation of a search request</description>
                <language>en-uk</language>
                        <issue start="0" end="213" total="213" />
                <build-info>
            <version>8.20.1</version>
            <build-number>820001</build-number>
            <build-date>28-10-2021</build-date>
        </build-info>

<item>
            <title>[CONFIGURATION-483] DatabaseConfiguration unclosed resultset</title>
                <link>https://issues.apache.org/jira/browse/CONFIGURATION-483</link>
                <project id="12310467" key="CONFIGURATION">Commons Configuration</project>
                    <description>&lt;p&gt;An error ocurred when invoking method DatabaseConfiguration.close because the resultset is not closed.&lt;/p&gt;

&lt;p&gt;ERROR: &lt;span class="error"&gt;&amp;#91;PoolConnection@19859608&amp;#93;&lt;/span&gt; close() : Got 1 unclosed ResultSets !&lt;br/&gt;
	uk.org.primrose.pool.core.PoolConnection.checkAndCloseResultSets(PoolConnection.java:46)&lt;br/&gt;
	uk.org.primrose.pool.core.PoolConnection.close(PoolConnection.java:133)&lt;br/&gt;
	org.apache.commons.configuration.DatabaseConfiguration.close(DatabaseConfiguration.java:596)&lt;br/&gt;
	org.apache.commons.configuration.DatabaseConfiguration.containsKey(DatabaseConfiguration.java:394)&lt;br/&gt;
	org.apache.commons.configuration.CompositeConfiguration.getProperty(CompositeConfiguration.java:190)&lt;br/&gt;
	org.apache.commons.configuration.AbstractConfiguration.resolveContainerStore(AbstractConfiguration.java:1160)&lt;br/&gt;
	org.apache.commons.configuration.AbstractConfiguration.getString(AbstractConfiguration.java:1035)&lt;br/&gt;
	org.apache.commons.configuration.AbstractConfiguration.getString(AbstractConfiguration.java:1018)&lt;/p&gt;</description>
                <environment>&lt;p&gt;Any&lt;/p&gt;</environment>
        <key id="12544719">CONFIGURATION-483</key>
            <summary>DatabaseConfiguration unclosed resultset</summary>
                <type id="1" iconUrl="https://issues.apache.org/jira/secure/viewavatar?size=xsmall&amp;avatarId=21133&amp;avatarType=issuetype">Bug</type>
                                            <priority id="4" iconUrl="https://issues.apache.org/jira/images/icons/priorities/minor.svg">Minor</priority>
                        <status id="6" iconUrl="https://issues.apache.org/jira/images/icons/statuses/closed.png" description="The issue is considered finished, the resolution is correct. Issues which are not closed can be reopened.">Closed</status>
                    <statusCategory id="3" key="done" colorName="green" />
                                    <resolution id="1">Fixed</resolution>
                                        <assignee username="oheger">Oliver Heger</assignee>
                                    <reporter username="opardor">Alx P</reporter>
                        <labels>
                    </labels>
                <created>Thu, 1 Mar 2012 03:04:14 +0000</created>
                <updated>Wed, 22 Aug 2012 18:07:21 +0000</updated>
                            <resolved>Wed, 30 May 2012 20:18:45 +0000</resolved>
                                    <version>1.6</version>
                    <version>1.7</version>
                    <version>1.8</version>
                                    <fixVersion>1.9</fixVersion>
                                    <component>Build</component>
                        <due />
                            <votes>0</votes>
                                    <watches>1</watches>
                                    <timeoriginalestimate seconds="86400">24h</timeoriginalestimate>
                            <timeestimate seconds="86400">24h</timeestimate>
                                        <comments>
                            <comment id="13220356" author="oliver.heger@t-online.de" created="Thu, 1 Mar 2012 20:57:56 +0000">&lt;p&gt;Thanks for spotting this. Obviously, there are multiple methods affected:&lt;/p&gt;
&lt;ul&gt;
	&lt;li&gt;containsKey()&lt;/li&gt;
	&lt;li&gt;getKeys()&lt;/li&gt;
	&lt;li&gt;gerProperty()&lt;/li&gt;
	&lt;li&gt;isEmpty()&lt;/li&gt;
&lt;/ul&gt;
</comment>
                            <comment id="13285986" author="oliver.heger@t-online.de" created="Wed, 30 May 2012 20:18:45 +0000">&lt;p&gt;Fixed in subversion in revision 1344442.&lt;/p&gt;</comment>
                    </comments>
                    <attachments>
                    </attachments>
                <subtasks>
                    </subtasks>
                <customfields>
                                                                                                                                                                                                                                                                                                                                                                                                                                                                                                                                                                                                                                                                                                                    <customfield id="customfield_12314020" key="com.atlassian.jira.plugins.jira-development-integration-plugin:devsummary">
                        <customfieldname>Development</customfieldname>
                        <customfieldvalues>
                            
                        </customfieldvalues>
                    </customfield>
                                                                                                                        <customfield id="customfield_12313422" key="com.atlassian.jirafisheyeplugin:jobcheckbox">
                        <customfieldname>Enable Automatic Patch Review</customfieldname>
                        <customfieldvalues>
                            <customfieldvalue>false</customfieldvalue>

                        </customfieldvalues>
                    </customfield>
                                                                                                                                                                                                                                                                                                                                                                                                                                                                                                                                                                                                                                                <customfield id="customfield_12310420" key="com.pyxis.greenhopper.jira:gh-global-rank">
                        <customfieldname>Global Rank</customfieldname>
                        <customfieldvalues>
                            <customfieldvalue>229905</customfieldvalue>
                        </customfieldvalues>
                    </customfield>
                                                                                                                                                                                                                                                                                                                                                                                                                                                                        <customfield id="customfield_12311820" key="com.pyxis.greenhopper.jira:gh-lexo-rank">
                        <customfieldname>Rank</customfieldname>
                        <customfieldvalues>
                            <customfieldvalue>0|i0uq47:</customfieldvalue>

                        </customfieldvalues>
                    </customfield>
                                                                <customfield id="customfield_12310920" key="com.pyxis.greenhopper.jira:gh-global-rank">
                        <customfieldname>Rank (Obsolete)</customfieldname>
                        <customfieldvalues>
                            <customfieldvalue>177372</customfieldvalue>
                        </customfieldvalues>
                    </customfield>
                                                                                                                                                                                                                                                                                                                                                                                                                                                                                                                                                                                                                                                                                                                                                                                            </customfields>
    </item>


</channel>
</rss>