<rss version="0.92">
    <channel>
        <title>ASF JIRA</title>
        <link>https://issues.apache.org/jira/issues/?jql=project+%3D+CONFIGURATION+and+type+%3D+bug+and+%28status+%3D+RESOLVED+or+status+%3D+closed%29+and+resolution+%3D+Fixed+and+fixVersion+%21%3D+None++and+affectedVersion+%21%3D+None++and+affectedVersion+%21%3D+%22Nightly+Build%22</link>
        <description>An XML representation of a search request</description>
                <language>en-uk</language>
                        <issue start="0" end="213" total="213" />
                <build-info>
            <version>8.20.1</version>
            <build-number>820001</build-number>
            <build-date>28-10-2021</build-date>
        </build-info>

<item>
            <title>[CONFIGURATION-295] HierarchicalConfiguration.subset(...) misses an entry with the key equal to the subset prefix.</title>
                <link>https://issues.apache.org/jira/browse/CONFIGURATION-295</link>
                <project id="12310467" key="CONFIGURATION">Commons Configuration</project>
                    <description>&lt;p&gt;Having a HierarchicalConfiguration with entries alike:&lt;br/&gt;
    test.sample = subset title&lt;br/&gt;
    test.sample.boolean = true&lt;br/&gt;
    test.sample.int = 123456&lt;br/&gt;
    test.sample.text = I wish it worked!&lt;/p&gt;

&lt;p&gt;When performing subset("test.sample"), I get a configuration of only three entries, the "subset title" value is not present (should have an empty string key).&lt;/p&gt;

&lt;p&gt;The behaviour is in contradiction to Javadoc of the Configuration interface &lt;a href="http://commons.apache.org/configuration/apidocs/org/apache/commons/configuration/Configuration.html#subset(java.lang.String" class="external-link" target="_blank" rel="nofollow noopener"&gt;http://commons.apache.org/configuration/apidocs/org/apache/commons/configuration/Configuration.html#subset(java.lang.String&lt;/a&gt;)&lt;/p&gt;

&lt;p&gt;Seems to me, that the bug is hidden in iterating the cloned configuration, where only children of the clone are processed, but not the root itself.&lt;/p&gt;</description>
                <environment>&lt;p&gt;Commons configuration V1.4&lt;br/&gt;
Loaded configuration: An ordinary commons config XML file referring to two property files.&lt;/p&gt;</environment>
        <key id="12377876">CONFIGURATION-295</key>
            <summary>HierarchicalConfiguration.subset(...) misses an entry with the key equal to the subset prefix.</summary>
                <type id="1" iconUrl="https://issues.apache.org/jira/secure/viewavatar?size=xsmall&amp;avatarId=21133&amp;avatarType=issuetype">Bug</type>
                                            <priority id="3" iconUrl="https://issues.apache.org/jira/images/icons/priorities/major.svg">Major</priority>
                        <status id="6" iconUrl="https://issues.apache.org/jira/images/icons/statuses/closed.png" description="The issue is considered finished, the resolution is correct. Issues which are not closed can be reopened.">Closed</status>
                    <statusCategory id="3" key="done" colorName="green" />
                                    <resolution id="1">Fixed</resolution>
                                        <assignee username="oheger">Oliver Heger</assignee>
                                    <reporter username="eduard.rindt@seznam.cz">Eduard Rindt</reporter>
                        <labels>
                    </labels>
                <created>Mon, 10 Sep 2007 09:29:59 +0000</created>
                <updated>Sat, 22 Aug 2009 19:36:50 +0000</updated>
                            <resolved>Fri, 14 Sep 2007 20:27:56 +0000</resolved>
                                    <version>1.4</version>
                                    <fixVersion>1.5</fixVersion>
                                        <due />
                            <votes>0</votes>
                                    <watches>0</watches>
                                                                <comments>
                            <comment id="12526675" author="oliver.heger@t-online.de" created="Wed, 12 Sep 2007 05:55:52 +0000">&lt;p&gt;Setting fix version to 1.5. This should not be too difficult to fix.&lt;/p&gt;</comment>
                            <comment id="12527622" author="oliver.heger@t-online.de" created="Fri, 14 Sep 2007 20:27:56 +0000">&lt;p&gt;A fix was committed. The value of the root node of the returned configuration will now be set if possible.&lt;/p&gt;

&lt;p&gt;There is one problem however: If the key that is passed to the subset() method selects multiple nodes and more than one of these nodes has a value, the value of the root node cannot be determined. This is because in this case multiple source nodes have to be mapped to a single destination (the root) node. With child and attribute nodes this is no problem because we can simple construct the union. But for node values (which can be arbitrary objects) we cannot decide how to merge this data.&lt;/p&gt;

&lt;p&gt;I have mentioned this point in the Javadocs of the subset() method. Simple cases, as the one in your example, should now work as expected.&lt;/p&gt;

&lt;p&gt;Thank you for spotting this problem!&lt;/p&gt;</comment>
                    </comments>
                    <attachments>
                    </attachments>
                <subtasks>
                    </subtasks>
                <customfields>
                                                                                                                                                                                                                                                                                                                                                                                                                                                                                                                                                                                                                                                                                                                    <customfield id="customfield_12314020" key="com.atlassian.jira.plugins.jira-development-integration-plugin:devsummary">
                        <customfieldname>Development</customfieldname>
                        <customfieldvalues>
                            
                        </customfieldvalues>
                    </customfield>
                                                                                                                        <customfield id="customfield_12313422" key="com.atlassian.jirafisheyeplugin:jobcheckbox">
                        <customfieldname>Enable Automatic Patch Review</customfieldname>
                        <customfieldvalues>
                            <customfieldvalue>false</customfieldvalue>

                        </customfieldvalues>
                    </customfield>
                                                                                                                                                                                                                                                                                                                                                                                                                                                                                                                                                                                                                                                <customfield id="customfield_12310420" key="com.pyxis.greenhopper.jira:gh-global-rank">
                        <customfieldname>Global Rank</customfieldname>
                        <customfieldvalues>
                            <customfieldvalue>33941</customfieldvalue>
                        </customfieldvalues>
                    </customfield>
                                                                                                                                                                                                                                                                                                                                                                                                                                                                        <customfield id="customfield_12311820" key="com.pyxis.greenhopper.jira:gh-lexo-rank">
                        <customfieldname>Rank</customfieldname>
                        <customfieldvalues>
                            <customfieldvalue>0|i0l7e7:</customfieldvalue>

                        </customfieldvalues>
                    </customfield>
                                                                <customfield id="customfield_12310920" key="com.pyxis.greenhopper.jira:gh-global-rank">
                        <customfieldname>Rank (Obsolete)</customfieldname>
                        <customfieldvalues>
                            <customfieldvalue>121848</customfieldvalue>
                        </customfieldvalues>
                    </customfield>
                                                                                                                                                                                                                                                                                                                                                                                                                                                                                                                                                                                                                                                                                                                                                                                            </customfields>
    </item>


</channel>
</rss>