<rss version="0.92">
    <channel>
        <title>ASF JIRA</title>
        <link>https://issues.apache.org/jira/issues/?jql=project+%3D+CONFIGURATION+and+type+%3D+bug+and+%28status+%3D+RESOLVED+or+status+%3D+closed%29+and+resolution+%3D+Fixed+and+fixVersion+%21%3D+None++and+affectedVersion+%21%3D+None++and+affectedVersion+%21%3D+%22Nightly+Build%22</link>
        <description>An XML representation of a search request</description>
                <language>en-uk</language>
                        <issue start="0" end="213" total="213" />
                <build-info>
            <version>8.20.1</version>
            <build-number>820001</build-number>
            <build-date>28-10-2021</build-date>
        </build-info>

<item>
            <title>[CONFIGURATION-455] HierachicalINIConfiguration section access without dotted notation</title>
                <link>https://issues.apache.org/jira/browse/CONFIGURATION-455</link>
                <project id="12310467" key="CONFIGURATION">Commons Configuration</project>
                    <description>&lt;p&gt;Setting section properties of previously non-existent Sections using getSection().setProperty() fails.&lt;/p&gt;

&lt;p&gt;Using a non existing filename for f, the following produces an empty file.&lt;/p&gt;

&lt;p&gt;ini = HierarchicalINIConfiguration(f)&lt;br/&gt;
section = ini.getSection("section")&lt;br/&gt;
section.setProperty("foo", "bar")&lt;br/&gt;
ini.save()&lt;/p&gt;



&lt;p&gt;Accessing SubnodeConfigurations after clearing them fails.&lt;/p&gt;

&lt;p&gt;using an existing file with an existing section, produces an empty file.&lt;/p&gt;

&lt;p&gt;ini = new HierarchicalINIConfiguration(f);&lt;br/&gt;
subnode = ini.getSection("section");&lt;br/&gt;
if (! subnode.isEmpty() ) {&lt;br/&gt;
   subnode.clear();&lt;br/&gt;
}&lt;br/&gt;
subnode.setProperty("foo", "bar");&lt;br/&gt;
ini.save();&lt;/p&gt;



</description>
                <environment />
        <key id="12514804">CONFIGURATION-455</key>
            <summary>HierachicalINIConfiguration section access without dotted notation</summary>
                <type id="1" iconUrl="https://issues.apache.org/jira/secure/viewavatar?size=xsmall&amp;avatarId=21133&amp;avatarType=issuetype">Bug</type>
                                            <priority id="3" iconUrl="https://issues.apache.org/jira/images/icons/priorities/major.svg">Major</priority>
                        <status id="6" iconUrl="https://issues.apache.org/jira/images/icons/statuses/closed.png" description="The issue is considered finished, the resolution is correct. Issues which are not closed can be reopened.">Closed</status>
                    <statusCategory id="3" key="done" colorName="green" />
                                    <resolution id="1">Fixed</resolution>
                                        <assignee username="-1">Unassigned</assignee>
                                    <reporter username="fragfutter">fragfutter</reporter>
                        <labels>
                    </labels>
                <created>Wed, 20 Jul 2011 15:53:27 +0000</created>
                <updated>Thu, 2 May 2013 02:29:42 +0000</updated>
                            <resolved>Wed, 3 Aug 2011 20:27:38 +0000</resolved>
                                    <version>1.6</version>
                                    <fixVersion>1.7</fixVersion>
                                    <component>Expression engine</component>
                        <due />
                            <votes>0</votes>
                                    <watches>1</watches>
                                                                <comments>
                            <comment id="13068449" author="fragfutter" created="Wed, 20 Jul 2011 15:55:39 +0000">&lt;p&gt;Bug Example&lt;/p&gt;</comment>
                            <comment id="13069171" author="oliver.heger@t-online.de" created="Thu, 21 Jul 2011 20:06:52 +0000">&lt;p&gt;Thank you for reporting this. Hopefully I find some free cycles in a couple of days to have a look at this issue.&lt;/p&gt;</comment>
                            <comment id="13073689" author="oliver.heger@t-online.de" created="Mon, 1 Aug 2011 20:06:51 +0000">&lt;p&gt;Actually there are two different issues. For the problem with the clear() method I have created a separate issue. It is not related to HierarchicalINIConfiguration, but more general for all hierarchical configurations.&lt;/p&gt;</comment>
                            <comment id="13078990" author="oliver.heger@t-online.de" created="Wed, 3 Aug 2011 20:27:38 +0000">&lt;p&gt;A fix was applied in revision 1153643.&lt;/p&gt;

&lt;p&gt;The getSection() method now always returns a SubnodeConfiguration which is connected to the parent configuration. Therefore changes in the section configuration are directly visible in the parent and vice versa. If the section whose name is passed to getSection() does not exist, it is newly created.&lt;/p&gt;

&lt;p&gt;Documentation has been updated correspondingly. Also, a warning has been added that the storage scheme of the configuration should not be manipulated by calling addProperty() in an uncontrolled way.&lt;/p&gt;</comment>
                    </comments>
                <issuelinks>
                            <issuelinktype id="10001">
                    <name>dependent</name>
                                            <outwardlinks description="depends upon">
                                        <issuelink>
            <issuekey id="12515952">CONFIGURATION-458</issuekey>
        </issuelink>
                            </outwardlinks>
                                                        </issuelinktype>
                    </issuelinks>
                <attachments>
                            <attachment id="12487177" name="BugTest.java" size="1359" author="fragfutter" created="Wed, 20 Jul 2011 15:55:39 +0000" />
                    </attachments>
                <subtasks>
                    </subtasks>
                <customfields>
                                                                                                                                                                                                                                                                                                                                                                                                                                                                                                                                                                                                                                                                                                                    <customfield id="customfield_12314020" key="com.atlassian.jira.plugins.jira-development-integration-plugin:devsummary">
                        <customfieldname>Development</customfieldname>
                        <customfieldvalues>
                            
                        </customfieldvalues>
                    </customfield>
                                                                                                                        <customfield id="customfield_12313422" key="com.atlassian.jirafisheyeplugin:jobcheckbox">
                        <customfieldname>Enable Automatic Patch Review</customfieldname>
                        <customfieldvalues>
                            <customfieldvalue>false</customfieldvalue>

                        </customfieldvalues>
                    </customfield>
                                                                                                                                                                                                                                                                                                                                                                                                                                                                                                                                                                                                                                                <customfield id="customfield_12310420" key="com.pyxis.greenhopper.jira:gh-global-rank">
                        <customfieldname>Global Rank</customfieldname>
                        <customfieldvalues>
                            <customfieldvalue>61943</customfieldvalue>
                        </customfieldvalues>
                    </customfield>
                                                                                                                                                                                                                                                                                                                                                                                                                                                                        <customfield id="customfield_12311820" key="com.pyxis.greenhopper.jira:gh-lexo-rank">
                        <customfieldname>Rank</customfieldname>
                        <customfieldvalues>
                            <customfieldvalue>0|i0l6vj:</customfieldvalue>

                        </customfieldvalues>
                    </customfield>
                                                                <customfield id="customfield_12310920" key="com.pyxis.greenhopper.jira:gh-global-rank">
                        <customfieldname>Rank (Obsolete)</customfieldname>
                        <customfieldvalues>
                            <customfieldvalue>121764</customfieldvalue>
                        </customfieldvalues>
                    </customfield>
                                                                                                                                                                                                                                                                                                                                                                                                                                                                                                                                                                                                                                                                                                                                                                                            </customfields>
    </item>


</channel>
</rss>