<rss version="0.92">
    <channel>
        <title>ASF JIRA</title>
        <link>https://issues.apache.org/jira/issues/?jql=project+%3D+CONFIGURATION+and+type+%3D+bug+and+%28status+%3D+RESOLVED+or+status+%3D+closed%29+and+resolution+%3D+Fixed+and+fixVersion+%21%3D+None++and+affectedVersion+%21%3D+None++and+affectedVersion+%21%3D+%22Nightly+Build%22</link>
        <description>An XML representation of a search request</description>
                <language>en-uk</language>
                        <issue start="0" end="213" total="213" />
                <build-info>
            <version>8.20.1</version>
            <build-number>820001</build-number>
            <build-date>28-10-2021</build-date>
        </build-info>

<item>
            <title>[CONFIGURATION-328] XMLConfiguration addNodes() not behaving correctly</title>
                <link>https://issues.apache.org/jira/browse/CONFIGURATION-328</link>
                <project id="12310467" key="CONFIGURATION">Commons Configuration</project>
                    <description>&lt;p&gt;Things used to work fine in 1.3, but now when I'm trying 1.5 my JUnit test suite is breaking when adding new properties. Here is what I'm doing,&lt;/p&gt;

&lt;p&gt;1) I already have a configuration as following,&lt;/p&gt;

&lt;div class="code panel" style="border-width: 1px;"&gt;&lt;div class="codeContent panelContent"&gt;
&lt;pre class="code-xml"&gt; &lt;span class="code-tag"&gt;&amp;lt;test&amp;gt;&lt;/span&gt;
  &lt;span class="code-tag"&gt;&amp;lt;property name=&lt;span class="code-quote"&gt;"isOk"&lt;/span&gt;&amp;gt;&lt;/span&gt;
    &lt;span class="code-tag"&gt;&amp;lt;value&amp;gt;&lt;/span&gt;true&lt;span class="code-tag"&gt;&amp;lt;/value&amp;gt;&lt;/span&gt;
    &lt;span class="code-tag"&gt;&amp;lt;default&amp;gt;&lt;/span&gt;false&lt;span class="code-tag"&gt;&amp;lt;/default&amp;gt;&lt;/span&gt;
  &lt;span class="code-tag"&gt;&amp;lt;/property&amp;gt;&lt;/span&gt;
  &lt;span class="code-tag"&gt;&amp;lt;property name=&lt;span class="code-quote"&gt;"intProperty"&lt;/span&gt;&amp;gt;&lt;/span&gt;
    &lt;span class="code-tag"&gt;&amp;lt;value&amp;gt;&lt;/span&gt;900&lt;span class="code-tag"&gt;&amp;lt;/value&amp;gt;&lt;/span&gt;
    &lt;span class="code-tag"&gt;&amp;lt;default&amp;gt;&lt;/span&gt;500&lt;span class="code-tag"&gt;&amp;lt;/default&amp;gt;&lt;/span&gt;
  &lt;span class="code-tag"&gt;&amp;lt;/property&amp;gt;&lt;/span&gt;
  &lt;span class="code-tag"&gt;&amp;lt;property extra=&lt;span class="code-quote"&gt;"0"&lt;/span&gt; name=&lt;span class="code-quote"&gt;"stringProperty"&lt;/span&gt;&amp;gt;&lt;/span&gt;
    &lt;span class="code-tag"&gt;&amp;lt;default&amp;gt;&lt;/span&gt;Bye&lt;span class="code-tag"&gt;&amp;lt;/default&amp;gt;&lt;/span&gt;
  &lt;span class="code-tag"&gt;&amp;lt;/property&amp;gt;&lt;/span&gt;
&lt;span class="code-tag"&gt;&amp;lt;/test&amp;gt;&lt;/span&gt;
&lt;/pre&gt;
&lt;/div&gt;&lt;/div&gt;

&lt;p&gt;2) Now I need to add two new properties under &amp;lt;test&amp;gt;,&lt;/p&gt;

&lt;div class="code panel" style="border-width: 1px;"&gt;&lt;div class="codeContent panelContent"&gt;
&lt;pre class="code-xml"&gt;&lt;span class="code-tag"&gt;&amp;lt;property  name=&lt;span class="code-quote"&gt;"newFirst"&lt;/span&gt;&amp;gt;&lt;/span&gt;
  &lt;span class="code-tag"&gt;&amp;lt;value&amp;gt;&lt;/span&gt;first&lt;span class="code-tag"&gt;&amp;lt;/value&amp;gt;&lt;/span&gt;
&lt;span class="code-tag"&gt;&amp;lt;/property&amp;gt;&lt;/span&gt;
&lt;span class="code-tag"&gt;&amp;lt;property name=&lt;span class="code-quote"&gt;"newSecond"&lt;/span&gt;&amp;gt;&lt;/span&gt;
  &lt;span class="code-tag"&gt;&amp;lt;value&amp;gt;&lt;/span&gt;second&lt;span class="code-tag"&gt;&amp;lt;/value&amp;gt;&lt;/span&gt;
&lt;span class="code-tag"&gt;&amp;lt;/property&amp;gt;&lt;/span&gt;
&lt;/pre&gt;
&lt;/div&gt;&lt;/div&gt;

&lt;p&gt;3) Here is the code I'm using,&lt;/p&gt;

&lt;p&gt;        a) First create a new HierarchicalConfiguration.Node&lt;/p&gt;
&lt;div class="code panel" style="border-width: 1px;"&gt;&lt;div class="codeContent panelContent"&gt;
&lt;pre class="code-java"&gt;&lt;span class="code-keyword"&gt;private&lt;/span&gt; HierarchicalConfiguration.Node createNode(&lt;span class="code-object"&gt;String&lt;/span&gt; name, &lt;span class="code-object"&gt;Object&lt;/span&gt; value)  {
    HierarchicalConfiguration.Node node = &lt;span class="code-keyword"&gt;new&lt;/span&gt; HierarchicalConfiguration.Node(name);
    node.setValue(value);
    &lt;span class="code-keyword"&gt;return&lt;/span&gt; node;
}
&lt;/pre&gt;
&lt;/div&gt;&lt;/div&gt;

&lt;p&gt;       b) Add the node to the list&lt;/p&gt;
&lt;div class="code panel" style="border-width: 1px;"&gt;&lt;div class="codeContent panelContent"&gt;
&lt;pre class="code-java"&gt;List&amp;lt;HierarchicalConfiguration.Node&amp;gt; attrNodes = &lt;span class="code-keyword"&gt;new&lt;/span&gt; ArrayList&amp;lt;HierarchicalConfiguration.Node&amp;gt;();
Node attrNode = createNode(attrName, newPropertyName);
attrNode.setAttribute(&lt;span class="code-keyword"&gt;true&lt;/span&gt;);
attrNodes.add(attrNode);
&lt;/pre&gt;
&lt;/div&gt;&lt;/div&gt;

&lt;p&gt;       c) Call addNodes on XMLConfiguration,&lt;/p&gt;
&lt;div class="code panel" style="border-width: 1px;"&gt;&lt;div class="codeContent panelContent"&gt;
&lt;pre class="code-java"&gt;    conf.addNodes(attrPath, attrNodes);
&lt;/pre&gt;
&lt;/div&gt;&lt;/div&gt;

&lt;p&gt;I run this in a look for each new property I need to add. For first property, I get element count for the test.property as 3 (conf.getMaxIndex(key)) - so I insert at test.property(3), which is right, but for the second property I get element count as 5 --&amp;gt; This is wrong, it should have been 4 (because I just added 1). &lt;/p&gt;

&lt;p&gt;I check the saved the configuration file after adding those two new properties and it looks wrong too. Here is what I get,&lt;/p&gt;
&lt;div class="code panel" style="border-width: 1px;"&gt;&lt;div class="codeContent panelContent"&gt;
&lt;pre class="code-xml"&gt;&lt;span class="code-tag"&gt;&amp;lt;test&amp;gt;&lt;/span&gt;
  &lt;span class="code-tag"&gt;&amp;lt;property name=&lt;span class="code-quote"&gt;"isOk"&lt;/span&gt;&amp;gt;&lt;/span&gt;
    &lt;span class="code-tag"&gt;&amp;lt;value&amp;gt;&lt;/span&gt;true&lt;span class="code-tag"&gt;&amp;lt;/value&amp;gt;&lt;/span&gt;
    &lt;span class="code-tag"&gt;&amp;lt;default&amp;gt;&lt;/span&gt;false&lt;span class="code-tag"&gt;&amp;lt;/default&amp;gt;&lt;/span&gt;
  &lt;span class="code-tag"&gt;&amp;lt;/property&amp;gt;&lt;/span&gt;
  &lt;span class="code-tag"&gt;&amp;lt;property name=&lt;span class="code-quote"&gt;"intProperty"&lt;/span&gt;&amp;gt;&lt;/span&gt;
    &lt;span class="code-tag"&gt;&amp;lt;value&amp;gt;&lt;/span&gt;900&lt;span class="code-tag"&gt;&amp;lt;/value&amp;gt;&lt;/span&gt;
    &lt;span class="code-tag"&gt;&amp;lt;default&amp;gt;&lt;/span&gt;500&lt;span class="code-tag"&gt;&amp;lt;/default&amp;gt;&lt;/span&gt;
  &lt;span class="code-tag"&gt;&amp;lt;/property&amp;gt;&lt;/span&gt;
  &lt;span class="code-tag"&gt;&amp;lt;property extra=&lt;span class="code-quote"&gt;"0"&lt;/span&gt; name=&lt;span class="code-quote"&gt;"stringProperty"&lt;/span&gt;&amp;gt;&lt;/span&gt;
    &lt;span class="code-tag"&gt;&amp;lt;value&amp;gt;&lt;/span&gt;Hi&lt;span class="code-tag"&gt;&amp;lt;/value&amp;gt;&lt;/span&gt;
    default&amp;gt;Bye&lt;span class="code-tag"&gt;&amp;lt;/default&amp;gt;&lt;/span&gt;
  &lt;span class="code-tag"&gt;&amp;lt;/property&amp;gt;&lt;/span&gt;
  &lt;span class="code-tag"&gt;&amp;lt;property&amp;gt;&lt;/span&gt;
    &lt;span class="code-tag"&gt;&amp;lt;name&amp;gt;&lt;/span&gt;newFirst&lt;span class="code-tag"&gt;&amp;lt;/name&amp;gt;&lt;/span&gt;
  &lt;span class="code-tag"&gt;&amp;lt;/property&amp;gt;&lt;/span&gt;
  &lt;span class="code-tag"&gt;&amp;lt;property&amp;gt;&lt;/span&gt;
    &lt;span class="code-tag"&gt;&amp;lt;value&amp;gt;&lt;/span&gt;first&lt;span class="code-tag"&gt;&amp;lt;/value&amp;gt;&lt;/span&gt;
  &lt;span class="code-tag"&gt;&amp;lt;/property&amp;gt;&lt;/span&gt;
  &lt;span class="code-tag"&gt;&amp;lt;property&amp;gt;&lt;/span&gt;
    &lt;span class="code-tag"&gt;&amp;lt;name&amp;gt;&lt;/span&gt;newSecond&lt;span class="code-tag"&gt;&amp;lt;/name&amp;gt;&lt;/span&gt;
  &lt;span class="code-tag"&gt;&amp;lt;/property&amp;gt;&lt;/span&gt;
  &lt;span class="code-tag"&gt;&amp;lt;property&amp;gt;&lt;/span&gt;
    &lt;span class="code-tag"&gt;&amp;lt;value&amp;gt;&lt;/span&gt;second&lt;span class="code-tag"&gt;&amp;lt;/value&amp;gt;&lt;/span&gt;
  &lt;span class="code-tag"&gt;&amp;lt;/property&amp;gt;&lt;/span&gt;
&lt;span class="code-tag"&gt;&amp;lt;/test&amp;gt;&lt;/span&gt;
&lt;/pre&gt;
&lt;/div&gt;&lt;/div&gt;

&lt;p&gt;The total element count for test.property gives me 7 ==&amp;gt; I was expecting 5.&lt;/p&gt;


&lt;p&gt;There seems to have some code change in 1.5 releated to addNodes (for ex., &lt;a href="https://issues.apache.org/jira/browse/CONFIGURATION-287" title="XMLConfiguration.addNodes() problem using other configuration Nodes" class="issue-link" data-issue-key="CONFIGURATION-287"&gt;&lt;del&gt;CONFIGURATION-287&lt;/del&gt;&lt;/a&gt;). I'm not sure if I need to change the way I was calling addNodes before. It works fine with 1.3, but 1.5 completely fails on adding new properties. &lt;/p&gt;

&lt;p&gt;I do need 1.5 for other bug fixes ( &lt;a href="https://issues.apache.org/jira/browse/CONFIGURATION-268" title="XMLConfiguration does not fully support disabled delimiter parsing" class="issue-link" data-issue-key="CONFIGURATION-268"&gt;&lt;del&gt;CONFIGURATION-268&lt;/del&gt;&lt;/a&gt; and some other), but I can't use it until the addNodes behave correctly. &lt;/p&gt;

&lt;p&gt;Marking this as blocker as I'm blocked because of this issue. If there is a workaround then please let me know.&lt;/p&gt;</description>
                <environment>&lt;p&gt;Linux, Apache Configuration 1.5&lt;/p&gt;</environment>
        <key id="12396262">CONFIGURATION-328</key>
            <summary>XMLConfiguration addNodes() not behaving correctly</summary>
                <type id="1" iconUrl="https://issues.apache.org/jira/secure/viewavatar?size=xsmall&amp;avatarId=21133&amp;avatarType=issuetype">Bug</type>
                                            <priority id="3" iconUrl="https://issues.apache.org/jira/images/icons/priorities/major.svg">Major</priority>
                        <status id="6" iconUrl="https://issues.apache.org/jira/images/icons/statuses/closed.png" description="The issue is considered finished, the resolution is correct. Issues which are not closed can be reopened.">Closed</status>
                    <statusCategory id="3" key="done" colorName="green" />
                                    <resolution id="1">Fixed</resolution>
                                        <assignee username="oheger">Oliver Heger</assignee>
                                    <reporter username="vivash">vivek</reporter>
                        <labels>
                    </labels>
                <created>Sat, 17 May 2008 21:49:04 +0000</created>
                <updated>Sat, 22 Aug 2009 19:36:52 +0000</updated>
                            <resolved>Tue, 20 May 2008 12:11:53 +0000</resolved>
                                    <version>1.5</version>
                                    <fixVersion>1.6</fixVersion>
                                        <due />
                            <votes>0</votes>
                                    <watches>0</watches>
                                                                <comments>
                            <comment id="12597767" author="vivash" created="Sat, 17 May 2008 22:49:46 +0000">&lt;p&gt;Looks like the attribute is getting added as new tag,&lt;/p&gt;


&lt;div class="code panel" style="border-width: 1px;"&gt;&lt;div class="codeContent panelContent"&gt;
&lt;pre class="code-xml"&gt;&lt;span class="code-tag"&gt;&amp;lt;property&amp;gt;&lt;/span&gt;
     &lt;span class="code-tag"&gt;&amp;lt;name&amp;gt;&lt;/span&gt;newFirst&lt;span class="code-tag"&gt;&amp;lt;/name&amp;gt;&lt;/span&gt;
&lt;span class="code-tag"&gt;&amp;lt;/property&amp;gt;&lt;/span&gt;
&lt;span class="code-tag"&gt;&amp;lt;property&amp;gt;&lt;/span&gt;
     &lt;span class="code-tag"&gt;&amp;lt;value&amp;gt;&lt;/span&gt;first&lt;span class="code-tag"&gt;&amp;lt;/value&amp;gt;&lt;/span&gt;
&lt;span class="code-tag"&gt;&amp;lt;/property&amp;gt;&lt;/span&gt;
&lt;/pre&gt;
&lt;/div&gt;&lt;/div&gt;

&lt;p&gt;is supposed to be,&lt;/p&gt;


&lt;div class="code panel" style="border-width: 1px;"&gt;&lt;div class="codeContent panelContent"&gt;
&lt;pre class="code-xml"&gt; &lt;span class="code-tag"&gt;&amp;lt;property name=&lt;span class="code-quote"&gt;"newFirst"&lt;/span&gt;&amp;gt;&lt;/span&gt;
     &lt;span class="code-tag"&gt;&amp;lt;value&amp;gt;&lt;/span&gt;first&lt;span class="code-tag"&gt;&amp;lt;/value&amp;gt;&lt;/span&gt;
 &lt;span class="code-tag"&gt;&amp;lt;/property&amp;gt;&lt;/span&gt;
&lt;/pre&gt;
&lt;/div&gt;&lt;/div&gt;

&lt;p&gt;In my code,&lt;/p&gt;

&lt;p&gt;1) I first add the &amp;lt;property&amp;gt; tag under the &amp;lt;test&amp;gt; element - by calling conf.addNodes&lt;br/&gt;
2) Then I add the name attribute to the newly added property - again by calling conf.addNodes&lt;br/&gt;
3) Then I add the value tag under property - again by calling conf.addNodes&lt;/p&gt;

&lt;p&gt;I do create a new HierarchicalConfiguration.Node every time to add it.  &lt;/p&gt;

&lt;p&gt;It all used to work fine in 1.3, but it's failing in 1.5.&lt;/p&gt;

&lt;p&gt;Note, my reloading strategy is false - not sure if that has anything to do with this.&lt;/p&gt;</comment>
                            <comment id="12597827" author="vivash" created="Sun, 18 May 2008 18:28:31 +0000">&lt;p&gt;Emmanuel,&lt;/p&gt;

&lt;p&gt;   Could you let me know if there is any workaround for this issue or if I can do things differently to make it work? It would be nice if you can give me a patch that I can apply to my local build or let me know what needs to be changed in the XMLConfiguration so I can make my own build.&lt;/p&gt;

&lt;p&gt;Thanks,&lt;br/&gt;
-vivek&lt;/p&gt;</comment>
                            <comment id="12597831" author="oliver.heger@t-online.de" created="Sun, 18 May 2008 19:16:21 +0000">&lt;p&gt;Vivek, can you please post your complete code for adding the new properties? Based on the fragments you provided I don't really see the parameters (especially the keys) you pass into the addNodes() method.&lt;/p&gt;</comment>
                            <comment id="12597839" author="vivash" created="Sun, 18 May 2008 20:24:25 +0000">&lt;p&gt;Let's say we have an existing xml configuration,&lt;/p&gt;

&lt;div class="code panel" style="border-width: 1px;"&gt;&lt;div class="codeContent panelContent"&gt;
&lt;pre class="code-xml"&gt;&lt;span class="code-tag"&gt;&amp;lt;ss&amp;gt;&lt;/span&gt;
 &lt;span class="code-tag"&gt;&amp;lt;test&amp;gt;&lt;/span&gt;
    &lt;span class="code-tag"&gt;&amp;lt;property name=&lt;span class="code-quote"&gt;"testProperty"&lt;/span&gt;&amp;gt;&lt;/span&gt;
         &lt;span class="code-tag"&gt;&amp;lt;value&amp;gt;&lt;/span&gt;test&lt;span class="code-tag"&gt;&amp;lt;/value&amp;gt;&lt;/span&gt;
    &lt;span class="code-tag"&gt;&amp;lt;property&amp;gt;&lt;/span&gt;
 &lt;span class="code-tag"&gt;&amp;lt;/test&amp;gt;&lt;/span&gt;
&lt;span class="code-tag"&gt;&amp;lt;/ss&amp;gt;&lt;/span&gt;
&lt;/pre&gt;
&lt;/div&gt;&lt;/div&gt;

&lt;p&gt;Now I want add a new property under existing &amp;lt;test&amp;gt; tag,&lt;/p&gt;

&lt;div class="code panel" style="border-width: 1px;"&gt;&lt;div class="codeContent panelContent"&gt;
&lt;pre class="code-xml"&gt; &lt;span class="code-tag"&gt;&amp;lt;property name=&lt;span class="code-quote"&gt;"vivekProperty"&lt;/span&gt;&amp;gt;&lt;/span&gt;
   &lt;span class="code-tag"&gt;&amp;lt;value&amp;gt;&lt;/span&gt;vivek&lt;span class="code-tag"&gt;&amp;lt;/value&amp;gt;&lt;/span&gt;
 &lt;span class="code-tag"&gt;&amp;lt;/property&amp;gt;&lt;/span&gt;
&lt;/pre&gt;
&lt;/div&gt;&lt;/div&gt;

&lt;p&gt;I do following,&lt;/p&gt;

&lt;p&gt;1) create a node,&lt;/p&gt;

&lt;div class="code panel" style="border-width: 1px;"&gt;&lt;div class="codeContent panelContent"&gt;
&lt;pre class="code-java"&gt;  HierarchicalConfiguration.Node node = &lt;span class="code-keyword"&gt;new&lt;/span&gt; HierarchicalConfiguration.Node(&lt;span class="code-quote"&gt;"property"&lt;/span&gt;);
  node.setValue(&lt;span class="code-keyword"&gt;null&lt;/span&gt;);
&lt;/pre&gt;
&lt;/div&gt;&lt;/div&gt;

&lt;p&gt;2) Find the path where the "property" tag needs to be added. In my case it's "ss.test(0)"&lt;/p&gt;

&lt;p&gt;3) I call addNodes on XMLConfiguration instance,&lt;/p&gt;

 &lt;div class="code panel" style="border-width: 1px;"&gt;&lt;div class="codeContent panelContent"&gt;
&lt;pre class="code-java"&gt;    conf.addNodes(propertyPath, propertyNode);     
    &lt;span class="code-comment"&gt;//where propertyPath is ss.test(0) and propertyNode is one created in step 1
&lt;/span&gt; &lt;/pre&gt;
&lt;/div&gt;&lt;/div&gt;

&lt;p&gt;4) I check how many property tags are under ss.test(0) - in this case it returns me 2 (1 was just added)&lt;/p&gt;

&lt;p&gt;5) I create another node object for the name attribute of property,&lt;/p&gt;

 &lt;div class="code panel" style="border-width: 1px;"&gt;&lt;div class="codeContent panelContent"&gt;
&lt;pre class="code-java"&gt;  HierarchicalConfiguration.Node node = &lt;span class="code-keyword"&gt;new&lt;/span&gt; HierarchicalConfiguration.Node(&lt;span class="code-quote"&gt;"name"&lt;/span&gt;);
  node.setValue("vivekProperty);
  node.setAttribute(&lt;span class="code-keyword"&gt;true&lt;/span&gt;);             &lt;span class="code-comment"&gt;//setting the node as attribute
&lt;/span&gt; &lt;/pre&gt;
&lt;/div&gt;&lt;/div&gt;

&lt;p&gt;6) Find the path where this attribute needs to be added. In this case it's "ss.test(0).property(1)"&lt;/p&gt;

&lt;p&gt;7) Add the node,&lt;/p&gt;

  &lt;div class="code panel" style="border-width: 1px;"&gt;&lt;div class="codeContent panelContent"&gt;
&lt;pre class="code-java"&gt;    conf.addNodes(attrPath, attrNode);     
    &lt;span class="code-comment"&gt;//where attrPath is ss.test(0).property(1) and attrNode is one created in step 5
&lt;/span&gt; &lt;/pre&gt;
&lt;/div&gt;&lt;/div&gt;


&lt;p&gt;8) Create another node for the value tag under property,&lt;/p&gt;

 &lt;div class="code panel" style="border-width: 1px;"&gt;&lt;div class="codeContent panelContent"&gt;
&lt;pre class="code-java"&gt;  HierarchicalConfiguration.Node node = &lt;span class="code-keyword"&gt;new&lt;/span&gt; HierarchicalConfiguration.Node(&lt;span class="code-quote"&gt;"value"&lt;/span&gt;);
  node.setValue(&lt;span class="code-quote"&gt;""vivek"&lt;/span&gt;);
 &lt;/pre&gt;
&lt;/div&gt;&lt;/div&gt;

&lt;p&gt;9) Now, when I try to find the index of the newly added property ("property name="vivekProperty") I get -1. So instead of "ss.test(0).property(1)", I get "ss.test(0).property(-1)". -1 in my code basically means it couldn't find that.  &amp;lt;=== So this is wrong. &lt;/p&gt;

&lt;p&gt;This is the code to get the index of the property with a specific attribute name. So I'm trying to find the index of the property with name="vivekProperty",&lt;/p&gt;

   &lt;div class="code panel" style="border-width: 1px;"&gt;&lt;div class="codeContent panelContent"&gt;
&lt;pre class="code-java"&gt;                lookupProp = &lt;span class="code-quote"&gt;"ss.test(0).property"&lt;/span&gt;;
                &lt;span class="code-keyword"&gt;synchronized&lt;/span&gt;(conf){
			elements = conf.configurationsAt(lookupProp);
		}
		
		&lt;span class="code-keyword"&gt;for&lt;/span&gt; (Iterator it = elements.iterator(); it.hasNext();) {
			HierarchicalConfiguration sub = (HierarchicalConfiguration) it
					.next();
			&lt;span class="code-keyword"&gt;if&lt;/span&gt;(sub != &lt;span class="code-keyword"&gt;null&lt;/span&gt;){
				&lt;span class="code-object"&gt;String&lt;/span&gt; name = sub.getString(&lt;span class="code-quote"&gt;"[@"&lt;/span&gt; + attrName + &lt;span class="code-quote"&gt;"]"&lt;/span&gt;);
				&lt;span class="code-keyword"&gt;if&lt;/span&gt;(name != &lt;span class="code-keyword"&gt;null&lt;/span&gt;){
					&lt;span class="code-keyword"&gt;if&lt;/span&gt; (name.equals(propName)) {
						isPropFound = &lt;span class="code-keyword"&gt;true&lt;/span&gt;;
						&lt;span class="code-keyword"&gt;break&lt;/span&gt;;
					}
					index = index + 1;
				}	
			}					
		}
		&lt;span class="code-keyword"&gt;if&lt;/span&gt; (!isPropFound) {
			index = -1;
		}
     &lt;/pre&gt;
&lt;/div&gt;&lt;/div&gt;

&lt;p&gt;10) Add the node,&lt;/p&gt;

 &lt;div class="code panel" style="border-width: 1px;"&gt;&lt;div class="codeContent panelContent"&gt;
&lt;pre class="code-java"&gt;    conf.addNodes(valuePath, valueNode);     
    &lt;span class="code-comment"&gt;//where valuePath is ss.test(0).property(-1) and valueNode is one created in step 8
&lt;/span&gt; &lt;/pre&gt;
&lt;/div&gt;&lt;/div&gt;


&lt;p&gt;11) After all this call save on the XMLConfiguration&lt;/p&gt;

&lt;p&gt;This in 1.5 is giving me structure like,&lt;/p&gt;

&lt;div class="code panel" style="border-width: 1px;"&gt;&lt;div class="codeContent panelContent"&gt;
&lt;pre class="code-xml"&gt;
&lt;span class="code-tag"&gt;&amp;lt;ss&amp;gt;&lt;/span&gt;
 &lt;span class="code-tag"&gt;&amp;lt;test&amp;gt;&lt;/span&gt;
    &lt;span class="code-tag"&gt;&amp;lt;property name=&lt;span class="code-quote"&gt;"testProperty"&lt;/span&gt;&amp;gt;&lt;/span&gt;
         &lt;span class="code-tag"&gt;&amp;lt;value&amp;gt;&lt;/span&gt;test&lt;span class="code-tag"&gt;&amp;lt;/value&amp;gt;&lt;/span&gt;
    &lt;span class="code-tag"&gt;&amp;lt;property&amp;gt;&lt;/span&gt;
    &lt;span class="code-tag"&gt;&amp;lt;property&amp;gt;&lt;/span&gt;
       &lt;span class="code-tag"&gt;&amp;lt;name&amp;gt;&lt;/span&gt;vivekProperty&lt;span class="code-tag"&gt;&amp;lt;/name&amp;gt;&lt;/span&gt;
    &lt;span class="code-tag"&gt;&amp;lt;/property&amp;gt;&lt;/span&gt;
    &lt;span class="code-tag"&gt;&amp;lt;property&amp;gt;&lt;/span&gt;
       &lt;span class="code-tag"&gt;&amp;lt;value&amp;gt;&lt;/span&gt;vivek&lt;span class="code-tag"&gt;&amp;lt;/value&amp;gt;&lt;/span&gt;
    &lt;span class="code-tag"&gt;&amp;lt;/property&amp;gt;&lt;/span&gt;
 &lt;span class="code-tag"&gt;&amp;lt;/test&amp;gt;&lt;/span&gt;
&lt;span class="code-tag"&gt;&amp;lt;/ss&amp;gt;&lt;/span&gt;

&lt;/pre&gt;
&lt;/div&gt;&lt;/div&gt;


&lt;p&gt;I'm not sure if I need to do "addNode" 3 time to add this structure or can it be added in one shot. But, all this used to work fine with 1.3. In our application this is a service so I can call any of the above 3 add nodes individaully in case user may just want to add a new value to an existing property.&lt;/p&gt;

&lt;p&gt;So the problem looks like is the code "node.setAttribute(true);" (in Step 5) is not seems to be doing the right thing. Instead of adding a attribute name, it's adding a new element name under property, which doesn't work in my case. &lt;/p&gt;

</comment>
                            <comment id="12597872" author="vivash" created="Mon, 19 May 2008 05:30:14 +0000">&lt;p&gt;I tried adding attribute as part of the property element itself,&lt;/p&gt;

&lt;div class="code panel" style="border-width: 1px;"&gt;&lt;div class="codeContent panelContent"&gt;
&lt;pre class="code-java"&gt;nodeToAdd.addAttribute(&lt;span class="code-keyword"&gt;new&lt;/span&gt; DefaultConfigurationNode(attrName, newPropertyName));
&lt;/pre&gt;
&lt;/div&gt;&lt;/div&gt;

&lt;p&gt;This seems to work fine. So, instead of using "setAttribute(true)" if I just do addAttribute it seems to work fine. May be that's the right way.&lt;/p&gt;

&lt;p&gt;I'll leave to you guys to see whether there is any issue in 1.5 or it used to work in 1.3 because of some bug, which has been fixed in 1.5.&lt;/p&gt;

&lt;p&gt;For me the workaround is working fine now.&lt;/p&gt;</comment>
                            <comment id="12598269" author="oliver.heger@t-online.de" created="Tue, 20 May 2008 12:11:53 +0000">&lt;p&gt;There was indeed a bug in XMLConfiguration, which prevented attribute nodes from being added using the addNodes() method. A fix was applied. Thank you for spotting this.&lt;/p&gt;

&lt;p&gt;Regarding your use case, I think you do not need the addNodes() method, but you can achieve the same effect in an easer way using addProperty(). For instance, in the unit test I wrote to demonstrate this bug I created a structure similar to your test configuration with the following code:&lt;/p&gt;

&lt;div class="code panel" style="border-width: 1px;"&gt;&lt;div class="codeContent panelContent"&gt;
&lt;pre class="code-java"&gt;conf.addProperty(&lt;span class="code-quote"&gt;"testAddNodes.property[@name]"&lt;/span&gt;, &lt;span class="code-quote"&gt;"prop1"&lt;/span&gt;);
conf.addProperty(&lt;span class="code-quote"&gt;"testAddNodes.property(0).value"&lt;/span&gt;, &lt;span class="code-quote"&gt;"value1"&lt;/span&gt;);
conf.addProperty(&lt;span class="code-quote"&gt;"testAddNodes.property(-1)[@name]"&lt;/span&gt;, &lt;span class="code-quote"&gt;"prop2"&lt;/span&gt;);
conf.addProperty(&lt;span class="code-quote"&gt;"testAddNodes.property(1).value"&lt;/span&gt;, &lt;span class="code-quote"&gt;"value2"&lt;/span&gt;);
&lt;/pre&gt;
&lt;/div&gt;&lt;/div&gt;

&lt;p&gt;This creates two &amp;lt;property&amp;gt; structures. If you look at the last two statements, the first one creates a new &lt;em&gt;property&lt;/em&gt; node and the name attribute at the same time. The index -1 means that a new node is to be created. The following statement adds the &lt;em&gt;value&lt;/em&gt; child node. Here the index of the last &lt;em&gt;property&lt;/em&gt; node must be specified. Hope that helps.&lt;/p&gt;</comment>
                    </comments>
                    <attachments>
                    </attachments>
                <subtasks>
                    </subtasks>
                <customfields>
                                                                                                                                                                                                                                                                                                                                                                                                                                                                                                                                                                                                                                                                                                                    <customfield id="customfield_12314020" key="com.atlassian.jira.plugins.jira-development-integration-plugin:devsummary">
                        <customfieldname>Development</customfieldname>
                        <customfieldvalues>
                            
                        </customfieldvalues>
                    </customfield>
                                                                                                                        <customfield id="customfield_12313422" key="com.atlassian.jirafisheyeplugin:jobcheckbox">
                        <customfieldname>Enable Automatic Patch Review</customfieldname>
                        <customfieldvalues>
                            <customfieldvalue>false</customfieldvalue>

                        </customfieldvalues>
                    </customfield>
                                                                                                                                                                                                                                                                                                                                                                                                                                                                                                                                                                                                                                                <customfield id="customfield_12310420" key="com.pyxis.greenhopper.jira:gh-global-rank">
                        <customfieldname>Global Rank</customfieldname>
                        <customfieldvalues>
                            <customfieldvalue>33904</customfieldvalue>
                        </customfieldvalues>
                    </customfield>
                                                                                                                                                                                                                                                                                                                                                                                                                                                                        <customfield id="customfield_12311820" key="com.pyxis.greenhopper.jira:gh-lexo-rank">
                        <customfieldname>Rank</customfieldname>
                        <customfieldvalues>
                            <customfieldvalue>0|i0l647:</customfieldvalue>

                        </customfieldvalues>
                    </customfield>
                                                                <customfield id="customfield_12310920" key="com.pyxis.greenhopper.jira:gh-global-rank">
                        <customfieldname>Rank (Obsolete)</customfieldname>
                        <customfieldvalues>
                            <customfieldvalue>121641</customfieldvalue>
                        </customfieldvalues>
                    </customfield>
                                                                                                                                                                                                                                                                                                                                                                                                                                                                                                                                                                                                                                                                                                                                                                                            </customfields>
    </item>


</channel>
</rss>