<rss version="0.92">
    <channel>
        <title>ASF JIRA</title>
        <link>https://issues.apache.org/jira/issues/?jql=project+%3D+CONFIGURATION+and+type+%3D+bug+and+%28status+%3D+RESOLVED+or+status+%3D+closed%29+and+resolution+%3D+Fixed+and+fixVersion+%21%3D+None++and+affectedVersion+%21%3D+None++and+affectedVersion+%21%3D+%22Nightly+Build%22</link>
        <description>An XML representation of a search request</description>
                <language>en-uk</language>
                        <issue start="0" end="213" total="213" />
                <build-info>
            <version>8.20.1</version>
            <build-number>820001</build-number>
            <build-date>28-10-2021</build-date>
        </build-info>

<item>
            <title>[CONFIGURATION-229] config : load for a configuration node is called before parsing is complete : attributes ignored</title>
                <link>https://issues.apache.org/jira/browse/CONFIGURATION-229</link>
                <project id="12310467" key="CONFIGURATION">Commons Configuration</project>
                    <description>&lt;p&gt;Hi there&lt;/p&gt;

&lt;p&gt;i have noticed the following issue which appears to be a bug. (Tested on 1.3 however the version doesn't appear above)&lt;/p&gt;

&lt;p&gt;createObject from FileConfigurationFactory(DigesterConfigurationFactory) set fileName and fires load of properties : &lt;/p&gt;

&lt;p&gt;public Object createObject(Attributes attributes) throws Exception&lt;br/&gt;
        {&lt;br/&gt;
            FileConfiguration conf = createConfiguration(attributes);&lt;br/&gt;
            conf.setBasePath(getBasePath());&lt;br/&gt;
            conf.setFileName(attributes.getValue(ATTR_FILENAME));&lt;br/&gt;
            try&lt;/p&gt;
            {
                log.info("Trying to load configuration " + conf.getFileName());
                conf.load();
            }

&lt;p&gt;However digester invokes createObject when the object is instancied and before setting any attributes. &lt;/p&gt;

&lt;p&gt;All other attributes beside fileName and basePath are not read in time and therefore are ignored during load.&lt;/p&gt;

&lt;p&gt;I guess load should be called when node initialization is complete, possibly using a proper digester rule. &lt;/p&gt;

&lt;p&gt;Regards,&lt;br/&gt;
andr&#233;&lt;/p&gt;
</description>
                <environment />
        <key id="12352298">CONFIGURATION-229</key>
            <summary>config : load for a configuration node is called before parsing is complete : attributes ignored</summary>
                <type id="1" iconUrl="https://issues.apache.org/jira/secure/viewavatar?size=xsmall&amp;avatarId=21133&amp;avatarType=issuetype">Bug</type>
                                            <priority id="4" iconUrl="https://issues.apache.org/jira/images/icons/priorities/minor.svg">Minor</priority>
                        <status id="6" iconUrl="https://issues.apache.org/jira/images/icons/statuses/closed.png" description="The issue is considered finished, the resolution is correct. Issues which are not closed can be reopened.">Closed</status>
                    <statusCategory id="3" key="done" colorName="green" />
                                    <resolution id="1">Fixed</resolution>
                                        <assignee username="oheger">Oliver Heger</assignee>
                                    <reporter username="andre.doherty@libertysurf.fr">Andre Doherty</reporter>
                        <labels>
                    </labels>
                <created>Tue, 3 Oct 2006 14:52:04 +0000</created>
                <updated>Sat, 22 Aug 2009 19:36:43 +0000</updated>
                            <resolved>Thu, 2 Nov 2006 21:28:00 +0000</resolved>
                                    <version>1.3</version>
                                    <fixVersion>1.4</fixVersion>
                                        <due />
                            <votes>1</votes>
                                    <watches>1</watches>
                                                                <comments>
                            <comment id="12439548" author="oliver.heger@t-online.de" created="Tue, 3 Oct 2006 15:59:02 +0000">&lt;p&gt;You are right. This is the behavior since the first release. Do you have a concrete use case why this does not work for you?&lt;/p&gt;

&lt;p&gt;In 1.3 there is the new class DefaultConfigurationBuilder, which is able to interprete the same configuration definition files as ConfigurationFactory. This class does not use digester for parsing the XML files. It should set all properties before the load() method is called. Can you give it a try?&lt;/p&gt;

&lt;p&gt;Thanks.&lt;/p&gt;</comment>
                            <comment id="12439573" author="andre.doherty@libertysurf.fr" created="Tue, 3 Oct 2006 17:35:29 +0000">
&lt;p&gt;(Thank you for the DefaultConfigurationBuilder clue, i'll give it a try).&lt;/p&gt;

&lt;p&gt;Yes for instance you might want to use that delimiterParsingDisabled attribute to ask the configuration not to parse properties items as : &lt;/p&gt;

&lt;p&gt;&amp;lt;configuration&amp;gt;&lt;br/&gt;
	&amp;lt;properties delimiterParsingDisabled="true" fileName="userprefs.properties" optional="true"/&amp;gt;&lt;br/&gt;
&amp;lt;/configuration&amp;gt;&lt;/p&gt;

&lt;p&gt;In this case, both delimiterParsingDisabled and optional attributes are ignored at load time.&lt;/p&gt;



</comment>
                            <comment id="12446729" author="oliver.heger@t-online.de" created="Thu, 2 Nov 2006 21:28:00 +0000">&lt;p&gt;A fix was committed that causes the load() method to be invoked after initialization of all specified properties is completed. This should solve this problem. Please double-check.&lt;/p&gt;

&lt;p&gt;Thanks!&lt;/p&gt;</comment>
                    </comments>
                    <attachments>
                    </attachments>
                <subtasks>
                    </subtasks>
                <customfields>
                                                                                                                                                                                                                                                                                                                                                                                                                                                                                                                                                                                                                                                                                                                    <customfield id="customfield_12314020" key="com.atlassian.jira.plugins.jira-development-integration-plugin:devsummary">
                        <customfieldname>Development</customfieldname>
                        <customfieldvalues>
                            
                        </customfieldvalues>
                    </customfield>
                                                                                                                        <customfield id="customfield_12313422" key="com.atlassian.jirafisheyeplugin:jobcheckbox">
                        <customfieldname>Enable Automatic Patch Review</customfieldname>
                        <customfieldvalues>
                            <customfieldvalue>false</customfieldvalue>

                        </customfieldvalues>
                    </customfield>
                                                                                                                                                                                                                                                                                                                                                                                                                                                                                                                                                                                                                                                <customfield id="customfield_12310420" key="com.pyxis.greenhopper.jira:gh-global-rank">
                        <customfieldname>Global Rank</customfieldname>
                        <customfieldvalues>
                            <customfieldvalue>33898</customfieldvalue>
                        </customfieldvalues>
                    </customfield>
                                                                                                                                                                                                                                                                                                                                                                                                                                                                        <customfield id="customfield_12311820" key="com.pyxis.greenhopper.jira:gh-lexo-rank">
                        <customfieldname>Rank</customfieldname>
                        <customfieldvalues>
                            <customfieldvalue>0|i0uq1r:</customfieldvalue>

                        </customfieldvalues>
                    </customfield>
                                                                <customfield id="customfield_12310920" key="com.pyxis.greenhopper.jira:gh-global-rank">
                        <customfieldname>Rank (Obsolete)</customfieldname>
                        <customfieldvalues>
                            <customfieldvalue>177361</customfieldvalue>
                        </customfieldvalues>
                    </customfield>
                                                                                                                                                                                                                                                                                                                                                                                                                                                                                                                                                                                                                                                                                                                                                                                            </customfields>
    </item>


</channel>
</rss>