<rss version="0.92">
    <channel>
        <title>ASF JIRA</title>
        <link>https://issues.apache.org/jira/issues/?jql=project+%3D+CONFIGURATION+and+type+%3D+bug+and+%28status+%3D+RESOLVED+or+status+%3D+closed%29+and+resolution+%3D+Fixed+and+fixVersion+%21%3D+None++and+affectedVersion+%21%3D+None++and+affectedVersion+%21%3D+%22Nightly+Build%22</link>
        <description>An XML representation of a search request</description>
                <language>en-uk</language>
                        <issue start="0" end="213" total="213" />
                <build-info>
            <version>8.20.1</version>
            <build-number>820001</build-number>
            <build-date>28-10-2021</build-date>
        </build-info>

<item>
            <title>[CONFIGURATION-633] Interpolation with multi-valued properties does not work</title>
                <link>https://issues.apache.org/jira/browse/CONFIGURATION-633</link>
                <project id="12310467" key="CONFIGURATION">Commons Configuration</project>
                    <description>&lt;p&gt;In the current implementation (making use of commons lang's &lt;tt&gt;StrSubstitutor&lt;/tt&gt;, interpolation is alway string-based. This works well for primitive property values, but not if a property has multiple values. A variable referencing such a property is replaced by the string-representation of the list of values.&lt;/p&gt;</description>
                <environment />
        <key id="12973115">CONFIGURATION-633</key>
            <summary>Interpolation with multi-valued properties does not work</summary>
                <type id="1" iconUrl="https://issues.apache.org/jira/secure/viewavatar?size=xsmall&amp;avatarId=21133&amp;avatarType=issuetype">Bug</type>
                                            <priority id="3" iconUrl="https://issues.apache.org/jira/images/icons/priorities/major.svg">Major</priority>
                        <status id="6" iconUrl="https://issues.apache.org/jira/images/icons/statuses/closed.png" description="The issue is considered finished, the resolution is correct. Issues which are not closed can be reopened.">Closed</status>
                    <statusCategory id="3" key="done" colorName="green" />
                                    <resolution id="1">Fixed</resolution>
                                        <assignee username="-1">Unassigned</assignee>
                                    <reporter username="oheger">Oliver Heger</reporter>
                        <labels>
                    </labels>
                <created>Thu, 26 May 2016 16:14:20 +0000</created>
                <updated>Sun, 21 Aug 2016 19:39:31 +0000</updated>
                            <resolved>Thu, 26 May 2016 19:14:03 +0000</resolved>
                                    <version>2.0</version>
                                    <fixVersion>2.1</fixVersion>
                                    <component>Interpolation</component>
                        <due />
                            <votes>0</votes>
                                    <watches>3</watches>
                                                                <comments>
                            <comment id="15302327" author="oliver.heger@t-online.de" created="Thu, 26 May 2016 16:17:39 +0000">&lt;p&gt;If a property value consists of multiple variables or a variable embedded into other content, there is probably no way around a string-based substitution. But if only a single variable is referenced, the interpolation should result in the real value of this variable and not force a string conversion.&lt;/p&gt;</comment>
                            <comment id="15302719" author="oliver.heger@t-online.de" created="Thu, 26 May 2016 19:14:03 +0000">&lt;p&gt;Fixed in revision 1745634.&lt;/p&gt;</comment>
                            <comment id="15353260" author="philippe.perrault@gmail.com" created="Tue, 28 Jun 2016 15:48:52 +0000">&lt;p&gt;Hi Oliver,&lt;br/&gt;
Will you fix this issue in 1.x branch?&lt;br/&gt;
thanks&lt;/p&gt;</comment>
                            <comment id="15353265" author="garydgregory" created="Tue, 28 Jun 2016 15:53:18 +0000">&lt;p&gt;&lt;a href="https://issues.apache.org/jira/secure/ViewProfile.jspa?name=philippe.perrault%40gmail.com" class="user-hover" rel="philippe.perrault@gmail.com"&gt;philippe.perrault@gmail.com&lt;/a&gt;: Feel free to provide a patch to speed up the process (with unit tests). &lt;img class="emoticon" src="https://issues.apache.org/jira/images/icons/emoticons/wink.png" height="16" width="16" align="absmiddle" alt="" border="0"/&gt;&lt;/p&gt;</comment>
                            <comment id="15353381" author="oliver.heger@t-online.de" created="Tue, 28 Jun 2016 17:05:28 +0000">&lt;p&gt;Development currently focuses exclusively on 2.x. Unless somebody steps up who is interested in the 1.x line, it is unlikely that another release on this branch happens.&lt;/p&gt;</comment>
                            <comment id="15353943" author="philippe.perrault@gmail.com" created="Tue, 28 Jun 2016 23:51:33 +0000">&lt;p&gt;Cool!&lt;br/&gt;
will do it then &lt;img class="emoticon" src="https://issues.apache.org/jira/images/icons/emoticons/smile.png" height="16" width="16" align="absmiddle" alt="" border="0"/&gt;&lt;/p&gt;</comment>
                    </comments>
                    <attachments>
                    </attachments>
                <subtasks>
                    </subtasks>
                <customfields>
                                                                                                                                                                                                                                                                                                                                                                                                                                                                                                                                                                                                                                                                                                                    <customfield id="customfield_12314020" key="com.atlassian.jira.plugins.jira-development-integration-plugin:devsummary">
                        <customfieldname>Development</customfieldname>
                        <customfieldvalues>
                            
                        </customfieldvalues>
                    </customfield>
                                                                                                                        <customfield id="customfield_12313422" key="com.atlassian.jirafisheyeplugin:jobcheckbox">
                        <customfieldname>Enable Automatic Patch Review</customfieldname>
                        <customfieldvalues>
                            <customfieldvalue>false</customfieldvalue>

                        </customfieldvalues>
                    </customfield>
                                                                                                                                                                                                                                                                                                                                                                                                                                                                                                                                                                                                                                                <customfield id="customfield_12310420" key="com.pyxis.greenhopper.jira:gh-global-rank">
                        <customfieldname>Global Rank</customfieldname>
                        <customfieldvalues>
                            <customfieldvalue>9223372036854775807</customfieldvalue>
                        </customfieldvalues>
                    </customfield>
                                                                                                                                                                                                                                                                                                                                                                                                                                                                        <customfield id="customfield_12311820" key="com.pyxis.greenhopper.jira:gh-lexo-rank">
                        <customfieldname>Rank</customfieldname>
                        <customfieldvalues>
                            <customfieldvalue>0|i2yjrr:</customfieldvalue>

                        </customfieldvalues>
                    </customfield>
                                                                <customfield id="customfield_12310920" key="com.pyxis.greenhopper.jira:gh-global-rank">
                        <customfieldname>Rank (Obsolete)</customfieldname>
                        <customfieldvalues>
                            <customfieldvalue>9223372036854775807</customfieldvalue>
                        </customfieldvalues>
                    </customfield>
                                                                                                                                                                                                                                                                                                                                                                                                                                                                                                                                                                                                                                                                                                                                                                                            </customfields>
    </item>


</channel>
</rss>