<rss version="0.92">
    <channel>
        <title>ASF JIRA</title>
        <link>https://issues.apache.org/jira/issues/?jql=project+%3D+CONFIGURATION+and+type+%3D+bug+and+%28status+%3D+RESOLVED+or+status+%3D+closed%29+and+resolution+%3D+Fixed+and+fixVersion+%21%3D+None++and+affectedVersion+%21%3D+None++and+affectedVersion+%21%3D+%22Nightly+Build%22</link>
        <description>An XML representation of a search request</description>
                <language>en-uk</language>
                        <issue start="0" end="213" total="213" />
                <build-info>
            <version>8.20.1</version>
            <build-number>820001</build-number>
            <build-date>28-10-2021</build-date>
        </build-info>

<item>
            <title>[CONFIGURATION-773] User Guide &gt; Properties files &gt; Saving</title>
                <link>https://issues.apache.org/jira/browse/CONFIGURATION-773</link>
                <project id="12310467" key="CONFIGURATION">Commons Configuration</project>
                    <description>&lt;p&gt;Hi,&lt;/p&gt;

&lt;p&gt;I found a couple of small bugs with missing brackets and quites in the code sample provided in the User's Guide &amp;gt; Properties files &amp;gt; Saving for the current version (2.6) as well as v1.10, please see the patch attached.&lt;/p&gt;

&lt;p&gt;Thank you,&lt;br/&gt;
Dan&lt;/p&gt;
&lt;ul&gt;
	&lt;li&gt;&lt;a href="https://commons.apache.org/proper/commons-configuration/userguide/howto_properties.html#Saving" class="external-link" target="_blank" rel="nofollow noopener"&gt;https://commons.apache.org/proper/commons-configuration/userguide/howto_properties.html#Saving&lt;/a&gt;&lt;/li&gt;
	&lt;li&gt;&lt;a href="https://commons.apache.org/proper/commons-configuration/userguide_v1.10/howto_properties.html#Saving" class="external-link" target="_blank" rel="nofollow noopener"&gt;https://commons.apache.org/proper/commons-configuration/userguide_v1.10/howto_properties.html#Saving&lt;/a&gt;&lt;/li&gt;
&lt;/ul&gt;
</description>
                <environment />
        <key id="13271572">CONFIGURATION-773</key>
            <summary>User Guide &gt; Properties files &gt; Saving</summary>
                <type id="1" iconUrl="https://issues.apache.org/jira/secure/viewavatar?size=xsmall&amp;avatarId=21133&amp;avatarType=issuetype">Bug</type>
                                            <priority id="4" iconUrl="https://issues.apache.org/jira/images/icons/priorities/minor.svg">Minor</priority>
                        <status id="5" iconUrl="https://issues.apache.org/jira/images/icons/statuses/resolved.png" description="A resolution has been taken, and it is awaiting verification by reporter. From here issues are either reopened, or are closed.">Resolved</status>
                    <statusCategory id="3" key="done" colorName="green" />
                                    <resolution id="1">Fixed</resolution>
                                        <assignee username="-1">Unassigned</assignee>
                                    <reporter username="dan.dragut">Dan Dragut</reporter>
                        <labels>
                    </labels>
                <created>Sun, 1 Dec 2019 19:54:55 +0000</created>
                <updated>Sun, 1 Dec 2019 20:46:25 +0000</updated>
                            <resolved>Sun, 1 Dec 2019 20:46:25 +0000</resolved>
                                    <version>1.10</version>
                    <version>2.6</version>
                    <version>2.7</version>
                                    <fixVersion>2.7</fixVersion>
                                    <component>Documentation</component>
                        <due />
                            <votes>0</votes>
                                    <watches>1</watches>
                                    <timeoriginalestimate seconds="900">0.25h</timeoriginalestimate>
                            <timeestimate seconds="0">0h</timeestimate>
                            <timespent seconds="1200">20m</timespent>
                                <comments>
                            <comment id="16985674" author="dan.dragut" created="Sun, 1 Dec 2019 20:41:57 +0000">&lt;p&gt;Figured out how to create a pull request on GitHub, thank you for writing the library, though I would contribute back with something (Y) &lt;img class="emoticon" src="https://issues.apache.org/jira/images/icons/emoticons/smile.png" height="16" width="16" align="absmiddle" alt="" border="0"/&gt;&lt;/p&gt;</comment>
                            <comment id="16985676" author="garydgregory" created="Sun, 1 Dec 2019 20:46:25 +0000">&lt;p&gt;In git master. Please verify and close.&lt;/p&gt;</comment>
                    </comments>
                    <attachments>
                            <attachment id="12987248" name="site-xdoc-userguide-howto-properties.patch" size="1938" author="dan.dragut" created="Sun, 1 Dec 2019 19:47:00 +0000" />
                    </attachments>
                <subtasks>
                    </subtasks>
                <customfields>
                                                                                                                                                                                                                                                                                                                                                                                                                                                                                                                                                                                                                                                                                                                    <customfield id="customfield_12314020" key="com.atlassian.jira.plugins.jira-development-integration-plugin:devsummary">
                        <customfieldname>Development</customfieldname>
                        <customfieldvalues>
                            
                        </customfieldvalues>
                    </customfield>
                                                                                                                        <customfield id="customfield_12313422" key="com.atlassian.jirafisheyeplugin:jobcheckbox">
                        <customfieldname>Enable Automatic Patch Review</customfieldname>
                        <customfieldvalues>
                            <customfieldvalue>false</customfieldvalue>

                        </customfieldvalues>
                    </customfield>
                                                                                                                                                                                                                                                                                                                                                                                    <customfield id="customfield_12310250" key="com.atlassian.jira.plugin.system.customfieldtypes:multicheckboxes">
                        <customfieldname>Flags</customfieldname>
                        <customfieldvalues>
                                <customfieldvalue key="10430">Patch</customfieldvalue>
    
                        </customfieldvalues>
                    </customfield>
                                                                                                                                                                                                                                                                                                <customfield id="customfield_12310420" key="com.pyxis.greenhopper.jira:gh-global-rank">
                        <customfieldname>Global Rank</customfieldname>
                        <customfieldvalues>
                            <customfieldvalue>9223372036854775807</customfieldvalue>
                        </customfieldvalues>
                    </customfield>
                                                                                                                                                                                                                                                                                                                                                                                                                                                                        <customfield id="customfield_12311820" key="com.pyxis.greenhopper.jira:gh-lexo-rank">
                        <customfieldname>Rank</customfieldname>
                        <customfieldvalues>
                            <customfieldvalue>0|z0965s:</customfieldvalue>

                        </customfieldvalues>
                    </customfield>
                                                                <customfield id="customfield_12310920" key="com.pyxis.greenhopper.jira:gh-global-rank">
                        <customfieldname>Rank (Obsolete)</customfieldname>
                        <customfieldvalues>
                            <customfieldvalue>9223372036854775807</customfieldvalue>
                        </customfieldvalues>
                    </customfield>
                                                                                                                                                                                                                                                                                                                                                                                                                                                                                                                                                                                                                                                                                                                                                                                            </customfields>
    </item>


</channel>
</rss>