<rss version="0.92">
    <channel>
        <title>ASF JIRA</title>
        <link>https://issues.apache.org/jira/issues/?jql=project+%3D+CONFIGURATION+and+type+%3D+bug+and+%28status+%3D+RESOLVED+or+status+%3D+closed%29+and+resolution+%3D+Fixed+and+fixVersion+%21%3D+None++and+affectedVersion+%21%3D+None++and+affectedVersion+%21%3D+%22Nightly+Build%22</link>
        <description>An XML representation of a search request</description>
                <language>en-uk</language>
                        <issue start="0" end="213" total="213" />
                <build-info>
            <version>8.20.1</version>
            <build-number>820001</build-number>
            <build-date>28-10-2021</build-date>
        </build-info>

<item>
            <title>[CONFIGURATION-301] NullPointerException in XMLConfiguration.save() after creating it from HierarchicalConfiguration</title>
                <link>https://issues.apache.org/jira/browse/CONFIGURATION-301</link>
                <project id="12310467" key="CONFIGURATION">Commons Configuration</project>
                    <description>&lt;p&gt;The subject says it all, the following code reproduces it. The two commented lines work around the bug: The first one fixes the NullPointerException, but destroys the name of the root element; the second arranges for the name being recreated.&lt;/p&gt;

&lt;p&gt;import org.apache.commons.configuration.ConfigurationException;&lt;br/&gt;
import org.apache.commons.configuration.SubnodeConfiguration;&lt;br/&gt;
import org.apache.commons.configuration.XMLConfiguration;&lt;/p&gt;

&lt;p&gt;public class Tester {&lt;br/&gt;
	public static void main(String[] args) throws ConfigurationException &lt;/p&gt;
{
		XMLConfiguration c1 = new XMLConfiguration("test.xml");
		c1.save(System.out);
		SubnodeConfiguration c1sub = c1.configurationAt("b");
		XMLConfiguration c2 = new XMLConfiguration(c1sub);
		// This fixes the error: c2.getRootNode().setName(null);
		// This fixes the name loss: c2.setRootElementName("b");
		c2.save(System.out);
	}
&lt;p&gt;}&lt;/p&gt;

&lt;p&gt;Here comes a simple configuration file to use (test.xml):&lt;br/&gt;
&amp;lt;?xml version="1.0" encoding="utf-8"?&amp;gt;&lt;br/&gt;
&amp;lt;a&amp;gt;&lt;br/&gt;
  &amp;lt;b&amp;gt;&lt;br/&gt;
    &amp;lt;c /&amp;gt;&lt;br/&gt;
  &amp;lt;/b&amp;gt;&lt;br/&gt;
&amp;lt;/a&amp;gt;&lt;/p&gt;

&lt;p&gt;And here a Stracktrace against &lt;a href="http://svn.apache.org/repos/asf/commons/proper/configuration/trunk@603551:" class="external-link" target="_blank" rel="nofollow noopener"&gt;http://svn.apache.org/repos/asf/commons/proper/configuration/trunk@603551:&lt;/a&gt;&lt;br/&gt;
Exception in thread "main" java.lang.NullPointerException&lt;br/&gt;
	at org.apache.commons.configuration.XMLConfiguration$XMLBuilderVisitor.insert(XMLConfiguration.java:1188)&lt;br/&gt;
	at org.apache.commons.configuration.HierarchicalConfiguration$BuilderVisitor.visitBeforeChildren(HierarchicalConfiguration.java:1642)&lt;br/&gt;
	at org.apache.commons.configuration.HierarchicalConfiguration$Node.visit(HierarchicalConfiguration.java:1319)&lt;br/&gt;
	at org.apache.commons.configuration.XMLConfiguration$XMLBuilderVisitor.processDocument(XMLConfiguration.java:1153)&lt;br/&gt;
	at org.apache.commons.configuration.XMLConfiguration.createDocument(XMLConfiguration.java:621)&lt;br/&gt;
	at org.apache.commons.configuration.XMLConfiguration.save(XMLConfiguration.java:711)&lt;br/&gt;
	at org.apache.commons.configuration.AbstractHierarchicalFileConfiguration$FileConfigurationDelegate.save(AbstractHierarchicalFileConfiguration.java:448)&lt;br/&gt;
	at org.apache.commons.configuration.AbstractFileConfiguration.save(AbstractFileConfiguration.java:544)&lt;br/&gt;
	at org.apache.commons.configuration.AbstractFileConfiguration.save(AbstractFileConfiguration.java:511)&lt;br/&gt;
	at org.apache.commons.configuration.AbstractHierarchicalFileConfiguration.save(AbstractHierarchicalFileConfiguration.java:214)&lt;br/&gt;
	at Tester.main(Tester.java:14)&lt;/p&gt;</description>
                <environment>&lt;p&gt;Sun JDK 1.5.0-13 on Debian GNU/Linux&lt;/p&gt;</environment>
        <key id="12384489">CONFIGURATION-301</key>
            <summary>NullPointerException in XMLConfiguration.save() after creating it from HierarchicalConfiguration</summary>
                <type id="1" iconUrl="https://issues.apache.org/jira/secure/viewavatar?size=xsmall&amp;avatarId=21133&amp;avatarType=issuetype">Bug</type>
                                            <priority id="4" iconUrl="https://issues.apache.org/jira/images/icons/priorities/minor.svg">Minor</priority>
                        <status id="6" iconUrl="https://issues.apache.org/jira/images/icons/statuses/closed.png" description="The issue is considered finished, the resolution is correct. Issues which are not closed can be reopened.">Closed</status>
                    <statusCategory id="3" key="done" colorName="green" />
                                    <resolution id="1">Fixed</resolution>
                                        <assignee username="oheger">Oliver Heger</assignee>
                                    <reporter username="da_kraft">Daniel Kraft</reporter>
                        <labels>
                    </labels>
                <created>Wed, 12 Dec 2007 11:23:57 +0000</created>
                <updated>Sat, 22 Aug 2009 19:36:51 +0000</updated>
                            <resolved>Thu, 13 Dec 2007 06:52:13 +0000</resolved>
                                    <version>1.4</version>
                    <version>1.5</version>
                    <version>Nightly Builds</version>
                                    <fixVersion>1.6</fixVersion>
                                        <due />
                            <votes>0</votes>
                                    <watches>0</watches>
                                                                <comments>
                            <comment id="12551116" author="oliver.heger@t-online.de" created="Wed, 12 Dec 2007 21:35:35 +0000">&lt;p&gt;You are right, I can reproduce the bug. The problem seems to be that the root element's reference (which should point to the corresponding XML element) is not correctly initialized. I will have a look.&lt;/p&gt;</comment>
                            <comment id="12551236" author="oliver.heger@t-online.de" created="Thu, 13 Dec 2007 06:52:13 +0000">&lt;p&gt;A fix has been applied. Thank you for spotting this.&lt;/p&gt;</comment>
                    </comments>
                    <attachments>
                    </attachments>
                <subtasks>
                    </subtasks>
                <customfields>
                                                                                                                                                                                                                                                                                                                                                                                                                                                                                                                                                                                                                                                                                                                    <customfield id="customfield_12314020" key="com.atlassian.jira.plugins.jira-development-integration-plugin:devsummary">
                        <customfieldname>Development</customfieldname>
                        <customfieldvalues>
                            
                        </customfieldvalues>
                    </customfield>
                                                                                                                        <customfield id="customfield_12313422" key="com.atlassian.jirafisheyeplugin:jobcheckbox">
                        <customfieldname>Enable Automatic Patch Review</customfieldname>
                        <customfieldvalues>
                            <customfieldvalue>false</customfieldvalue>

                        </customfieldvalues>
                    </customfield>
                                                                                                                                                                                                                                                                                                                                                                                                                                                                                                                                                                                                                                                <customfield id="customfield_12310420" key="com.pyxis.greenhopper.jira:gh-global-rank">
                        <customfieldname>Global Rank</customfieldname>
                        <customfieldvalues>
                            <customfieldvalue>33947</customfieldvalue>
                        </customfieldvalues>
                    </customfield>
                                                                                                                                                                                                                                                                                                                                                                                                                                                                        <customfield id="customfield_12311820" key="com.pyxis.greenhopper.jira:gh-lexo-rank">
                        <customfieldname>Rank</customfieldname>
                        <customfieldvalues>
                            <customfieldvalue>0|i0upyv:</customfieldvalue>

                        </customfieldvalues>
                    </customfield>
                                                                <customfield id="customfield_12310920" key="com.pyxis.greenhopper.jira:gh-global-rank">
                        <customfieldname>Rank (Obsolete)</customfieldname>
                        <customfieldvalues>
                            <customfieldvalue>177348</customfieldvalue>
                        </customfieldvalues>
                    </customfield>
                                                                                                                                                                                                                                                                                                                                                                                                                                                                                                                                                                                                                                                                                                                                                                                            </customfields>
    </item>


</channel>
</rss>