<rss version="0.92">
    <channel>
        <title>ASF JIRA</title>
        <link>https://issues.apache.org/jira/issues/?jql=project+%3D+CONFIGURATION+and+type+%3D+bug+and+%28status+%3D+RESOLVED+or+status+%3D+closed%29+and+resolution+%3D+Fixed+and+fixVersion+%21%3D+None++and+affectedVersion+%21%3D+None++and+affectedVersion+%21%3D+%22Nightly+Build%22</link>
        <description>An XML representation of a search request</description>
                <language>en-uk</language>
                        <issue start="0" end="213" total="213" />
                <build-info>
            <version>8.20.1</version>
            <build-number>820001</build-number>
            <build-date>28-10-2021</build-date>
        </build-info>

<item>
            <title>[CONFIGURATION-232] ConfigurationUtils spews directly on std.err when exceptions</title>
                <link>https://issues.apache.org/jira/browse/CONFIGURATION-232</link>
                <project id="12310467" key="CONFIGURATION">Commons Configuration</project>
                    <description>&lt;p&gt;ConfigurationUtils:&lt;br/&gt;
public static URL locate(String base, String name) {&lt;br/&gt;
  3 x :&lt;/p&gt;

&lt;p&gt;  catch (&lt;span class="error"&gt;&amp;#91;Malformed|IO&amp;#93;&lt;/span&gt;URLException e) &lt;/p&gt;
{
    e.printStackTrace();
  }
&lt;p&gt;}&lt;/p&gt;

&lt;p&gt;.. say no more.&lt;/p&gt;

&lt;p&gt;But while we're at it, the log-message (which, for some reason, actually goes to a logger, not uglily to the system) states "Configuration loaded from ..", which isn't true: The thing isn't loaded yet; it will be loaded.  "Loading configuration from .." would be better, or maybe "Will be loading configuration from ..". In addition, these log-lines could state what was the "base", and in particular the case where it loads from "base path", the whole line reads wrong.&lt;/p&gt;

&lt;p&gt;For example: "Loading configuration &lt;span class="error"&gt;&amp;#91;&amp;quot;+name+&amp;quot;&amp;#93;&lt;/span&gt; from base path &lt;span class="error"&gt;&amp;#91;&amp;quot;+base+&amp;quot;&amp;#93;&lt;/span&gt;.." and similar for the other lines.&lt;/p&gt;</description>
                <environment>&lt;p&gt;n/a&lt;/p&gt;</environment>
        <key id="12353287">CONFIGURATION-232</key>
            <summary>ConfigurationUtils spews directly on std.err when exceptions</summary>
                <type id="1" iconUrl="https://issues.apache.org/jira/secure/viewavatar?size=xsmall&amp;avatarId=21133&amp;avatarType=issuetype">Bug</type>
                                            <priority id="4" iconUrl="https://issues.apache.org/jira/images/icons/priorities/minor.svg">Minor</priority>
                        <status id="6" iconUrl="https://issues.apache.org/jira/images/icons/statuses/closed.png" description="The issue is considered finished, the resolution is correct. Issues which are not closed can be reopened.">Closed</status>
                    <statusCategory id="3" key="done" colorName="green" />
                                    <resolution id="1">Fixed</resolution>
                                        <assignee username="oheger">Oliver Heger</assignee>
                                    <reporter username="stolsvik">Endre St&#248;lsvik</reporter>
                        <labels>
                    </labels>
                <created>Mon, 16 Oct 2006 12:23:51 +0000</created>
                <updated>Sat, 22 Aug 2009 19:36:44 +0000</updated>
                            <resolved>Fri, 22 Dec 2006 18:22:43 +0000</resolved>
                                    <version>1.3</version>
                                    <fixVersion>1.4</fixVersion>
                                        <due />
                            <votes>0</votes>
                                    <watches>0</watches>
                                                                <comments>
                            <comment id="12442582" author="stolsvik" created="Mon, 16 Oct 2006 12:30:34 +0000">&lt;p&gt;Turns out that it really wasn't at that point the Exception came jumping at me on std-err, but (I believe now, at least) in AbstractFileConfiguration, where there is three more of these e.printStackTrace()es; in load(URL), reload() and save(File).&lt;/p&gt;

&lt;p&gt;While we're at it &lt;img class="emoticon" src="https://issues.apache.org/jira/images/icons/emoticons/warning.png" height="16" width="16" align="absmiddle" alt="" border="0"/&gt;, there is also one instance in PListNode.addDateValue(String value). That complete these, I believe.&lt;/p&gt;</comment>
                            <comment id="12460563" author="oliver.heger@t-online.de" created="Fri, 22 Dec 2006 18:22:43 +0000">&lt;p&gt;The printStackTrace() statements have been removed and the log messages you pointed out have been improved. Thank you for spotting this.&lt;/p&gt;</comment>
                    </comments>
                    <attachments>
                    </attachments>
                <subtasks>
                    </subtasks>
                <customfields>
                                                                                                                                                                                                                                                                                                                                                                                                                                                                                                                                                                                                                                                                                                                    <customfield id="customfield_12314020" key="com.atlassian.jira.plugins.jira-development-integration-plugin:devsummary">
                        <customfieldname>Development</customfieldname>
                        <customfieldvalues>
                            
                        </customfieldvalues>
                    </customfield>
                                                                                                                        <customfield id="customfield_12313422" key="com.atlassian.jirafisheyeplugin:jobcheckbox">
                        <customfieldname>Enable Automatic Patch Review</customfieldname>
                        <customfieldvalues>
                            <customfieldvalue>false</customfieldvalue>

                        </customfieldvalues>
                    </customfield>
                                                                                                                                                                                                                                                                                                                                                                                                                                                                                                                                                                                                                                                <customfield id="customfield_12310420" key="com.pyxis.greenhopper.jira:gh-global-rank">
                        <customfieldname>Global Rank</customfieldname>
                        <customfieldvalues>
                            <customfieldvalue>110787</customfieldvalue>
                        </customfieldvalues>
                    </customfield>
                                                                                                                                                                                                                                                                                                                                                                                                                                                                        <customfield id="customfield_12311820" key="com.pyxis.greenhopper.jira:gh-lexo-rank">
                        <customfieldname>Rank</customfieldname>
                        <customfieldvalues>
                            <customfieldvalue>0|i0uq9j:</customfieldvalue>

                        </customfieldvalues>
                    </customfield>
                                                                <customfield id="customfield_12310920" key="com.pyxis.greenhopper.jira:gh-global-rank">
                        <customfieldname>Rank (Obsolete)</customfieldname>
                        <customfieldvalues>
                            <customfieldvalue>177396</customfieldvalue>
                        </customfieldvalues>
                    </customfield>
                                                                                                                                                                                                                                                                                                                                                                                                                                                                                                                                                                                                                                                                                                                                                                                            </customfields>
    </item>


</channel>
</rss>