<rss version="0.92">
    <channel>
        <title>ASF JIRA</title>
        <link>https://issues.apache.org/jira/issues/?jql=project+%3D+CONFIGURATION+and+type+%3D+bug+and+%28status+%3D+RESOLVED+or+status+%3D+closed%29+and+resolution+%3D+Fixed+and+fixVersion+%21%3D+None++and+affectedVersion+%21%3D+None++and+affectedVersion+%21%3D+%22Nightly+Build%22</link>
        <description>An XML representation of a search request</description>
                <language>en-uk</language>
                        <issue start="0" end="213" total="213" />
                <build-info>
            <version>8.20.1</version>
            <build-number>820001</build-number>
            <build-date>28-10-2021</build-date>
        </build-info>

<item>
            <title>[CONFIGURATION-557] Regression: MapConfiguration no longer accepts a Map&lt;String, String&gt; (compilation error)</title>
                <link>https://issues.apache.org/jira/browse/CONFIGURATION-557</link>
                <project id="12310467" key="CONFIGURATION">Commons Configuration</project>
                    <description>&lt;p&gt;The attached test runs fine with configuration 1.7. It has a compilation error with 1.8 and 1.9. &lt;/p&gt;

&lt;p&gt;The attached patch fixes the problem, which is a pure compiler verification problem. &lt;/p&gt;</description>
                <environment />
        <key id="12674731">CONFIGURATION-557</key>
            <summary>Regression: MapConfiguration no longer accepts a Map&lt;String, String&gt; (compilation error)</summary>
                <type id="1" iconUrl="https://issues.apache.org/jira/secure/viewavatar?size=xsmall&amp;avatarId=21133&amp;avatarType=issuetype">Bug</type>
                                            <priority id="3" iconUrl="https://issues.apache.org/jira/images/icons/priorities/major.svg">Major</priority>
                        <status id="6" iconUrl="https://issues.apache.org/jira/images/icons/statuses/closed.png" description="The issue is considered finished, the resolution is correct. Issues which are not closed can be reopened.">Closed</status>
                    <statusCategory id="3" key="done" colorName="green" />
                                    <resolution id="1">Fixed</resolution>
                                        <assignee username="hgschmie">Henning Schmiedehausen</assignee>
                                    <reporter username="hgschmie">Henning Schmiedehausen</reporter>
                        <labels>
                    </labels>
                <created>Mon, 21 Oct 2013 03:21:05 +0000</created>
                <updated>Mon, 28 Oct 2013 06:54:37 +0000</updated>
                            <resolved>Mon, 21 Oct 2013 07:29:32 +0000</resolved>
                                    <version>1.8</version>
                    <version>1.9</version>
                                    <fixVersion>1.10</fixVersion>
                                        <due />
                            <votes>0</votes>
                                    <watches>1</watches>
                                                                <comments>
                            <comment id="13800326" author="hgschmie" created="Mon, 21 Oct 2013 03:22:01 +0000">&lt;p&gt;test case that fails compilation under 1.8 and 1.9&lt;/p&gt;</comment>
                            <comment id="13800327" author="hgschmie" created="Mon, 21 Oct 2013 03:23:01 +0000">&lt;p&gt;this patch fixes the problem.&lt;/p&gt;</comment>
                            <comment id="13800428" author="hgschmie" created="Mon, 21 Oct 2013 07:29:33 +0000">&lt;p&gt;Committed as r1534048.&lt;/p&gt;</comment>
                    </comments>
                    <attachments>
                            <attachment id="12609359" name="CONFIGURATION-557-fix.patch" size="693" author="hgschmie" created="Mon, 21 Oct 2013 03:23:01 +0000" />
                            <attachment id="12609358" name="TestMapConfigurationRegression.java" size="1420" author="hgschmie" created="Mon, 21 Oct 2013 03:22:01 +0000" />
                    </attachments>
                <subtasks>
                    </subtasks>
                <customfields>
                                                                                                                                                                                                                                                                                                                                                                                                                                                                                                                                                                                                                                                                                                                    <customfield id="customfield_12314020" key="com.atlassian.jira.plugins.jira-development-integration-plugin:devsummary">
                        <customfieldname>Development</customfieldname>
                        <customfieldvalues>
                            
                        </customfieldvalues>
                    </customfield>
                                                                                                                        <customfield id="customfield_12313422" key="com.atlassian.jirafisheyeplugin:jobcheckbox">
                        <customfieldname>Enable Automatic Patch Review</customfieldname>
                        <customfieldvalues>
                            <customfieldvalue>false</customfieldvalue>

                        </customfieldvalues>
                    </customfield>
                                                                                                                                                                                                                                                                                                                                                                                                                                                                                                                                                                                                                                                <customfield id="customfield_12310420" key="com.pyxis.greenhopper.jira:gh-global-rank">
                        <customfieldname>Global Rank</customfieldname>
                        <customfieldvalues>
                            <customfieldvalue>354353</customfieldvalue>
                        </customfieldvalues>
                    </customfield>
                                                                                                                                                                                                                                                                                                                                                                                                                                                                        <customfield id="customfield_12311820" key="com.pyxis.greenhopper.jira:gh-lexo-rank">
                        <customfieldname>Rank</customfieldname>
                        <customfieldvalues>
                            <customfieldvalue>0|i1p3a7:</customfieldvalue>

                        </customfieldvalues>
                    </customfield>
                                                                <customfield id="customfield_12310920" key="com.pyxis.greenhopper.jira:gh-global-rank">
                        <customfieldname>Rank (Obsolete)</customfieldname>
                        <customfieldvalues>
                            <customfieldvalue>354643</customfieldvalue>
                        </customfieldvalues>
                    </customfield>
                                                                                                                                                                                                                                                                                                                                                                                                                                                                                                                                                                                                                                                                                                                                                                                            </customfields>
    </item>


</channel>
</rss>