<rss version="0.92">
    <channel>
        <title>ASF JIRA</title>
        <link>https://issues.apache.org/jira/issues/?jql=project+%3D+CONFIGURATION+and+type+%3D+bug+and+%28status+%3D+RESOLVED+or+status+%3D+closed%29+and+resolution+%3D+Fixed+and+fixVersion+%21%3D+None++and+affectedVersion+%21%3D+None++and+affectedVersion+%21%3D+%22Nightly+Build%22</link>
        <description>An XML representation of a search request</description>
                <language>en-uk</language>
                        <issue start="0" end="213" total="213" />
                <build-info>
            <version>8.20.1</version>
            <build-number>820001</build-number>
            <build-date>28-10-2021</build-date>
        </build-info>

<item>
            <title>[CONFIGURATION-448] INI config can't have = in the value when using : seperators</title>
                <link>https://issues.apache.org/jira/browse/CONFIGURATION-448</link>
                <project id="12310467" key="CONFIGURATION">Commons Configuration</project>
                    <description>&lt;p&gt;If I load an INI file with these values:&lt;br/&gt;
username: identity&lt;br/&gt;
password: abc=123&lt;img class="emoticon" src="https://issues.apache.org/jira/images/icons/emoticons/biggrin.png" height="16" width="16" align="absmiddle" alt="" border="0"/&gt;&lt;/p&gt;

&lt;p&gt;It actually considers the second line to have the key "password: abc" and the value "123:G". &lt;/p&gt;</description>
                <environment />
        <key id="12505735">CONFIGURATION-448</key>
            <summary>INI config can't have = in the value when using : seperators</summary>
                <type id="1" iconUrl="https://issues.apache.org/jira/secure/viewavatar?size=xsmall&amp;avatarId=21133&amp;avatarType=issuetype">Bug</type>
                                            <priority id="3" iconUrl="https://issues.apache.org/jira/images/icons/priorities/major.svg">Major</priority>
                        <status id="6" iconUrl="https://issues.apache.org/jira/images/icons/statuses/closed.png" description="The issue is considered finished, the resolution is correct. Issues which are not closed can be reopened.">Closed</status>
                    <statusCategory id="3" key="done" colorName="green" />
                                    <resolution id="1">Fixed</resolution>
                                        <assignee username="oheger">Oliver Heger</assignee>
                                    <reporter username="mdeeks">Mike Deeks</reporter>
                        <labels>
                    </labels>
                <created>Thu, 28 Apr 2011 23:12:48 +0000</created>
                <updated>Thu, 8 Sep 2011 09:20:13 +0000</updated>
                            <resolved>Tue, 10 May 2011 05:53:26 +0000</resolved>
                                    <version>1.6</version>
                                    <fixVersion>1.7</fixVersion>
                                        <due />
                            <votes>0</votes>
                                    <watches>0</watches>
                                                                <comments>
                            <comment id="13026868" author="joehni" created="Fri, 29 Apr 2011 06:01:53 +0000">&lt;p&gt;Using ':' as key separator is actually not really defined. It's not supported by Windows and is based on extensions other companies/people made. Therefore I can understand that the current implementation gives '=' more precedence. However, you should be able to quote the value:&lt;/p&gt;

&lt;div class="preformatted panel" style="border-width: 1px;"&gt;&lt;div class="preformattedContent panelContent"&gt;
&lt;pre&gt;password: "abc=123:D"
&lt;/pre&gt;
&lt;/div&gt;&lt;/div&gt;

&lt;p&gt;Nevertheless, the implementation could be smarter in this case, since spaces are not allowed in the key and it could look for the separator character in the first character sequence containing no spaces.&lt;/p&gt;</comment>
                            <comment id="13031034" author="oliver.heger@t-online.de" created="Tue, 10 May 2011 05:53:26 +0000">&lt;p&gt;Fixed in subversion in revision 1101319.&lt;/p&gt;

&lt;p&gt;The handling of separators has been made a bit smarter. Per default, the first separator character encountered in the line is used. This will solve your problem with the password property. It is now also possible to change this default behavior by using quotation marks: If a quote character is found and before that a separator, this separator character is used. This makes is possible to have separator characters in keys. For instance, the line&lt;/p&gt;

&lt;div class="code panel" style="border-width: 1px;"&gt;&lt;div class="codeContent panelContent"&gt;
&lt;pre class="code-java"&gt;key:1 = &lt;span class="code-quote"&gt;"MyValue"&lt;/span&gt;
&lt;/pre&gt;
&lt;/div&gt;&lt;/div&gt;

&lt;p&gt;is split into key = &lt;em&gt;key:1&lt;/em&gt; and value = &lt;em&gt;MyValue&lt;/em&gt;.&lt;/p&gt;</comment>
                    </comments>
                    <attachments>
                    </attachments>
                <subtasks>
                    </subtasks>
                <customfields>
                                                                                                                                                                                                                                                                                                                                                                                                                                                                                                                                                                                                                                                                                                                    <customfield id="customfield_12314020" key="com.atlassian.jira.plugins.jira-development-integration-plugin:devsummary">
                        <customfieldname>Development</customfieldname>
                        <customfieldvalues>
                            
                        </customfieldvalues>
                    </customfield>
                                                                                                                        <customfield id="customfield_12313422" key="com.atlassian.jirafisheyeplugin:jobcheckbox">
                        <customfieldname>Enable Automatic Patch Review</customfieldname>
                        <customfieldvalues>
                            <customfieldvalue>false</customfieldvalue>

                        </customfieldvalues>
                    </customfield>
                                                                                                                                                                                                                                                                                                                                                                                                                                                                                                                                                                                                                                                <customfield id="customfield_12310420" key="com.pyxis.greenhopper.jira:gh-global-rank">
                        <customfieldname>Global Rank</customfieldname>
                        <customfieldvalues>
                            <customfieldvalue>33862</customfieldvalue>
                        </customfieldvalues>
                    </customfield>
                                                                                                                                                                                                                                                                                                                                                                                                                                                                        <customfield id="customfield_12311820" key="com.pyxis.greenhopper.jira:gh-lexo-rank">
                        <customfieldname>Rank</customfieldname>
                        <customfieldvalues>
                            <customfieldvalue>0|i0uouf:</customfieldvalue>

                        </customfieldvalues>
                    </customfield>
                                                                <customfield id="customfield_12310920" key="com.pyxis.greenhopper.jira:gh-global-rank">
                        <customfieldname>Rank (Obsolete)</customfieldname>
                        <customfieldvalues>
                            <customfieldvalue>177166</customfieldvalue>
                        </customfieldvalues>
                    </customfield>
                                                                                                                                                                                                                                                                                                                                                                                                                                                                                                                                                                                                                                                                                                                                                                                            </customfields>
    </item>


</channel>
</rss>