<rss version="0.92">
    <channel>
        <title>ASF JIRA</title>
        <link>https://issues.apache.org/jira/issues/?jql=project+%3D+CONFIGURATION+and+type+%3D+bug+and+%28status+%3D+RESOLVED+or+status+%3D+closed%29+and+resolution+%3D+Fixed+and+fixVersion+%21%3D+None++and+affectedVersion+%21%3D+None++and+affectedVersion+%21%3D+%22Nightly+Build%22</link>
        <description>An XML representation of a search request</description>
                <language>en-uk</language>
                        <issue start="0" end="213" total="213" />
                <build-info>
            <version>8.20.1</version>
            <build-number>820001</build-number>
            <build-date>28-10-2021</build-date>
        </build-info>

<item>
            <title>[CONFIGURATION-251] project.xml file references deprecated xml-apis-2.0.2</title>
                <link>https://issues.apache.org/jira/browse/CONFIGURATION-251</link>
                <project id="12310467" key="CONFIGURATION">Commons Configuration</project>
                    <description>&lt;p&gt;See &lt;br/&gt;
&lt;a href="http://www.ibiblio.org/maven/xml-apis/jars/" class="external-link" target="_blank" rel="nofollow noopener"&gt;http://www.ibiblio.org/maven/xml-apis/jars/&lt;/a&gt;&lt;/p&gt;

&lt;p&gt;In project.xml:&lt;br/&gt;
    &amp;lt;dependency&amp;gt;&lt;br/&gt;
      &amp;lt;groupId&amp;gt;xml-apis&amp;lt;/groupId&amp;gt;&lt;br/&gt;
      &amp;lt;artifactId&amp;gt;xml-apis&amp;lt;/artifactId&amp;gt;&lt;br/&gt;
      &amp;lt;version&amp;gt;2.0.2&amp;lt;/version&amp;gt;&lt;br/&gt;
      &amp;lt;url&amp;gt;&lt;a href="http://xml.apache.org/commons/" class="external-link" target="_blank" rel="nofollow noopener"&gt;http://xml.apache.org/commons/&lt;/a&gt;&amp;lt;/url&amp;gt;&lt;br/&gt;
      &amp;lt;properties&amp;gt;&lt;br/&gt;
        &amp;lt;scope&amp;gt;provided&amp;lt;/scope&amp;gt;&lt;br/&gt;
        &amp;lt;war.bundle&amp;gt;true&amp;lt;/war.bundle&amp;gt;&lt;br/&gt;
      &amp;lt;/properties&amp;gt;&lt;br/&gt;
    &amp;lt;/dependency&amp;gt;&lt;/p&gt;

&lt;p&gt;I found this was used in both 1.3 release and svn trunk &lt;br/&gt;
Last Changed Rev: 498155&lt;br/&gt;
Last Changed Date: 2007-01-20 21:23:52 +0200 (Sat, 20 Jan 2007)&lt;/p&gt;</description>
                <environment />
        <key id="12361363">CONFIGURATION-251</key>
            <summary>project.xml file references deprecated xml-apis-2.0.2</summary>
                <type id="1" iconUrl="https://issues.apache.org/jira/secure/viewavatar?size=xsmall&amp;avatarId=21133&amp;avatarType=issuetype">Bug</type>
                                            <priority id="3" iconUrl="https://issues.apache.org/jira/images/icons/priorities/major.svg">Major</priority>
                        <status id="6" iconUrl="https://issues.apache.org/jira/images/icons/statuses/closed.png" description="The issue is considered finished, the resolution is correct. Issues which are not closed can be reopened.">Closed</status>
                    <statusCategory id="3" key="done" colorName="green" />
                                    <resolution id="1">Fixed</resolution>
                                        <assignee username="oheger">Oliver Heger</assignee>
                                    <reporter username="betelgeuse">Petteri R&#228;ty</reporter>
                        <labels>
                    </labels>
                <created>Fri, 26 Jan 2007 22:23:15 +0000</created>
                <updated>Sat, 22 Aug 2009 19:36:47 +0000</updated>
                            <resolved>Sun, 28 Jan 2007 17:28:54 +0000</resolved>
                                    <version>1.3</version>
                                    <fixVersion>1.4</fixVersion>
                                        <due />
                            <votes>0</votes>
                                    <watches>0</watches>
                                                                <comments>
                            <comment id="12468041" author="oliver.heger@t-online.de" created="Sat, 27 Jan 2007 17:37:35 +0000">&lt;p&gt;Why do you think that this is a bug?&lt;/p&gt;

&lt;p&gt;This dependency was introduced because the minimum supported JDK is still 1.3, which does not contain the XML classes. Therefore on the dependencies page you can see entries like "Java 1.4 or (xml-apis + xerces + xalan)".&lt;/p&gt;</comment>
                            <comment id="12468054" author="betelgeuse" created="Sat, 27 Jan 2007 19:01:11 +0000">&lt;p&gt;Because you should be using the right version of xml-apis in your project.xml. &lt;/p&gt;

&lt;p&gt;From the bottom of the page:&lt;br/&gt;
xml-apis&lt;/p&gt;

&lt;p&gt;The following jars are bogus and should not be used. Right now they are symbolic links to the xml-apis-1.0.b2.jar but will be deleted eventually&lt;/p&gt;

&lt;ul&gt;
	&lt;li&gt;xml-apis-2.0.0.jar&lt;/li&gt;
	&lt;li&gt;xml-apis-2.0.2.jar&lt;/li&gt;
&lt;/ul&gt;


&lt;p&gt;So you should be using xml-apis-1.0.b2.jar instead.&lt;/p&gt;</comment>
                            <comment id="12468135" author="oliver.heger@t-online.de" created="Sun, 28 Jan 2007 17:28:54 +0000">&lt;p&gt;Oh, understood. Fixed now in subversion. Thank you for spotting this.&lt;/p&gt;</comment>
                    </comments>
                    <attachments>
                    </attachments>
                <subtasks>
                    </subtasks>
                <customfields>
                                                                                                                                                                                                                                                                                                                                                                                                                                                                                                                                                                                                                                                                                                                    <customfield id="customfield_12314020" key="com.atlassian.jira.plugins.jira-development-integration-plugin:devsummary">
                        <customfieldname>Development</customfieldname>
                        <customfieldvalues>
                            
                        </customfieldvalues>
                    </customfield>
                                                                                                                        <customfield id="customfield_12313422" key="com.atlassian.jirafisheyeplugin:jobcheckbox">
                        <customfieldname>Enable Automatic Patch Review</customfieldname>
                        <customfieldvalues>
                            <customfieldvalue>false</customfieldvalue>

                        </customfieldvalues>
                    </customfield>
                                                                                                                                                                                                                                                                                                                                                                                                                                                                                                                                                                                                                                                <customfield id="customfield_12310420" key="com.pyxis.greenhopper.jira:gh-global-rank">
                        <customfieldname>Global Rank</customfieldname>
                        <customfieldvalues>
                            <customfieldvalue>96870</customfieldvalue>
                        </customfieldvalues>
                    </customfield>
                                                                                                                                                                                                                                                                                                                                                                                                                                                                        <customfield id="customfield_12311820" key="com.pyxis.greenhopper.jira:gh-lexo-rank">
                        <customfieldname>Rank</customfieldname>
                        <customfieldvalues>
                            <customfieldvalue>0|i0uosn:</customfieldvalue>

                        </customfieldvalues>
                    </customfield>
                                                                <customfield id="customfield_12310920" key="com.pyxis.greenhopper.jira:gh-global-rank">
                        <customfieldname>Rank (Obsolete)</customfieldname>
                        <customfieldvalues>
                            <customfieldvalue>177158</customfieldvalue>
                        </customfieldvalues>
                    </customfield>
                                                                                                                                                                                                                                                                                                                                                                                                                                                                                                                                                                                                                                                                                                                                                                                            </customfields>
    </item>


</channel>
</rss>