<rss version="0.92">
    <channel>
        <title>ASF JIRA</title>
        <link>https://issues.apache.org/jira/issues/?jql=project+%3D+CONFIGURATION+and+type+%3D+bug+and+%28status+%3D+RESOLVED+or+status+%3D+closed%29+and+resolution+%3D+Fixed+and+fixVersion+%21%3D+None++and+affectedVersion+%21%3D+None++and+affectedVersion+%21%3D+%22Nightly+Build%22</link>
        <description>An XML representation of a search request</description>
                <language>en-uk</language>
                        <issue start="0" end="213" total="213" />
                <build-info>
            <version>8.20.1</version>
            <build-number>820001</build-number>
            <build-date>28-10-2021</build-date>
        </build-info>

<item>
            <title>[CONFIGURATION-327] INIConfiguration Global parameters alias sectional parameters</title>
                <link>https://issues.apache.org/jira/browse/CONFIGURATION-327</link>
                <project id="12310467" key="CONFIGURATION">Commons Configuration</project>
                    <description>&lt;p&gt;After reading the following file with INIConfiguration &lt;/p&gt;

&lt;p&gt;default = ok&lt;br/&gt;
dotted.var1 = default&lt;/p&gt;

&lt;p&gt;&lt;span class="error"&gt;&amp;#91;section1&amp;#93;&lt;/span&gt;&lt;br/&gt;
dotted.var1 = foo&lt;br/&gt;
var2 = doodle&lt;/p&gt;

&lt;p&gt;The set of sections returned by INIConfiguration.getSections() includes "dotted" and "section1".  I did not expect a section "dotted".&lt;/p&gt;</description>
                <environment />
        <key id="12395652">CONFIGURATION-327</key>
            <summary>INIConfiguration Global parameters alias sectional parameters</summary>
                <type id="1" iconUrl="https://issues.apache.org/jira/secure/viewavatar?size=xsmall&amp;avatarId=21133&amp;avatarType=issuetype">Bug</type>
                                            <priority id="3" iconUrl="https://issues.apache.org/jira/images/icons/priorities/major.svg">Major</priority>
                        <status id="6" iconUrl="https://issues.apache.org/jira/images/icons/statuses/closed.png" description="The issue is considered finished, the resolution is correct. Issues which are not closed can be reopened.">Closed</status>
                    <statusCategory id="3" key="done" colorName="green" />
                                    <resolution id="1">Fixed</resolution>
                                        <assignee username="oheger">Oliver Heger</assignee>
                                    <reporter username="chonton">Charles Honton</reporter>
                        <labels>
                    </labels>
                <created>Thu, 8 May 2008 20:03:36 +0000</created>
                <updated>Sat, 22 Aug 2009 19:36:52 +0000</updated>
                            <resolved>Tue, 18 Nov 2008 21:32:35 +0000</resolved>
                                    <version>1.5</version>
                                    <fixVersion>1.6</fixVersion>
                                    <component>Documentation</component>
                    <component>Format</component>
                        <due />
                            <votes>0</votes>
                                    <watches>1</watches>
                                                                <comments>
                            <comment id="12595585" author="ebourg" created="Fri, 9 May 2008 12:52:43 +0000">&lt;p&gt;The sections are deduced from the prefixes of the keys, that's why "dotted" is considered as a section. To prevent this we should probably turn INIConfiguration into a hierarchical configuration, the sections being the first level nodes.&lt;/p&gt;</comment>
                            <comment id="12596526" author="charles_honton@intuit.com" created="Tue, 13 May 2008 20:35:19 +0000">&lt;p&gt;Alternatively, since the ini format does not allow brackets in a key name, include brackets in the section part of the key name.  The example above would contain:&lt;/p&gt;

&lt;p&gt;default = ok&lt;br/&gt;
dotted.var1 = default&lt;br/&gt;
&lt;span class="error"&gt;&amp;#91;section1&amp;#93;&lt;/span&gt;.dotted.var1 = foo&lt;br/&gt;
&lt;span class="error"&gt;&amp;#91;section1&amp;#93;&lt;/span&gt;.var2 = doodle&lt;/p&gt;

&lt;p&gt;This would break prior clients expecting a particular name aliasing.  This would not break clients properly appending the section name to the key name to get the property.&lt;/p&gt;</comment>
                            <comment id="12596549" author="charles_honton@intuit.com" created="Tue, 13 May 2008 22:29:56 +0000">&lt;p&gt;A potential fix.  However, it does change the names of the keys.&lt;/p&gt;</comment>
                            <comment id="12647213" author="oliver.heger@t-online.de" created="Thu, 13 Nov 2008 07:36:01 +0000">&lt;p&gt;Making INIConfiguration a true hierarchical configuration is certainly the future-proof solution because in the next major release of Commons Configuration all configuration classes are intended to be hierarchical. This will also address some of the other tickets created for INIConfiguration. I will try to create such a hierarchical implementation.&lt;/p&gt;

&lt;p&gt;Unfortunately changing the inheritance structure from AbstractFileConfiguration to AbstractHierarchicalFileConfiguration is a binary incompatible change. So I will have to create a new class, say HierarchicalINIConfiguration. We can then deprecate the original INIConfiguration.&lt;/p&gt;</comment>
                            <comment id="12648765" author="oliver.heger@t-online.de" created="Tue, 18 Nov 2008 21:32:35 +0000">&lt;p&gt;A new class &lt;tt&gt;HierarchicalINIConfiguration&lt;/tt&gt; was created, which provides enhanced functionality and is also a truly hierarchical configuration. It correctly deals with variables with dots in their names in the global section.&lt;/p&gt;</comment>
                    </comments>
                    <attachments>
                            <attachment id="12381991" name="INIConfiguration.diff" size="4057" author="chonton" created="Tue, 13 May 2008 22:29:56 +0000" />
                            <attachment id="12381992" name="TestINIConfiguration.diff" size="7142" author="chonton" created="Tue, 13 May 2008 22:29:56 +0000" />
                    </attachments>
                <subtasks>
                    </subtasks>
                <customfields>
                                                                                                                                                                                                                                                                                                                                                                                                                                                                                                                                                                                                                                                                                                                    <customfield id="customfield_12314020" key="com.atlassian.jira.plugins.jira-development-integration-plugin:devsummary">
                        <customfieldname>Development</customfieldname>
                        <customfieldvalues>
                            
                        </customfieldvalues>
                    </customfield>
                                                                                                                        <customfield id="customfield_12313422" key="com.atlassian.jirafisheyeplugin:jobcheckbox">
                        <customfieldname>Enable Automatic Patch Review</customfieldname>
                        <customfieldvalues>
                            <customfieldvalue>false</customfieldvalue>

                        </customfieldvalues>
                    </customfield>
                                                                                                                                                                                                                                                                                                                                                                                                                                                                                                                                                                                                                                                <customfield id="customfield_12310420" key="com.pyxis.greenhopper.jira:gh-global-rank">
                        <customfieldname>Global Rank</customfieldname>
                        <customfieldvalues>
                            <customfieldvalue>110833</customfieldvalue>
                        </customfieldvalues>
                    </customfield>
                                                                                                                                                                                                                                                                                                                                                                                                                                                                        <customfield id="customfield_12311820" key="com.pyxis.greenhopper.jira:gh-lexo-rank">
                        <customfieldname>Rank</customfieldname>
                        <customfieldvalues>
                            <customfieldvalue>0|i0lgin:</customfieldvalue>

                        </customfieldvalues>
                    </customfield>
                                                                <customfield id="customfield_12310920" key="com.pyxis.greenhopper.jira:gh-global-rank">
                        <customfieldname>Rank (Obsolete)</customfieldname>
                        <customfieldvalues>
                            <customfieldvalue>123326</customfieldvalue>
                        </customfieldvalues>
                    </customfield>
                                                                                                                                                                                                                                                                                                                                                                                                                                                                                                                                                                                                                                                                                                                                                                                            </customfields>
    </item>


</channel>
</rss>