<rss version="0.92">
    <channel>
        <title>ASF JIRA</title>
        <link>https://issues.apache.org/jira/issues/?jql=project+%3D+CONFIGURATION+and+type+%3D+bug+and+%28status+%3D+RESOLVED+or+status+%3D+closed%29+and+resolution+%3D+Fixed+and+fixVersion+%21%3D+None++and+affectedVersion+%21%3D+None++and+affectedVersion+%21%3D+%22Nightly+Build%22</link>
        <description>An XML representation of a search request</description>
                <language>en-uk</language>
                        <issue start="0" end="213" total="213" />
                <build-info>
            <version>8.20.1</version>
            <build-number>820001</build-number>
            <build-date>28-10-2021</build-date>
        </build-info>

<item>
            <title>[CONFIGURATION-634] BasePath is incorrectly computed while init of CompositeConfiguration</title>
                <link>https://issues.apache.org/jira/browse/CONFIGURATION-634</link>
                <project id="12310467" key="CONFIGURATION">Commons Configuration</project>
                    <description>&lt;p&gt;The base path should be just "app" instead of &lt;/p&gt;
&lt;div class="preformatted panel" style="border-width: 1px;"&gt;&lt;div class="preformattedContent panelContent"&gt;
&lt;pre&gt;file:///C:/path/to/app&lt;/pre&gt;
&lt;/div&gt;&lt;/div&gt;
&lt;p&gt; because of which the code is trying to locate config.properties in the following path: &lt;/p&gt;
&lt;div class="preformatted panel" style="border-width: 1px;"&gt;&lt;div class="preformattedContent panelContent"&gt;
&lt;pre&gt;C:\path\to\file:\C:\path\to\app\config.properties&lt;/pre&gt;
&lt;/div&gt;&lt;/div&gt;


&lt;p&gt;In the below snippet basepath is good when handler.locate() runs but fails when running handler.load()&lt;/p&gt;
&lt;div class="code panel" style="border-width: 1px;"&gt;&lt;div class="codeHeader panelHeader" style="border-bottom-width: 1px;"&gt;&lt;b&gt;org.apache.commons.configuration2.builder.FileLocatorUtils&lt;/b&gt;&lt;/div&gt;&lt;div class="codeContent panelContent"&gt;
&lt;pre class="code-java"&gt;&lt;span class="code-keyword"&gt;protected&lt;/span&gt; void initFileHandler(FileHandler handler)
            &lt;span class="code-keyword"&gt;throws&lt;/span&gt; ConfigurationException
    {
        initEncoding(handler);
        &lt;span class="code-keyword"&gt;if&lt;/span&gt; (handler.isLocationDefined())
        {
            handler.locate();
            handler.load();
        }
    }
&lt;/pre&gt;
&lt;/div&gt;&lt;/div&gt;

&lt;p&gt;If you would like to see the basepath being manipulated keep a debug point at file.isFile() in the below snippet&lt;/p&gt;
&lt;div class="code panel" style="border-width: 1px;"&gt;&lt;div class="codeHeader panelHeader" style="border-bottom-width: 1px;"&gt;&lt;b&gt;org.apache.commons.configuration2.io.HomeDirectoryLocationStrategy&lt;/b&gt;&lt;/div&gt;&lt;div class="codeContent panelContent"&gt;
&lt;pre class="code-java"&gt;&lt;span class="code-keyword"&gt;public&lt;/span&gt; URL locate(FileSystem fileSystem, FileLocator locator)
    {
        &lt;span class="code-keyword"&gt;if&lt;/span&gt; (StringUtils.isNotEmpty(locator.getFileName()))
        {
            &lt;span class="code-object"&gt;String&lt;/span&gt; basePath = fetchBasePath(locator);
            File file =
                    FileLocatorUtils.constructFile(basePath,
                            locator.getFileName());
            &lt;span class="code-keyword"&gt;if&lt;/span&gt; (file.isFile())
            {
                &lt;span class="code-keyword"&gt;return&lt;/span&gt; FileLocatorUtils.convertFileToURL(file);
            }
        }

        &lt;span class="code-keyword"&gt;return&lt;/span&gt; &lt;span class="code-keyword"&gt;null&lt;/span&gt;;
    }
&lt;/pre&gt;
&lt;/div&gt;&lt;/div&gt;

&lt;p&gt;Snippet failing:&lt;/p&gt;
&lt;div class="code panel" style="border-width: 1px;"&gt;&lt;div class="codeContent panelContent"&gt;
&lt;pre class="code-java"&gt;CompositeConfiguration config = &lt;span class="code-keyword"&gt;new&lt;/span&gt; CompositeConfiguration();
config.addConfiguration(&lt;span class="code-keyword"&gt;new&lt;/span&gt; SystemConfiguration());

&lt;span class="code-keyword"&gt;final&lt;/span&gt; FileBasedConfigurationBuilder&amp;lt;FileBasedConfiguration&amp;gt; homeDirConfigurationBuilder
        = &lt;span class="code-keyword"&gt;new&lt;/span&gt; FileBasedConfigurationBuilder&amp;lt;&amp;gt;(PropertiesConfiguration.class);
&lt;span class="code-keyword"&gt;final&lt;/span&gt; PropertiesBuilderParameters homeDirProperties = &lt;span class="code-keyword"&gt;new&lt;/span&gt; Parameters().properties();
&lt;span class="code-keyword"&gt;final&lt;/span&gt; FileBasedConfigurationBuilder&amp;lt;FileBasedConfiguration&amp;gt; configurationBuilder
        = &lt;span class="code-keyword"&gt;new&lt;/span&gt; FileBasedConfigurationBuilder&amp;lt;&amp;gt;(PropertiesConfiguration.class);
&lt;span class="code-keyword"&gt;final&lt;/span&gt; PropertiesBuilderParameters properties = &lt;span class="code-keyword"&gt;new&lt;/span&gt; Parameters().properties();

FileBasedConfigurationBuilder&amp;lt;FileBasedConfiguration&amp;gt; builder1 = homeDirConfigurationBuilder.configure(
        homeDirProperties.setLocationStrategy(&lt;span class="code-keyword"&gt;new&lt;/span&gt; HomeDirectoryLocationStrategy(&lt;span class="code-keyword"&gt;true&lt;/span&gt;))
                .setBasePath(&lt;span class="code-quote"&gt;"app"&lt;/span&gt;)
                .setListDelimiterHandler(&lt;span class="code-keyword"&gt;new&lt;/span&gt; DefaultListDelimiterHandler(&lt;span class="code-quote"&gt;','&lt;/span&gt;))
                .setFileName(&lt;span class="code-quote"&gt;"config.properties"&lt;/span&gt;));
FileBasedConfigurationBuilder&amp;lt;FileBasedConfiguration&amp;gt; builder2 = configurationBuilder.configure(
        properties.setLocationStrategy(&lt;span class="code-keyword"&gt;new&lt;/span&gt; ClasspathLocationStrategy())
                .setListDelimiterHandler(&lt;span class="code-keyword"&gt;new&lt;/span&gt; DefaultListDelimiterHandler(&lt;span class="code-quote"&gt;','&lt;/span&gt;))
                .setFileName(&lt;span class="code-quote"&gt;"default_config.properties"&lt;/span&gt;));
&lt;span class="code-keyword"&gt;try&lt;/span&gt; {
    &lt;span class="code-comment"&gt;// TODO Fails due to a bug in commons configuration FileLocatorUtils#createFullyInitializedLocatorFromURL
&lt;/span&gt;    config.addConfiguration(builder1.getConfiguration());
    config.addConfiguration(builder2.getConfiguration());
} &lt;span class="code-keyword"&gt;catch&lt;/span&gt; (ConfigurationException e) {
    log.warn(configMarker, &lt;span class="code-quote"&gt;"Failed to load the properties file, loading defaults"&lt;/span&gt;, e);
}
&lt;/pre&gt;
&lt;/div&gt;&lt;/div&gt;

&lt;p&gt;Stacktrace:&lt;/p&gt;
&lt;div class="preformatted panel" style="border-width: 1px;"&gt;&lt;div class="preformattedContent panelContent"&gt;
&lt;pre&gt;org.apache.commons.configuration2.ex.ConfigurationException: Could not locate: org.apache.commons.configuration2.io.FileLocator@353d0772[fileName=config.properties,basePath=file:///C:/path/to/app/,sourceURL=file:/C:/path/to/app/config.properties,encoding=ISO-8859-1,fileSystem=&amp;lt;null&amp;gt;,locationStrategy=org.apache.commons.configuration2.io.HomeDirectoryLocationStrategy@10e41621]
	at org.apache.commons.configuration2.io.FileLocatorUtils.locateOrThrow(FileLocatorUtils.java:346) ~[commons-configuration2-2.0.jar:2.0]
	at org.apache.commons.configuration2.io.FileHandler.load(FileHandler.java:972) ~[commons-configuration2-2.0.jar:2.0]
	at org.apache.commons.configuration2.io.FileHandler.load(FileHandler.java:702) ~[commons-configuration2-2.0.jar:2.0]
	at org.apache.commons.configuration2.builder.FileBasedConfigurationBuilder.initFileHandler(FileBasedConfigurationBuilder.java:312) ~[commons-configuration2-2.0.jar:2.0]
	at org.apache.commons.configuration2.builder.FileBasedConfigurationBuilder.initResultInstance(FileBasedConfigurationBuilder.java:291) ~[commons-configuration2-2.0.jar:2.0]
	at org.apache.commons.configuration2.builder.FileBasedConfigurationBuilder.initResultInstance(FileBasedConfigurationBuilder.java:60) ~[commons-configuration2-2.0.jar:2.0]
	at org.apache.commons.configuration2.builder.BasicConfigurationBuilder.createResult(BasicConfigurationBuilder.java:421) ~[commons-configuration2-2.0.jar:2.0]
	at org.apache.commons.configuration2.builder.BasicConfigurationBuilder.getConfiguration(BasicConfigurationBuilder.java:285) ~[commons-configuration2-2.0.jar:2.0]
&lt;/pre&gt;
&lt;/div&gt;&lt;/div&gt;</description>
                <environment>&lt;p&gt;Windows Server 2008 R2&lt;br/&gt;
Oracle JDK 1.8.0_92&lt;/p&gt;</environment>
        <key id="12981426">CONFIGURATION-634</key>
            <summary>BasePath is incorrectly computed while init of CompositeConfiguration</summary>
                <type id="1" iconUrl="https://issues.apache.org/jira/secure/viewavatar?size=xsmall&amp;avatarId=21133&amp;avatarType=issuetype">Bug</type>
                                            <priority id="3" iconUrl="https://issues.apache.org/jira/images/icons/priorities/major.svg">Major</priority>
                        <status id="6" iconUrl="https://issues.apache.org/jira/images/icons/statuses/closed.png" description="The issue is considered finished, the resolution is correct. Issues which are not closed can be reopened.">Closed</status>
                    <statusCategory id="3" key="done" colorName="green" />
                                    <resolution id="1">Fixed</resolution>
                                        <assignee username="-1">Unassigned</assignee>
                                    <reporter username="bond_">Raviteja Lokineni</reporter>
                        <labels>
                    </labels>
                <created>Tue, 21 Jun 2016 17:32:18 +0000</created>
                <updated>Sun, 21 Aug 2016 19:39:28 +0000</updated>
                            <resolved>Fri, 24 Jun 2016 15:52:33 +0000</resolved>
                                    <version>2.0</version>
                                    <fixVersion>2.1</fixVersion>
                                        <due />
                            <votes>0</votes>
                                    <watches>4</watches>
                                                                <comments>
                            <comment id="15342575" author="oliver.heger@t-online.de" created="Tue, 21 Jun 2016 20:12:10 +0000">&lt;p&gt;Thanks for this report.&lt;/p&gt;

&lt;p&gt;So are you saying that the bug is in &lt;tt&gt;HomeDirectoryLocationStrategy&lt;/tt&gt;? Any chance you can provide a unit test (maybe a stripped-down variant of the code fragment above)?&lt;/p&gt;</comment>
                            <comment id="15342616" author="bond_" created="Tue, 21 Jun 2016 20:37:24 +0000">&lt;p&gt;&lt;a href="https://issues.apache.org/jira/secure/ViewProfile.jspa?name=oliver.heger%40t-online.de" class="user-hover" rel="oliver.heger@t-online.de"&gt;oliver.heger@t-online.de&lt;/a&gt;, I've attached a sample project reproducing the same &lt;span class="nobr"&gt;&lt;a href="https://issues.apache.org/jira/secure/attachment/12812292/12812292_CONF634.zip" title="CONF634.zip attached to CONFIGURATION-634"&gt;CONF634.zip&lt;sup&gt;&lt;img class="rendericon" src="https://issues.apache.org/jira/images/icons/link_attachment_7.gif" height="7" width="7" align="absmiddle" alt="" border="0"/&gt;&lt;/sup&gt;&lt;/a&gt;&lt;/span&gt;&lt;/p&gt;

&lt;ol&gt;
	&lt;li&gt;Prerequisite to run the code: Install gradle&lt;/li&gt;
	&lt;li&gt;Create a file called config.properties in your user home.
	&lt;ul&gt;
		&lt;li&gt;In windows it would be: 
&lt;div class="preformatted panel" style="border-width: 1px;"&gt;&lt;div class="preformattedContent panelContent"&gt;
&lt;pre&gt;%HOMEPATH%\app\config.properties&lt;/pre&gt;
&lt;/div&gt;&lt;/div&gt;&lt;/li&gt;
		&lt;li&gt;In linux it would be: 
&lt;div class="preformatted panel" style="border-width: 1px;"&gt;&lt;div class="preformattedContent panelContent"&gt;
&lt;pre&gt;$HOME/app/config.properties&lt;/pre&gt;
&lt;/div&gt;&lt;/div&gt;&lt;/li&gt;
	&lt;/ul&gt;
	&lt;/li&gt;
	&lt;li&gt;Go into CONF634 folder and run 
&lt;div class="preformatted panel" style="border-width: 1px;"&gt;&lt;div class="preformattedContent panelContent"&gt;
&lt;pre&gt;gradle run&lt;/pre&gt;
&lt;/div&gt;&lt;/div&gt;&lt;/li&gt;
&lt;/ol&gt;
</comment>
                            <comment id="15344652" author="bond_" created="Wed, 22 Jun 2016 16:21:23 +0000">&lt;p&gt;&lt;a href="https://issues.apache.org/jira/secure/ViewProfile.jspa?name=issues%40commons.apache.org" class="user-hover" rel="issues@commons.apache.org"&gt;issues@commons.apache.org&lt;/a&gt;/&lt;a href="https://issues.apache.org/jira/secure/ViewProfile.jspa?name=oliver.heger%40t-online.de" class="user-hover" rel="oliver.heger@t-online.de"&gt;oliver.heger@t-online.de&lt;/a&gt;, Do you have anyone who can work on this?&lt;/p&gt;</comment>
                            <comment id="15344895" author="garydgregory" created="Wed, 22 Jun 2016 18:04:50 +0000">&lt;p&gt;We are all volunteers here, so expect people to be busy with work and so on. &lt;/p&gt;

&lt;p&gt;Feel free to provide a patch with unit tests though &lt;img class="emoticon" src="https://issues.apache.org/jira/images/icons/emoticons/smile.png" height="16" width="16" align="absmiddle" alt="" border="0"/&gt;&lt;/p&gt;</comment>
                            <comment id="15344972" author="bond_" created="Wed, 22 Jun 2016 18:54:15 +0000">&lt;p&gt;&lt;a href="https://issues.apache.org/jira/secure/ViewProfile.jspa?name=garydgregory" class="user-hover" rel="garydgregory"&gt;garydgregory&lt;/a&gt;, I'll try and see if I can find a solution. I was able to see how it is happening but unsure of why it was happening.&lt;/p&gt;</comment>
                            <comment id="15345099" author="bond_" created="Wed, 22 Jun 2016 20:26:00 +0000">&lt;p&gt;&lt;a href="https://issues.apache.org/jira/secure/ViewProfile.jspa?name=garydgregory" class="user-hover" rel="garydgregory"&gt;garydgregory&lt;/a&gt;, &lt;a href="https://issues.apache.org/jira/secure/ViewProfile.jspa?name=oliver.heger%40t-online.de" class="user-hover" rel="oliver.heger@t-online.de"&gt;oliver.heger@t-online.de&lt;/a&gt; Submitted a pull request for review: &lt;a href="https://github.com/apache/commons-configuration/pull/3" class="external-link" target="_blank" rel="nofollow noopener"&gt;https://github.com/apache/commons-configuration/pull/3&lt;/a&gt;&lt;/p&gt;

&lt;p&gt;It would also be great if a point release or a hotfix release can happen with this fix.&lt;/p&gt;</comment>
                            <comment id="15346387" author="bond_" created="Thu, 23 Jun 2016 13:00:03 +0000">&lt;p&gt;&lt;a href="https://issues.apache.org/jira/secure/ViewProfile.jspa?name=garydgregory" class="user-hover" rel="garydgregory"&gt;garydgregory&lt;/a&gt;, &lt;a href="https://issues.apache.org/jira/secure/ViewProfile.jspa?name=oliver.heger%40t-online.de" class="user-hover" rel="oliver.heger@t-online.de"&gt;oliver.heger@t-online.de&lt;/a&gt;, Good morning. Sorry if I'm pushing too much, has anyone had a chance to review this code &lt;img class="emoticon" src="https://issues.apache.org/jira/images/icons/emoticons/smile.png" height="16" width="16" align="absmiddle" alt="" border="0"/&gt;? I need this fix for my production to work smoothly.&lt;/p&gt;</comment>
                            <comment id="15346760" author="oliver.heger@t-online.de" created="Thu, 23 Jun 2016 17:02:14 +0000">&lt;p&gt;Thank you very much for the patch. I agree that the problem is caused by the fact that the base path is changed when the FileLocator gets resolved. Your patch solve this.&lt;/p&gt;

&lt;p&gt;I am just a bit worried whether this change impacts other clients because the behavior of the getBasePath() method is now slightly changed. Maybe it would be safer to add another property to FileLocator that stores the &lt;em&gt;unresolvedBasePath&lt;/em&gt;, i.e. the path that was explicitly set by the user before the &lt;em&gt;locate()&lt;/em&gt; method has been called. The locator strategy could then query this property to get the original base path while other client code calling &lt;em&gt;getBasePath()&lt;/em&gt; still sees the resolved path.&lt;/p&gt;

&lt;p&gt;OTOH, I don't think that many clients will be affected by the change. The exact behavior of &lt;em&gt;getBasePath()&lt;/em&gt; was not documented to that detail.&lt;/p&gt;

&lt;p&gt;WDYT?&lt;/p&gt;</comment>
                            <comment id="15346799" author="bond_" created="Thu, 23 Jun 2016 17:23:11 +0000">&lt;p&gt;I don't think those changes are necessary, I feel it would be overkill to check for unresolvedBasePath. &lt;/p&gt;

&lt;p&gt;I based my patch based on the javadocs found in FileLocator#fullyInitializedLocator. Ideally it should set only the ones which were not initialized.&lt;/p&gt;

&lt;p&gt;In general sense basepath should be set once and used any number of times. It should not be manipulated mid-way. I'm also good if you wish to call in for a vote to decide what's the best fix.&lt;/p&gt;

&lt;p&gt;Note: I ran the testcases which were triggered with &lt;/p&gt;
&lt;div class="preformatted panel" style="border-width: 1px;"&gt;&lt;div class="preformattedContent panelContent"&gt;
&lt;pre&gt;mvn clean test&lt;/pre&gt;
&lt;/div&gt;&lt;/div&gt;
&lt;p&gt;. If this project has good test coverage I feel this patch is good to go.&lt;/p&gt;</comment>
                            <comment id="15348461" author="oliver.heger@t-online.de" created="Fri, 24 Jun 2016 15:52:34 +0000">&lt;p&gt;Okay, patch applied with slight changes in revision r1750127.&lt;/p&gt;

&lt;p&gt;Thanks again. If you want to be listed in the &lt;em&gt;contributors&lt;/em&gt; section of the pom, just provide the data you want to have added (name, email, organization).&lt;/p&gt;</comment>
                            <comment id="15349032" author="bond_" created="Sat, 25 Jun 2016 02:56:37 +0000">&lt;p&gt;&lt;a href="https://issues.apache.org/jira/secure/ViewProfile.jspa?name=oliver.heger%40t-online.de" class="user-hover" rel="oliver.heger@t-online.de"&gt;oliver.heger@t-online.de&lt;/a&gt;, Yes please.&lt;/p&gt;

&lt;div class="code panel" style="border-width: 1px;"&gt;&lt;div class="codeContent panelContent"&gt;
&lt;pre class="code-xml"&gt;&lt;span class="code-tag"&gt;&amp;lt;contributor&amp;gt;&lt;/span&gt;
  &lt;span class="code-tag"&gt;&amp;lt;name&amp;gt;&lt;/span&gt;Raviteja Lokineni&lt;span class="code-tag"&gt;&amp;lt;/name&amp;gt;&lt;/span&gt;
  &lt;span class="code-tag"&gt;&amp;lt;email&amp;gt;&lt;/span&gt;raviteja.lokineni@gmail.com&lt;span class="code-tag"&gt;&amp;lt;/email&amp;gt;&lt;/span&gt;
  &lt;span class="code-tag"&gt;&amp;lt;organization&amp;gt;&lt;/span&gt;&lt;span class="code-tag"&gt;&amp;lt;/organization&amp;gt;&lt;/span&gt;
&lt;span class="code-tag"&gt;&amp;lt;/contributor&amp;gt;&lt;/span&gt;
&lt;/pre&gt;
&lt;/div&gt;&lt;/div&gt;
</comment>
                            <comment id="15349698" author="oliver.heger@t-online.de" created="Sat, 25 Jun 2016 15:45:41 +0000">&lt;p&gt;Done.&lt;/p&gt;</comment>
                            <comment id="15385885" author="bond_" created="Wed, 20 Jul 2016 13:55:25 +0000">&lt;p&gt;&lt;a href="https://issues.apache.org/jira/secure/ViewProfile.jspa?name=issues%40commons.apache.org" class="user-hover" rel="issues@commons.apache.org"&gt;issues@commons.apache.org&lt;/a&gt;, Is 2.1 ready for release, any blockers?&lt;/p&gt;</comment>
                            <comment id="15387384" author="neon.knight80" created="Thu, 21 Jul 2016 08:54:33 +0000">&lt;p&gt;New release with that fix will be awesome&lt;/p&gt;</comment>
                            <comment id="15388251" author="oliver.heger@t-online.de" created="Thu, 21 Jul 2016 19:19:06 +0000">&lt;p&gt;I &lt;b&gt;hope&lt;/b&gt; that I can prepare a release and call for the release vote next week, but I cannot promise.&lt;/p&gt;</comment>
                            <comment id="15388324" author="garydgregory" created="Thu, 21 Jul 2016 20:02:03 +0000">&lt;p&gt;Sweet!&lt;/p&gt;</comment>
                    </comments>
                    <attachments>
                            <attachment id="12812292" name="CONF634.zip" size="2343" author="bond_" created="Tue, 21 Jun 2016 20:37:24 +0000" />
                    </attachments>
                <subtasks>
                    </subtasks>
                <customfields>
                                                                                                                                                                                                                                                                                                                                                                                                                                                                                                                                                                                                                                                                                                                    <customfield id="customfield_12314020" key="com.atlassian.jira.plugins.jira-development-integration-plugin:devsummary">
                        <customfieldname>Development</customfieldname>
                        <customfieldvalues>
                            
                        </customfieldvalues>
                    </customfield>
                                                                                                                        <customfield id="customfield_12313422" key="com.atlassian.jirafisheyeplugin:jobcheckbox">
                        <customfieldname>Enable Automatic Patch Review</customfieldname>
                        <customfieldvalues>
                            <customfieldvalue>false</customfieldvalue>

                        </customfieldvalues>
                    </customfield>
                                                                                                                                                                                                                                                                                                                                                                                    <customfield id="customfield_12310250" key="com.atlassian.jira.plugin.system.customfieldtypes:multicheckboxes">
                        <customfieldname>Flags</customfieldname>
                        <customfieldvalues>
                                <customfieldvalue key="10431">Important</customfieldvalue>
    
                        </customfieldvalues>
                    </customfield>
                                                                                                                                                                                                                                                                                                <customfield id="customfield_12310420" key="com.pyxis.greenhopper.jira:gh-global-rank">
                        <customfieldname>Global Rank</customfieldname>
                        <customfieldvalues>
                            <customfieldvalue>9223372036854775807</customfieldvalue>
                        </customfieldvalues>
                    </customfield>
                                                                                                                                                                                                                                                                                                                                                                                                                                                                        <customfield id="customfield_12311820" key="com.pyxis.greenhopper.jira:gh-lexo-rank">
                        <customfieldname>Rank</customfieldname>
                        <customfieldvalues>
                            <customfieldvalue>0|i2ztpb:</customfieldvalue>

                        </customfieldvalues>
                    </customfield>
                                                                <customfield id="customfield_12310920" key="com.pyxis.greenhopper.jira:gh-global-rank">
                        <customfieldname>Rank (Obsolete)</customfieldname>
                        <customfieldvalues>
                            <customfieldvalue>9223372036854775807</customfieldvalue>
                        </customfieldvalues>
                    </customfield>
                                                                                                                                                                                                                                                                                                                                                                                                                                                                                                                                                                                                                                                                                                                                                                                            </customfields>
    </item>


</channel>
</rss>