<rss version="0.92">
    <channel>
        <title>ASF JIRA</title>
        <link>https://issues.apache.org/jira/issues/?jql=project+%3D+CONFIGURATION+and+type+%3D+bug+and+%28status+%3D+RESOLVED+or+status+%3D+closed%29+and+resolution+%3D+Fixed+and+fixVersion+%21%3D+None++and+affectedVersion+%21%3D+None++and+affectedVersion+%21%3D+%22Nightly+Build%22</link>
        <description>An XML representation of a search request</description>
                <language>en-uk</language>
                        <issue start="0" end="213" total="213" />
                <build-info>
            <version>8.20.1</version>
            <build-number>820001</build-number>
            <build-date>28-10-2021</build-date>
        </build-info>

<item>
            <title>[CONFIGURATION-511] ConfigurationUtils cannot locate classpath file when current Thread is RMI</title>
                <link>https://issues.apache.org/jira/browse/CONFIGURATION-511</link>
                <project id="12310467" key="CONFIGURATION">Commons Configuration</project>
                    <description>&lt;p&gt;I noticed the problem when a registered MBean method is invoked over JMX (=RMI) and it calls ConfigurationUtils.locate("some.properties").&lt;br/&gt;
The classloader is not able to find the resource then.&lt;/p&gt;

&lt;p&gt;A possible fix would be to change&lt;br/&gt;
ClassLoader loader = Thread.currentThread().getContextClassLoader();&lt;br/&gt;
to&lt;br/&gt;
ClassLoader loader = ConfigurationUtils.class.getClassLoader();&lt;br/&gt;
in method locateFromClasspath. But i am not sure what other Effects that would have since I have no insight into commons-configuration.&lt;/p&gt;

&lt;p&gt;Tested with 1.6, 1.8, 1.9.&lt;/p&gt;</description>
                <environment />
        <key id="12612645">CONFIGURATION-511</key>
            <summary>ConfigurationUtils cannot locate classpath file when current Thread is RMI</summary>
                <type id="1" iconUrl="https://issues.apache.org/jira/secure/viewavatar?size=xsmall&amp;avatarId=21133&amp;avatarType=issuetype">Bug</type>
                                            <priority id="3" iconUrl="https://issues.apache.org/jira/images/icons/priorities/major.svg">Major</priority>
                        <status id="6" iconUrl="https://issues.apache.org/jira/images/icons/statuses/closed.png" description="The issue is considered finished, the resolution is correct. Issues which are not closed can be reopened.">Closed</status>
                    <statusCategory id="3" key="done" colorName="green" />
                                    <resolution id="1">Fixed</resolution>
                                        <assignee username="-1">Unassigned</assignee>
                                    <reporter username="lorenz">Lorenz Schumann</reporter>
                        <labels>
                    </labels>
                <created>Fri, 19 Oct 2012 09:49:46 +0000</created>
                <updated>Thu, 24 Mar 2016 20:20:58 +0000</updated>
                            <resolved>Sat, 8 Nov 2014 20:50:47 +0000</resolved>
                                    <version>1.6</version>
                    <version>1.8</version>
                    <version>1.9</version>
                                    <fixVersion>2.0</fixVersion>
                                        <due />
                            <votes>0</votes>
                                    <watches>2</watches>
                                                                <comments>
                            <comment id="13480312" author="oliver.heger@t-online.de" created="Fri, 19 Oct 2012 19:46:02 +0000">&lt;p&gt;I will have to look into the code. Maybe the class loader of &lt;tt&gt;ConfigurationUtils&lt;/tt&gt; can be used as fallback if the TCCL fails.&lt;/p&gt;</comment>
                            <comment id="13502277" author="oliver.heger@t-online.de" created="Wed, 21 Nov 2012 20:22:22 +0000">&lt;p&gt;The whole location mechanism is currently pretty static. I would like to go for an approach where users can plug in their own specific search strategy. Actually, this is already possible using the FileSystem API. However, there is surely room for improvements to make this easier and more transparent.&lt;/p&gt;</comment>
                            <comment id="13502701" author="lorenz" created="Thu, 22 Nov 2012 10:36:47 +0000">&lt;p&gt;Although the project in which i noticed that behavior and where i wanted to improve something got cancelled in the meantime, an improvement for resource locating would be a nice thing to have &lt;img class="emoticon" src="https://issues.apache.org/jira/images/icons/emoticons/smile.png" height="16" width="16" align="absmiddle" alt="" border="0"/&gt;&lt;br/&gt;
Thanks in advance!&lt;/p&gt;</comment>
                            <comment id="14203592" author="oliver.heger@t-online.de" created="Sat, 8 Nov 2014 20:50:48 +0000">&lt;p&gt;The whole mechanism for locating configuration files has been reworked and can now be customized. So I think this issue can be closed.&lt;/p&gt;</comment>
                    </comments>
                    <attachments>
                    </attachments>
                <subtasks>
                    </subtasks>
                <customfields>
                                                                                                                                                                                                                                                                                                                                                                                                                                                                                                                                                                                                                                                                                                                    <customfield id="customfield_12314020" key="com.atlassian.jira.plugins.jira-development-integration-plugin:devsummary">
                        <customfieldname>Development</customfieldname>
                        <customfieldvalues>
                            
                        </customfieldvalues>
                    </customfield>
                                                                                                                        <customfield id="customfield_12313422" key="com.atlassian.jirafisheyeplugin:jobcheckbox">
                        <customfieldname>Enable Automatic Patch Review</customfieldname>
                        <customfieldvalues>
                            <customfieldvalue>false</customfieldvalue>

                        </customfieldvalues>
                    </customfield>
                                                                                                                                                                                                                                                                                                                                                                                                                                                                                                                                                                                                                                                <customfield id="customfield_12310420" key="com.pyxis.greenhopper.jira:gh-global-rank">
                        <customfieldname>Global Rank</customfieldname>
                        <customfieldvalues>
                            <customfieldvalue>249894</customfieldvalue>
                        </customfieldvalues>
                    </customfield>
                                                                                                                                                                                                                                                                                                                                                                                                                                                                        <customfield id="customfield_12311820" key="com.pyxis.greenhopper.jira:gh-lexo-rank">
                        <customfieldname>Rank</customfieldname>
                        <customfieldvalues>
                            <customfieldvalue>0|i0amo7:</customfieldvalue>

                        </customfieldvalues>
                    </customfield>
                                                                <customfield id="customfield_12310920" key="com.pyxis.greenhopper.jira:gh-global-rank">
                        <customfieldname>Rank (Obsolete)</customfieldname>
                        <customfieldvalues>
                            <customfieldvalue>59946</customfieldvalue>
                        </customfieldvalues>
                    </customfield>
                                                                                                                                                                                                                                                                                                                                                                                                                                                                                                                                                                                                                                                                                                                                                                                            </customfields>
    </item>


</channel>
</rss>