<rss version="0.92">
    <channel>
        <title>ASF JIRA</title>
        <link>https://issues.apache.org/jira/issues/?jql=project+%3D+CONFIGURATION+and+type+%3D+bug+and+%28status+%3D+RESOLVED+or+status+%3D+closed%29+and+resolution+%3D+Fixed+and+fixVersion+%21%3D+None++and+affectedVersion+%21%3D+None++and+affectedVersion+%21%3D+%22Nightly+Build%22</link>
        <description>An XML representation of a search request</description>
                <language>en-uk</language>
                        <issue start="0" end="213" total="213" />
                <build-info>
            <version>8.20.1</version>
            <build-number>820001</build-number>
            <build-date>28-10-2021</build-date>
        </build-info>

<item>
            <title>[CONFIGURATION-287] XMLConfiguration.addNodes() problem using other configuration Nodes</title>
                <link>https://issues.apache.org/jira/browse/CONFIGURATION-287</link>
                <project id="12310467" key="CONFIGURATION">Commons Configuration</project>
                    <description>&lt;p&gt;Trying to use the method XMLConfiguration.addNodes() to add a tree of configuration properties to a node in other tree fails. &lt;/p&gt;

&lt;p&gt;Example:&lt;/p&gt;

&lt;p&gt;public static void main(String ...args){            &lt;br/&gt;
try&lt;/p&gt;
{
           configDestination = new XMLConfiguration("output.xml");
           configSource = new XMLConfiguration("input.xml");
       }
&lt;p&gt;       catch(ConfigurationException cex)&lt;/p&gt;
{
           System.out.println("File not found");
       }
&lt;p&gt;             Collection collection = new ArrayList();&lt;br/&gt;
       collection = configSource.getRoot().getChildren();&lt;br/&gt;
             configDestination.addNodes("newNodes", collection);                  &lt;br/&gt;
try &lt;/p&gt;
{
           configDestination.save();
            }
&lt;p&gt; catch (ConfigurationException e) &lt;/p&gt;
{
           System.out.println("Error saving");
       }
&lt;p&gt;}&lt;/p&gt;


&lt;p&gt;The XML files:&lt;/p&gt;

&lt;p&gt;input.xml&lt;/p&gt;

&lt;p&gt;&amp;lt;rootNode&amp;gt;&lt;br/&gt;
   &amp;lt;newNodeChild&amp;gt;&lt;br/&gt;
       &amp;lt;newNodeChildChild&amp;gt;child value&amp;lt;/newNodeChildChild&amp;gt;&lt;br/&gt;
       &amp;lt;newNodeChildChild&amp;gt;child value 2&amp;lt;/newNodeChildChild&amp;gt;&lt;br/&gt;
       &amp;lt;newNodeChildChild&amp;gt;child value 3&amp;lt;/newNodeChildChild&amp;gt;&lt;br/&gt;
   &amp;lt;/newNodeChild&amp;gt;&lt;br/&gt;
&amp;lt;/rootNode&amp;gt;&lt;/p&gt;

&lt;p&gt;output.xml&lt;/p&gt;

&lt;p&gt;&amp;lt;testRootNode&amp;gt;&lt;br/&gt;
   &amp;lt;test&amp;gt;TEST&amp;lt;/test&amp;gt;&lt;br/&gt;
&amp;lt;/testRootNode&amp;gt;&lt;/p&gt;

&lt;p&gt;output.xml after running the code:&lt;/p&gt;

&lt;p&gt;&amp;lt;testRootNode&amp;gt;&lt;br/&gt;
   &amp;lt;test&amp;gt;TEST&amp;lt;/test&amp;gt;&lt;br/&gt;
   &amp;lt;newNodes/&amp;gt;&lt;br/&gt;
&amp;lt;/testRootNode&amp;gt;&lt;/p&gt;

&lt;p&gt;Expected output.xml:&lt;/p&gt;

&lt;p&gt;&amp;lt;testRootNode&amp;gt;&lt;br/&gt;
   &amp;lt;test&amp;gt;TEST&amp;lt;/test&amp;gt;&lt;br/&gt;
   &amp;lt;newNodes&amp;gt;&lt;br/&gt;
       &amp;lt;newNodeChild&amp;gt;&lt;br/&gt;
           &amp;lt;newNodeChildChild&amp;gt;child value&amp;lt;/newNodeChildChild&amp;gt;&lt;br/&gt;
           &amp;lt;newNodeChildChild&amp;gt;child value 2&amp;lt;/newNodeChildChild&amp;gt;&lt;br/&gt;
           &amp;lt;newNodeChildChild&amp;gt;child value 3&amp;lt;/newNodeChildChild&amp;gt;&lt;br/&gt;
       &amp;lt;/newNodeChild&amp;gt;&lt;br/&gt;
   &amp;lt;newNodes/&amp;gt;&lt;br/&gt;
&amp;lt;/testRootNode&amp;gt; &lt;/p&gt;

&lt;p&gt;Apparently "the copied nodes still contain a reference to their old configuration (because you directly fetched them from the root node of the source configuration). Because of this reference they are not detected as new nodes when the destination configuration is saved, and hence not written to disk.&lt;/p&gt;

&lt;p&gt;I think addNodes() should reset this reference, so that the added nodes can be detected as new nodes. (But then you have to be aware that you break the source configuration because a node can only be contained in exactly one configuration.) " &lt;/p&gt;</description>
                <environment />
        <key id="12374654">CONFIGURATION-287</key>
            <summary>XMLConfiguration.addNodes() problem using other configuration Nodes</summary>
                <type id="1" iconUrl="https://issues.apache.org/jira/secure/viewavatar?size=xsmall&amp;avatarId=21133&amp;avatarType=issuetype">Bug</type>
                                            <priority id="3" iconUrl="https://issues.apache.org/jira/images/icons/priorities/major.svg">Major</priority>
                        <status id="6" iconUrl="https://issues.apache.org/jira/images/icons/statuses/closed.png" description="The issue is considered finished, the resolution is correct. Issues which are not closed can be reopened.">Closed</status>
                    <statusCategory id="3" key="done" colorName="green" />
                                    <resolution id="1">Fixed</resolution>
                                        <assignee username="oheger">Oliver Heger</assignee>
                                    <reporter username="rsilva4">Ruben Silva</reporter>
                        <labels>
                    </labels>
                <created>Thu, 26 Jul 2007 14:05:49 +0000</created>
                <updated>Sat, 22 Aug 2009 19:36:50 +0000</updated>
                            <resolved>Thu, 26 Jul 2007 20:17:03 +0000</resolved>
                                    <version>1.4</version>
                                    <fixVersion>1.5</fixVersion>
                                        <due />
                            <votes>0</votes>
                                    <watches>1</watches>
                                                                <comments>
                            <comment id="12515849" author="oliver.heger@t-online.de" created="Thu, 26 Jul 2007 20:17:03 +0000">&lt;p&gt;HierarchicalConfiguration.addNodes() now resets the references of the added nodes. This allows XMLConfiguration to detect the affected nodes as new, and they are correctly saved. I also added a note to the Javadocs of addNodes() about directly copying nodes from one configuration to another one.&lt;/p&gt;</comment>
                    </comments>
                    <attachments>
                    </attachments>
                <subtasks>
                    </subtasks>
                <customfields>
                                                                                                                                                                                                                                                                                                                                                                                                                                                                                                                                                                                                                                                                                                                    <customfield id="customfield_12314020" key="com.atlassian.jira.plugins.jira-development-integration-plugin:devsummary">
                        <customfieldname>Development</customfieldname>
                        <customfieldvalues>
                            
                        </customfieldvalues>
                    </customfield>
                                                                                                                        <customfield id="customfield_12313422" key="com.atlassian.jirafisheyeplugin:jobcheckbox">
                        <customfieldname>Enable Automatic Patch Review</customfieldname>
                        <customfieldvalues>
                            <customfieldvalue>false</customfieldvalue>

                        </customfieldvalues>
                    </customfield>
                                                                                                                                                                                                                                                                                                                                                                                                                                                                                                                                                                                                                                                <customfield id="customfield_12310420" key="com.pyxis.greenhopper.jira:gh-global-rank">
                        <customfieldname>Global Rank</customfieldname>
                        <customfieldvalues>
                            <customfieldvalue>33953</customfieldvalue>
                        </customfieldvalues>
                    </customfield>
                                                                                                                                                                                                                                                                                                                                                                                                                                                                        <customfield id="customfield_12311820" key="com.pyxis.greenhopper.jira:gh-lexo-rank">
                        <customfieldname>Rank</customfieldname>
                        <customfieldvalues>
                            <customfieldvalue>0|i0up07:</customfieldvalue>

                        </customfieldvalues>
                    </customfield>
                                                                <customfield id="customfield_12310920" key="com.pyxis.greenhopper.jira:gh-global-rank">
                        <customfieldname>Rank (Obsolete)</customfieldname>
                        <customfieldvalues>
                            <customfieldvalue>177192</customfieldvalue>
                        </customfieldvalues>
                    </customfield>
                                                                                                                                                                                                                                                                                                                                                                                                                                                                                                                                                                                                                                                                                                                                                                                            </customfields>
    </item>


</channel>
</rss>