<rss version="0.92">
    <channel>
        <title>ASF JIRA</title>
        <link>https://issues.apache.org/jira/issues/?jql=project+%3D+CONFIGURATION+and+type+%3D+bug+and+%28status+%3D+RESOLVED+or+status+%3D+closed%29+and+resolution+%3D+Fixed+and+fixVersion+%21%3D+None++and+affectedVersion+%21%3D+None++and+affectedVersion+%21%3D+%22Nightly+Build%22</link>
        <description>An XML representation of a search request</description>
                <language>en-uk</language>
                        <issue start="0" end="213" total="213" />
                <build-info>
            <version>8.20.1</version>
            <build-number>820001</build-number>
            <build-date>28-10-2021</build-date>
        </build-info>

<item>
            <title>[CONFIGURATION-245] DatabaseConfiguration and JNDIConfiguration are eating exceptions</title>
                <link>https://issues.apache.org/jira/browse/CONFIGURATION-245</link>
                <project id="12310467" key="CONFIGURATION">Commons Configuration</project>
                    <description>&lt;p&gt;DatabaseConfiguration and JNDIConfiguration and possibly others, really need to throw some sort of runtime exception to let the caller know the properties couldn't be read. &lt;/p&gt;</description>
                <environment />
        <key id="12358453">CONFIGURATION-245</key>
            <summary>DatabaseConfiguration and JNDIConfiguration are eating exceptions</summary>
                <type id="1" iconUrl="https://issues.apache.org/jira/secure/viewavatar?size=xsmall&amp;avatarId=21133&amp;avatarType=issuetype">Bug</type>
                                            <priority id="3" iconUrl="https://issues.apache.org/jira/images/icons/priorities/major.svg">Major</priority>
                        <status id="6" iconUrl="https://issues.apache.org/jira/images/icons/statuses/closed.png" description="The issue is considered finished, the resolution is correct. Issues which are not closed can be reopened.">Closed</status>
                    <statusCategory id="3" key="done" colorName="green" />
                                    <resolution id="1">Fixed</resolution>
                                        <assignee username="oheger">Oliver Heger</assignee>
                                    <reporter username="hdeadman">Hal Deadman</reporter>
                        <labels>
                    </labels>
                <created>Tue, 12 Dec 2006 17:39:20 +0000</created>
                <updated>Sat, 22 Aug 2009 19:36:47 +0000</updated>
                            <resolved>Sat, 20 Jan 2007 19:00:01 +0000</resolved>
                                    <version>1.3</version>
                    <version>Nightly Builds</version>
                                    <fixVersion>1.4</fixVersion>
                                        <due />
                            <votes>0</votes>
                                    <watches>0</watches>
                                                                <comments>
                            <comment id="12461513" author="oliver.heger@t-online.de" created="Sat, 30 Dec 2006 16:52:39 +0000">&lt;p&gt;Simply swallowing exceptions is certainly no good design. I agree that this should be changed.&lt;/p&gt;

&lt;p&gt;I wonder however if we should always throw runtime exceptions when such an internal error occurs. Maybe it would be better to make this behavior configurable. If the default behavior was to just log the exception, we would keep compatibility with earlier versions, but allow our users to change this.&lt;/p&gt;

&lt;p&gt;One way this could be achieved would be to enhance the existing event mechanism. In addition to normal configuration update events special error events could be generated. Interested parties could register themselves as error listeners at a configuration and would then be notified whenever a problem occurs.&lt;/p&gt;

&lt;p&gt;What do you think, would such an approach make sense?&lt;/p&gt;</comment>
                            <comment id="12466263" author="oliver.heger@t-online.de" created="Sat, 20 Jan 2007 19:00:01 +0000">&lt;p&gt;The concept of error listeners was implemented. It is now possible for an interested client to register itself as an error listener at a configuration. It is then notified about internal errors. DatabaseConfiguration, JNDIConfiguration, and AbstractFileConfiguration use this new concept for reporting internal errors.&lt;/p&gt;</comment>
                    </comments>
                    <attachments>
                    </attachments>
                <subtasks>
                    </subtasks>
                <customfields>
                                                                                                                                                                                                                                                                                                                                                                                                                                                                                                                                                                                                                                                                                                                    <customfield id="customfield_12314020" key="com.atlassian.jira.plugins.jira-development-integration-plugin:devsummary">
                        <customfieldname>Development</customfieldname>
                        <customfieldvalues>
                            
                        </customfieldvalues>
                    </customfield>
                                                                                                                        <customfield id="customfield_12313422" key="com.atlassian.jirafisheyeplugin:jobcheckbox">
                        <customfieldname>Enable Automatic Patch Review</customfieldname>
                        <customfieldvalues>
                            <customfieldvalue>false</customfieldvalue>

                        </customfieldvalues>
                    </customfield>
                                                                                                                                                                                                                                                                                                                                                                                                                                                                                                                                                                                                                                                <customfield id="customfield_12310420" key="com.pyxis.greenhopper.jira:gh-global-rank">
                        <customfieldname>Global Rank</customfieldname>
                        <customfieldvalues>
                            <customfieldvalue>110793</customfieldvalue>
                        </customfieldvalues>
                    </customfield>
                                                                                                                                                                                                                                                                                                                                                                                                                                                                        <customfield id="customfield_12311820" key="com.pyxis.greenhopper.jira:gh-lexo-rank">
                        <customfieldname>Rank</customfieldname>
                        <customfieldvalues>
                            <customfieldvalue>0|i0l6uf:</customfieldvalue>

                        </customfieldvalues>
                    </customfield>
                                                                <customfield id="customfield_12310920" key="com.pyxis.greenhopper.jira:gh-global-rank">
                        <customfieldname>Rank (Obsolete)</customfieldname>
                        <customfieldvalues>
                            <customfieldvalue>121759</customfieldvalue>
                        </customfieldvalues>
                    </customfield>
                                                                                                                                                                                                                                                                                                                                                                                                                                                                                                                                                                                                                                                                                                                                                                                            </customfields>
    </item>


</channel>
</rss>