<rss version="0.92">
    <channel>
        <title>ASF JIRA</title>
        <link>https://issues.apache.org/jira/issues/?jql=project+%3D+CONFIGURATION+and+type+%3D+bug+and+%28status+%3D+RESOLVED+or+status+%3D+closed%29+and+resolution+%3D+Fixed+and+fixVersion+%21%3D+None++and+affectedVersion+%21%3D+None++and+affectedVersion+%21%3D+%22Nightly+Build%22</link>
        <description>An XML representation of a search request</description>
                <language>en-uk</language>
                        <issue start="0" end="213" total="213" />
                <build-info>
            <version>8.20.1</version>
            <build-number>820001</build-number>
            <build-date>28-10-2021</build-date>
        </build-info>

<item>
            <title>[CONFIGURATION-534] PropertyConfiguration's handling of includes depends on the existence of a base path</title>
                <link>https://issues.apache.org/jira/browse/CONFIGURATION-534</link>
                <project id="12310467" key="CONFIGURATION">Commons Configuration</project>
                    <description>&lt;p&gt;&lt;tt&gt;PropertiesConfiguration&lt;/tt&gt; has a property which controls whether include files are allowed. This property does not have a set method, it is set to &lt;b&gt;true&lt;/b&gt; automatically if a base path is set. There may be scenarios in which it makes sense to support include files anyway, e.g. if they are specified as fully qualified file names or URIs or can be retrieved by the standard lookup mechanism.&lt;/p&gt;

&lt;p&gt;So the set method should be public, and it makes sense to set this property to &lt;b&gt;true&lt;/b&gt; per default. If a file contains an &lt;em&gt;include&lt;/em&gt; property, the files it refers to should propably be loaded.&lt;/p&gt;

&lt;p&gt;Also the get method for the property which controls file inclusion does not conform to the Java Beans specification; returning a &lt;b&gt;boolean&lt;/b&gt;, it should start with the prefix &lt;em&gt;is&lt;/em&gt;.&lt;/p&gt;</description>
                <environment />
        <key id="12637400">CONFIGURATION-534</key>
            <summary>PropertyConfiguration's handling of includes depends on the existence of a base path</summary>
                <type id="1" iconUrl="https://issues.apache.org/jira/secure/viewavatar?size=xsmall&amp;avatarId=21133&amp;avatarType=issuetype">Bug</type>
                                            <priority id="3" iconUrl="https://issues.apache.org/jira/images/icons/priorities/major.svg">Major</priority>
                        <status id="6" iconUrl="https://issues.apache.org/jira/images/icons/statuses/closed.png" description="The issue is considered finished, the resolution is correct. Issues which are not closed can be reopened.">Closed</status>
                    <statusCategory id="3" key="done" colorName="green" />
                                    <resolution id="1">Fixed</resolution>
                                        <assignee username="-1">Unassigned</assignee>
                                    <reporter username="oheger">Oliver Heger</reporter>
                        <labels>
                    </labels>
                <created>Sat, 16 Mar 2013 20:28:18 +0000</created>
                <updated>Mon, 28 Oct 2013 06:54:36 +0000</updated>
                            <resolved>Sun, 17 Mar 2013 18:12:06 +0000</resolved>
                                    <version>1.9</version>
                                    <fixVersion>2.0</fixVersion>
                    <fixVersion>1.10</fixVersion>
                                        <due />
                            <votes>0</votes>
                                    <watches>1</watches>
                                                                <comments>
                            <comment id="13604700" author="oliver.heger@t-online.de" created="Sun, 17 Mar 2013 18:12:06 +0000">&lt;p&gt;Fixed in revision 1457278.&lt;/p&gt;</comment>
                    </comments>
                    <attachments>
                    </attachments>
                <subtasks>
                    </subtasks>
                <customfields>
                                                                                                                                                                                                                                                                                                                                                                                                                                                                                                                                                                                                                                                                                                                    <customfield id="customfield_12314020" key="com.atlassian.jira.plugins.jira-development-integration-plugin:devsummary">
                        <customfieldname>Development</customfieldname>
                        <customfieldvalues>
                            
                        </customfieldvalues>
                    </customfield>
                                                                                                                        <customfield id="customfield_12313422" key="com.atlassian.jirafisheyeplugin:jobcheckbox">
                        <customfieldname>Enable Automatic Patch Review</customfieldname>
                        <customfieldvalues>
                            <customfieldvalue>false</customfieldvalue>

                        </customfieldvalues>
                    </customfield>
                                                                                                                                                                                                                                                                                                                                                                                                                                                                                                                                                                                                                                                <customfield id="customfield_12310420" key="com.pyxis.greenhopper.jira:gh-global-rank">
                        <customfieldname>Global Rank</customfieldname>
                        <customfieldvalues>
                            <customfieldvalue>317892</customfieldvalue>
                        </customfieldvalues>
                    </customfield>
                                                                                                                                                                                                                                                                                                                                                                                                                                                                        <customfield id="customfield_12311820" key="com.pyxis.greenhopper.jira:gh-lexo-rank">
                        <customfieldname>Rank</customfieldname>
                        <customfieldvalues>
                            <customfieldvalue>0|i1iuov:</customfieldvalue>

                        </customfieldvalues>
                    </customfield>
                                                                <customfield id="customfield_12310920" key="com.pyxis.greenhopper.jira:gh-global-rank">
                        <customfieldname>Rank (Obsolete)</customfieldname>
                        <customfieldvalues>
                            <customfieldvalue>318233</customfieldvalue>
                        </customfieldvalues>
                    </customfield>
                                                                                                                                                                                                                                                                                                                                                                                                                                                                                                                                                                                                                                                                                                                                                                                            </customfields>
    </item>


</channel>
</rss>