<rss version="0.92">
    <channel>
        <title>ASF JIRA</title>
        <link>https://issues.apache.org/jira/issues/?jql=project+%3D+CONFIGURATION+and+type+%3D+bug+and+%28status+%3D+RESOLVED+or+status+%3D+closed%29+and+resolution+%3D+Fixed+and+fixVersion+%21%3D+None++and+affectedVersion+%21%3D+None++and+affectedVersion+%21%3D+%22Nightly+Build%22</link>
        <description>An XML representation of a search request</description>
                <language>en-uk</language>
                        <issue start="0" end="213" total="213" />
                <build-info>
            <version>8.20.1</version>
            <build-number>820001</build-number>
            <build-date>28-10-2021</build-date>
        </build-info>

<item>
            <title>[CONFIGURATION-463] AbstractFileConfiguration.load(String filename) returns with current directory changed</title>
                <link>https://issues.apache.org/jira/browse/CONFIGURATION-463</link>
                <project id="12310467" key="CONFIGURATION">Commons Configuration</project>
                    <description>&lt;div class="code panel" style="border-width: 1px;"&gt;&lt;div class="codeContent panelContent"&gt;
&lt;pre class="code-java"&gt;    PropertiesConfiguration pc = &lt;span class="code-keyword"&gt;new&lt;/span&gt; PropertiesConfiguration();
    ...
    &lt;span class="code-keyword"&gt;for&lt;/span&gt; (&lt;span class="code-object"&gt;String&lt;/span&gt; f : cl.getArgs())
    {
        pc.load(f);
    }
&lt;/pre&gt;
&lt;/div&gt;&lt;/div&gt;

&lt;p&gt;Invoked in directory /home/me/test with several relative paths, i.e. ./sub1/a.cfg ./sub2/b.cfg&lt;/p&gt;

&lt;p&gt;First file loads successfully. Upon return from the first invocation of pc.load(f), the current directory has been changed to the absolute path of the loaded file (/home/me/test/sub1).  Thus, subsequent paths given as relative references to the original user.dir fail to be found.&lt;/p&gt;

&lt;p&gt;If this is the expected behavior, it should be documented.&lt;/p&gt;</description>
                <environment>&lt;p&gt;Windows7, Linux (Fedora14)&lt;/p&gt;</environment>
        <key id="12524961">CONFIGURATION-463</key>
            <summary>AbstractFileConfiguration.load(String filename) returns with current directory changed</summary>
                <type id="1" iconUrl="https://issues.apache.org/jira/secure/viewavatar?size=xsmall&amp;avatarId=21133&amp;avatarType=issuetype">Bug</type>
                                            <priority id="3" iconUrl="https://issues.apache.org/jira/images/icons/priorities/major.svg">Major</priority>
                        <status id="6" iconUrl="https://issues.apache.org/jira/images/icons/statuses/closed.png" description="The issue is considered finished, the resolution is correct. Issues which are not closed can be reopened.">Closed</status>
                    <statusCategory id="3" key="done" colorName="green" />
                                    <resolution id="1">Fixed</resolution>
                                        <assignee username="-1">Unassigned</assignee>
                                    <reporter username="jgarrison@troux.com">James Garrison</reporter>
                        <labels>
                    </labels>
                <created>Tue, 27 Sep 2011 19:47:52 +0000</created>
                <updated>Sat, 4 Feb 2012 16:18:46 +0000</updated>
                            <resolved>Fri, 20 Jan 2012 20:37:48 +0000</resolved>
                                    <version>1.6</version>
                    <version>1.7</version>
                                    <fixVersion>1.8</fixVersion>
                                        <due />
                            <votes>0</votes>
                                    <watches>0</watches>
                                                                <comments>
                            <comment id="13116769" author="oliver.heger@t-online.de" created="Wed, 28 Sep 2011 20:26:41 +0000">&lt;p&gt;Your observation is correct, &lt;tt&gt;AbstractFileConfiguration&lt;/tt&gt; indeed changes its internal base path the first time a file is loaded. It behaves this way for a long time, so it is probably a bad idea to change this now (at least in the 1.x series).&lt;/p&gt;

&lt;p&gt;But you are right, the documentation should mention this behavior.&lt;/p&gt;</comment>
                            <comment id="13190076" author="oliver.heger@t-online.de" created="Fri, 20 Jan 2012 20:37:48 +0000">&lt;p&gt;The Javadoc of the class and the load() methods was updated accordingly. Fixed in revision 1234118.&lt;/p&gt;</comment>
                    </comments>
                    <attachments>
                    </attachments>
                <subtasks>
                    </subtasks>
                <customfields>
                                                                                                                                                                                                                                                                                                                                                                                                                                                                                                                                                                                                                                                                                                                    <customfield id="customfield_12314020" key="com.atlassian.jira.plugins.jira-development-integration-plugin:devsummary">
                        <customfieldname>Development</customfieldname>
                        <customfieldvalues>
                            
                        </customfieldvalues>
                    </customfield>
                                                                                                                        <customfield id="customfield_12313422" key="com.atlassian.jirafisheyeplugin:jobcheckbox">
                        <customfieldname>Enable Automatic Patch Review</customfieldname>
                        <customfieldvalues>
                            <customfieldvalue>false</customfieldvalue>

                        </customfieldvalues>
                    </customfield>
                                                                                                                                                                                                                                                                                                                                                                                                                                                                                                                                                                                                                                                <customfield id="customfield_12310420" key="com.pyxis.greenhopper.jira:gh-global-rank">
                        <customfieldname>Global Rank</customfieldname>
                        <customfieldvalues>
                            <customfieldvalue>33619</customfieldvalue>
                        </customfieldvalues>
                    </customfield>
                                                                                                                                                                                                                                                                                                                                                                                                                                                                        <customfield id="customfield_12311820" key="com.pyxis.greenhopper.jira:gh-lexo-rank">
                        <customfieldname>Rank</customfieldname>
                        <customfieldvalues>
                            <customfieldvalue>0|i0lo1r:</customfieldvalue>

                        </customfieldvalues>
                    </customfield>
                                                                <customfield id="customfield_12310920" key="com.pyxis.greenhopper.jira:gh-global-rank">
                        <customfieldname>Rank (Obsolete)</customfieldname>
                        <customfieldvalues>
                            <customfieldvalue>124546</customfieldvalue>
                        </customfieldvalues>
                    </customfield>
                                                                                                                                                                                                                                                                                                                                                                                                                                                                                                                                                                                                                                                                                                                                                                                            </customfields>
    </item>


</channel>
</rss>