<rss version="0.92">
    <channel>
        <title>ASF JIRA</title>
        <link>https://issues.apache.org/jira/issues/?jql=project+%3D+CONFIGURATION+and+type+%3D+bug+and+%28status+%3D+RESOLVED+or+status+%3D+closed%29+and+resolution+%3D+Fixed+and+fixVersion+%21%3D+None++and+affectedVersion+%21%3D+None++and+affectedVersion+%21%3D+%22Nightly+Build%22</link>
        <description>An XML representation of a search request</description>
                <language>en-uk</language>
                        <issue start="0" end="213" total="213" />
                <build-info>
            <version>8.20.1</version>
            <build-number>820001</build-number>
            <build-date>28-10-2021</build-date>
        </build-info>

<item>
            <title>[CONFIGURATION-481] Variable interpolation across files broken in 1.7 &amp; 1.8</title>
                <link>https://issues.apache.org/jira/browse/CONFIGURATION-481</link>
                <project id="12310467" key="CONFIGURATION">Commons Configuration</project>
                    <description>&lt;p&gt;With Commons Configuration 1.6, I was able to declare a variable in a properties file, and then reference it in a XML file using the ${myvar} syntax.&lt;/p&gt;

&lt;p&gt;For example:&lt;/p&gt;

&lt;p&gt;global.properties:&lt;/p&gt;
&lt;div class="preformatted panel" style="border-width: 1px;"&gt;&lt;div class="preformattedContent panelContent"&gt;
&lt;pre&gt;myvar=abc&lt;/pre&gt;
&lt;/div&gt;&lt;/div&gt;

&lt;p&gt;test.xml:&lt;/p&gt;
&lt;div class="code panel" style="border-width: 1px;"&gt;&lt;div class="codeContent panelContent"&gt;
&lt;pre class="code-xml"&gt;&lt;span class="code-tag"&gt;&amp;lt;products&amp;gt;&lt;/span&gt;
  &lt;span class="code-tag"&gt;&amp;lt;product name=&lt;span class="code-quote"&gt;"abc"&lt;/span&gt;&amp;gt;&lt;/span&gt;
    &lt;span class="code-tag"&gt;&amp;lt;desc&amp;gt;&lt;/span&gt;${myvar}-product&lt;span class="code-tag"&gt;&amp;lt;/desc&amp;gt;&lt;/span&gt;
  &lt;span class="code-tag"&gt;&amp;lt;/product&amp;gt;&lt;/span&gt;
&lt;span class="code-tag"&gt;&amp;lt;/products&amp;gt;&lt;/span&gt;
&lt;/pre&gt;
&lt;/div&gt;&lt;/div&gt;

&lt;p&gt;config.xml:&lt;/p&gt;
&lt;div class="code panel" style="border-width: 1px;"&gt;&lt;div class="codeContent panelContent"&gt;
&lt;pre class="code-xml"&gt;&lt;span class="code-tag"&gt;&amp;lt;properties fileName=&lt;span class="code-quote"&gt;"global.properties"&lt;/span&gt;/&amp;gt;&lt;/span&gt;
&lt;span class="code-tag"&gt;&amp;lt;xml fileName=&lt;span class="code-quote"&gt;"test.xml"&lt;/span&gt; config-name=&lt;span class="code-quote"&gt;"test"&lt;/span&gt;&amp;gt;&lt;/span&gt;
  &lt;span class="code-tag"&gt;&amp;lt;expressionEngine config-class=&lt;span class="code-quote"&gt;"org.apache.commons.configuration.tree.xpath.XPathExpressionEngine"&lt;/span&gt;/&amp;gt;&lt;/span&gt;
&lt;span class="code-tag"&gt;&amp;lt;/xml&amp;gt;&lt;/span&gt;
&lt;/pre&gt;
&lt;/div&gt;&lt;/div&gt;

&lt;p&gt;When I try to retrieve the value, like so:&lt;/p&gt;

&lt;div class="code panel" style="border-width: 1px;"&gt;&lt;div class="codeContent panelContent"&gt;
&lt;pre class="code-java"&gt;combinedConfig.getConfiguration(&lt;span class="code-quote"&gt;"test"&lt;/span&gt;).configurationAt(&lt;span class="code-quote"&gt;"products/product[@name=&lt;span class="code-quote"&gt;'abc'&lt;/span&gt;]"&lt;/span&gt;, &lt;span class="code-keyword"&gt;true&lt;/span&gt;).getString(&lt;span class="code-quote"&gt;"desc"&lt;/span&gt;)&lt;/pre&gt;
&lt;/div&gt;&lt;/div&gt;

&lt;p&gt;I get "${myvar}-product" instead of "abc-product".&lt;/p&gt;

&lt;p&gt;This was working in Commons Configuration 1.6, but seems to be broken in 1.7 and 1.8.&lt;/p&gt;</description>
                <environment>&lt;p&gt;Any OS, but have verified with Windows 7 and AIX 6.1, running Java 1.6.0.&lt;/p&gt;</environment>
        <key id="12544193">CONFIGURATION-481</key>
            <summary>Variable interpolation across files broken in 1.7 &amp; 1.8</summary>
                <type id="1" iconUrl="https://issues.apache.org/jira/secure/viewavatar?size=xsmall&amp;avatarId=21133&amp;avatarType=issuetype">Bug</type>
                                            <priority id="3" iconUrl="https://issues.apache.org/jira/images/icons/priorities/major.svg">Major</priority>
                        <status id="6" iconUrl="https://issues.apache.org/jira/images/icons/statuses/closed.png" description="The issue is considered finished, the resolution is correct. Issues which are not closed can be reopened.">Closed</status>
                    <statusCategory id="3" key="done" colorName="green" />
                                    <resolution id="1">Fixed</resolution>
                                        <assignee username="oheger">Oliver Heger</assignee>
                                    <reporter username="dprantzalos">Jim Prantzalos</reporter>
                        <labels>
                    </labels>
                <created>Sun, 26 Feb 2012 20:27:46 +0000</created>
                <updated>Wed, 22 Aug 2012 18:07:22 +0000</updated>
                            <resolved>Wed, 29 Feb 2012 21:15:55 +0000</resolved>
                                    <version>1.7</version>
                    <version>1.8</version>
                                    <fixVersion>1.9</fixVersion>
                                    <component>Interpolation</component>
                        <due />
                            <votes>0</votes>
                                    <watches>1</watches>
                                                                <comments>
                            <comment id="13216838" author="dprantzalos" created="Sun, 26 Feb 2012 21:02:35 +0000">&lt;p&gt;Added a test case that demonstrates the issue using 1.6, 1.7, and 1.8.&lt;/p&gt;</comment>
                            <comment id="13219533" author="oliver.heger@t-online.de" created="Wed, 29 Feb 2012 20:49:39 +0000">&lt;p&gt;I am working on a fix (or better a re-implementation) based on the &lt;tt&gt;ConfigurationInterpolator&lt;/tt&gt; class and its feature to construct a chain of interpolators. The idea is that &lt;tt&gt;DefaultConfigurationBuilder&lt;/tt&gt; adds a special parent interpolator to the configurations it creates which queries the newly constructed &lt;tt&gt;CombinedConfiguration&lt;/tt&gt;.&lt;/p&gt;

&lt;p&gt;However, I must admit it is a mystery to me how this feature could work in the past. (I also did not find any breaking change.) It was certainly an undocumented feature which only worked by acciddent.&lt;/p&gt;</comment>
                            <comment id="13219555" author="oliver.heger@t-online.de" created="Wed, 29 Feb 2012 21:15:55 +0000">&lt;p&gt;Fixed in subversion in revision 1295276. Thanks for spotting this and the tests.&lt;/p&gt;</comment>
                            <comment id="13220433" author="dprantzalos" created="Thu, 1 Mar 2012 22:30:38 +0000">&lt;p&gt;Patched into 1.8 and rebuilt. Works great. Thank you!&lt;/p&gt;</comment>
                    </comments>
                    <attachments>
                            <attachment id="12516117" name="ApacheBug-CONFIGURATION-481.7z" size="2616197" author="dprantzalos" created="Sun, 26 Feb 2012 21:02:35 +0000" />
                    </attachments>
                <subtasks>
                    </subtasks>
                <customfields>
                                                                                                                                                                                                                                                                                                                                                                                                                                                                                                                                                                                                                                                                                                                    <customfield id="customfield_12314020" key="com.atlassian.jira.plugins.jira-development-integration-plugin:devsummary">
                        <customfieldname>Development</customfieldname>
                        <customfieldvalues>
                            
                        </customfieldvalues>
                    </customfield>
                                                                                                                        <customfield id="customfield_12313422" key="com.atlassian.jirafisheyeplugin:jobcheckbox">
                        <customfieldname>Enable Automatic Patch Review</customfieldname>
                        <customfieldvalues>
                            <customfieldvalue>false</customfieldvalue>

                        </customfieldvalues>
                    </customfield>
                                                                                                                                                                                                                                                                                                                                                                                                                                                                                                                                                                                                                                                <customfield id="customfield_12310420" key="com.pyxis.greenhopper.jira:gh-global-rank">
                        <customfieldname>Global Rank</customfieldname>
                        <customfieldvalues>
                            <customfieldvalue>229430</customfieldvalue>
                        </customfieldvalues>
                    </customfield>
                                                                                                                                                                                                                                                                                                                                                                                                                                                                        <customfield id="customfield_12311820" key="com.pyxis.greenhopper.jira:gh-lexo-rank">
                        <customfieldname>Rank</customfieldname>
                        <customfieldvalues>
                            <customfieldvalue>0|i0l67r:</customfieldvalue>

                        </customfieldvalues>
                    </customfield>
                                                                <customfield id="customfield_12310920" key="com.pyxis.greenhopper.jira:gh-global-rank">
                        <customfieldname>Rank (Obsolete)</customfieldname>
                        <customfieldvalues>
                            <customfieldvalue>121657</customfieldvalue>
                        </customfieldvalues>
                    </customfield>
                                                                                                                                                                                                                                                                                                                                                                                                                                                                                                                                                                                                                                                                                                                                                                                            </customfields>
    </item>


</channel>
</rss>