<rss version="0.92">
    <channel>
        <title>ASF JIRA</title>
        <link>https://issues.apache.org/jira/issues/?jql=project+%3D+CONFIGURATION+and+type+%3D+bug+and+%28status+%3D+RESOLVED+or+status+%3D+closed%29+and+resolution+%3D+Fixed+and+fixVersion+%21%3D+None++and+affectedVersion+%21%3D+None++and+affectedVersion+%21%3D+%22Nightly+Build%22</link>
        <description>An XML representation of a search request</description>
                <language>en-uk</language>
                        <issue start="0" end="213" total="213" />
                <build-info>
            <version>8.20.1</version>
            <build-number>820001</build-number>
            <build-date>28-10-2021</build-date>
        </build-info>

<item>
            <title>[CONFIGURATION-263] XMLConfiguration drops attributes if a property value is a list</title>
                <link>https://issues.apache.org/jira/browse/CONFIGURATION-263</link>
                <project id="12310467" key="CONFIGURATION">Commons Configuration</project>
                    <description>&lt;p&gt;When the following test is run with the following xml the second assertEquals statement fails:&lt;/p&gt;

&lt;p&gt;XML:&lt;br/&gt;
&amp;lt;?xml version="1.0" encoding="ISO-8859-1" ?&amp;gt;&lt;br/&gt;
&amp;lt;test&amp;gt;&lt;br/&gt;
&amp;lt;a name="X"&amp;gt;ABC&amp;lt;/a&amp;gt;&lt;br/&gt;
&amp;lt;a name="Y"&amp;gt;1,2,3&amp;lt;/a&amp;gt;&lt;br/&gt;
&amp;lt;/test&lt;/p&gt;

&lt;p&gt;TEST:&lt;br/&gt;
public void testXMLConfig() throws Exception {&lt;br/&gt;
  File file = new File("/xml/xmlConfigTest.xml");&lt;/p&gt;

&lt;p&gt;  XMLConfiguration xmlConfig = new XMLConfiguration(file);&lt;br/&gt;
  xmlConfig.load();&lt;/p&gt;

&lt;p&gt;  assertEquals("X",xmlConfig.getProperty("a(0)&lt;span class="error"&gt;&amp;#91;@name&amp;#93;&lt;/span&gt;"));&lt;br/&gt;
  assertEquals("Y",xmlConfig.getProperty("a(1)&lt;span class="error"&gt;&amp;#91;@name&amp;#93;&lt;/span&gt;"));&lt;br/&gt;
}&lt;/p&gt;</description>
                <environment />
        <key id="12367202">CONFIGURATION-263</key>
            <summary>XMLConfiguration drops attributes if a property value is a list</summary>
                <type id="1" iconUrl="https://issues.apache.org/jira/secure/viewavatar?size=xsmall&amp;avatarId=21133&amp;avatarType=issuetype">Bug</type>
                                            <priority id="3" iconUrl="https://issues.apache.org/jira/images/icons/priorities/major.svg">Major</priority>
                        <status id="6" iconUrl="https://issues.apache.org/jira/images/icons/statuses/closed.png" description="The issue is considered finished, the resolution is correct. Issues which are not closed can be reopened.">Closed</status>
                    <statusCategory id="3" key="done" colorName="green" />
                                    <resolution id="1">Fixed</resolution>
                                        <assignee username="oheger">Oliver Heger</assignee>
                                    <reporter username="oheger">Oliver Heger</reporter>
                        <labels>
                    </labels>
                <created>Sat, 14 Apr 2007 14:15:37 +0000</created>
                <updated>Sat, 22 Aug 2009 19:36:48 +0000</updated>
                            <resolved>Tue, 17 Apr 2007 19:54:44 +0000</resolved>
                                    <version>1.4</version>
                                    <fixVersion>1.5</fixVersion>
                                        <due />
                            <votes>0</votes>
                                    <watches>0</watches>
                                                                <comments>
                            <comment id="12489525" author="oliver.heger@t-online.de" created="Tue, 17 Apr 2007 19:54:44 +0000">&lt;p&gt;A fix was committed. In the problematic scenarios the attributes are now always added to the first list node. So if there is a XML file like that:&lt;/p&gt;

&lt;p&gt;...&lt;br/&gt;
&amp;lt;list&amp;gt;&lt;br/&gt;
  &amp;lt;a name="x"&amp;gt;test1,test2&amp;lt;/a&amp;gt;&lt;br/&gt;
  &amp;lt;a name="y,z" attr="u"&amp;gt;1,2,3&amp;lt;/a&amp;gt;&lt;br/&gt;
&amp;lt;/list&amp;gt;&lt;/p&gt;

&lt;p&gt;the results are as following:&lt;/p&gt;

&lt;p&gt;&amp;lt;list&amp;gt;&lt;br/&gt;
  &amp;lt;a name="x"&amp;gt;test1&amp;lt;/a&amp;gt;&lt;br/&gt;
  &amp;lt;a&amp;gt;test2&amp;lt;/a&amp;gt;&lt;br/&gt;
  &amp;lt;a name="y,z" attr="u"&amp;gt;1&amp;lt;/a&amp;gt;&lt;br/&gt;
  &amp;lt;a&amp;gt;2&amp;lt;/a&amp;gt;&lt;br/&gt;
  &amp;lt;a&amp;gt;3&amp;lt;/a&amp;gt;&lt;br/&gt;
&amp;lt;/list&amp;gt;&lt;/p&gt;</comment>
                    </comments>
                    <attachments>
                    </attachments>
                <subtasks>
                    </subtasks>
                <customfields>
                                                                                                                                                                                                                                                                                                                                                                                                                                                                                                                                                                                                                                                                                                                    <customfield id="customfield_12314020" key="com.atlassian.jira.plugins.jira-development-integration-plugin:devsummary">
                        <customfieldname>Development</customfieldname>
                        <customfieldvalues>
                            
                        </customfieldvalues>
                    </customfield>
                                                                                                                        <customfield id="customfield_12313422" key="com.atlassian.jirafisheyeplugin:jobcheckbox">
                        <customfieldname>Enable Automatic Patch Review</customfieldname>
                        <customfieldvalues>
                            <customfieldvalue>false</customfieldvalue>

                        </customfieldvalues>
                    </customfield>
                                                                                                                                                                                                                                                                                                                                                                                                                                                                                                                                                                                                                                                <customfield id="customfield_12310420" key="com.pyxis.greenhopper.jira:gh-global-rank">
                        <customfieldname>Global Rank</customfieldname>
                        <customfieldvalues>
                            <customfieldvalue>33977</customfieldvalue>
                        </customfieldvalues>
                    </customfield>
                                                                                                                                                                                                                                                                                                                                                                                                                                                                        <customfield id="customfield_12311820" key="com.pyxis.greenhopper.jira:gh-lexo-rank">
                        <customfieldname>Rank</customfieldname>
                        <customfieldvalues>
                            <customfieldvalue>0|i0lfxr:</customfieldvalue>

                        </customfieldvalues>
                    </customfield>
                                                                <customfield id="customfield_12310920" key="com.pyxis.greenhopper.jira:gh-global-rank">
                        <customfieldname>Rank (Obsolete)</customfieldname>
                        <customfieldvalues>
                            <customfieldvalue>123232</customfieldvalue>
                        </customfieldvalues>
                    </customfield>
                                                                                                                                                                                                                                                                                                                                                                                                                                                                                                                                                                                                                                                                                                                                                                                            </customfields>
    </item>


</channel>
</rss>