<rss version="0.92">
    <channel>
        <title>ASF JIRA</title>
        <link>https://issues.apache.org/jira/issues/?jql=project+%3D+CONFIGURATION+and+type+%3D+bug+and+%28status+%3D+RESOLVED+or+status+%3D+closed%29+and+resolution+%3D+Fixed+and+fixVersion+%21%3D+None++and+affectedVersion+%21%3D+None++and+affectedVersion+%21%3D+%22Nightly+Build%22</link>
        <description>An XML representation of a search request</description>
                <language>en-uk</language>
                        <issue start="0" end="213" total="213" />
                <build-info>
            <version>8.20.1</version>
            <build-number>820001</build-number>
            <build-date>28-10-2021</build-date>
        </build-info>

<item>
            <title>[CONFIGURATION-291] addNodes() doesn't trigger auto saving</title>
                <link>https://issues.apache.org/jira/browse/CONFIGURATION-291</link>
                <project id="12310467" key="CONFIGURATION">Commons Configuration</project>
                    <description>&lt;p&gt;When I add nodes the XMLConfiguration with autoSave enabled the file doen't change to reflect new nodes. Here is an example&lt;/p&gt;

&lt;p&gt;XMLConfiguration config = new XMLConfiguration("c:&lt;br class="atl-forced-newline" /&gt;conf.xml"); &lt;br/&gt;
config.setAutoSave(true) ;&lt;br/&gt;
ConfigurationNode childNode = new HierarchicalConfiguration.Node("ChildNodeName","ChildNodeValue");&lt;br/&gt;
List nodes = new ArrayList();&lt;br/&gt;
nodes.add(childNode);&lt;br/&gt;
config.addNodes(null,nodes);&lt;/p&gt;

&lt;p&gt;config.xml didn't change to include child node.&lt;/p&gt;
</description>
                <environment>&lt;p&gt;I am using Nightly build dated July 19, 2007&lt;/p&gt;</environment>
        <key id="12375715">CONFIGURATION-291</key>
            <summary>addNodes() doesn't trigger auto saving</summary>
                <type id="1" iconUrl="https://issues.apache.org/jira/secure/viewavatar?size=xsmall&amp;avatarId=21133&amp;avatarType=issuetype">Bug</type>
                                            <priority id="3" iconUrl="https://issues.apache.org/jira/images/icons/priorities/major.svg">Major</priority>
                        <status id="6" iconUrl="https://issues.apache.org/jira/images/icons/statuses/closed.png" description="The issue is considered finished, the resolution is correct. Issues which are not closed can be reopened.">Closed</status>
                    <statusCategory id="3" key="done" colorName="green" />
                                    <resolution id="1">Fixed</resolution>
                                        <assignee username="oheger">Oliver Heger</assignee>
                                    <reporter username="ifridkina">irina fridkina</reporter>
                        <labels>
                    </labels>
                <created>Fri, 10 Aug 2007 01:16:39 +0000</created>
                <updated>Sat, 22 Aug 2009 19:36:50 +0000</updated>
                            <resolved>Sat, 11 Aug 2007 14:52:26 +0000</resolved>
                                    <version>1.4</version>
                                    <fixVersion>1.5</fixVersion>
                                        <due />
                            <votes>0</votes>
                                    <watches>0</watches>
                                                                <comments>
                            <comment id="12518985" author="oliver.heger@t-online.de" created="Fri, 10 Aug 2007 11:20:53 +0000">&lt;p&gt;Yes, this is a bug. I will have a look.&lt;/p&gt;</comment>
                            <comment id="12519236" author="oliver.heger@t-online.de" created="Sat, 11 Aug 2007 14:52:26 +0000">&lt;p&gt;A fix was committed. Thanks for spotting this.&lt;/p&gt;</comment>
                    </comments>
                    <attachments>
                    </attachments>
                <subtasks>
                    </subtasks>
                <customfields>
                                                                                                                                                                                                                                                                                                                                                                                                                                                                                                                                                                                                                                                                                                                    <customfield id="customfield_12314020" key="com.atlassian.jira.plugins.jira-development-integration-plugin:devsummary">
                        <customfieldname>Development</customfieldname>
                        <customfieldvalues>
                            
                        </customfieldvalues>
                    </customfield>
                                                                                                                        <customfield id="customfield_12313422" key="com.atlassian.jirafisheyeplugin:jobcheckbox">
                        <customfieldname>Enable Automatic Patch Review</customfieldname>
                        <customfieldvalues>
                            <customfieldvalue>false</customfieldvalue>

                        </customfieldvalues>
                    </customfield>
                                                                                                                                                                                                                                                                                                                                                                                                                                                                                                                                                                                                                                                <customfield id="customfield_12310420" key="com.pyxis.greenhopper.jira:gh-global-rank">
                        <customfieldname>Global Rank</customfieldname>
                        <customfieldvalues>
                            <customfieldvalue>33854</customfieldvalue>
                        </customfieldvalues>
                    </customfield>
                                                                                                                                                                                                                                                                                                                                                                                                                                                                        <customfield id="customfield_12311820" key="com.pyxis.greenhopper.jira:gh-lexo-rank">
                        <customfieldname>Rank</customfieldname>
                        <customfieldvalues>
                            <customfieldvalue>0|i0upof:</customfieldvalue>

                        </customfieldvalues>
                    </customfield>
                                                                <customfield id="customfield_12310920" key="com.pyxis.greenhopper.jira:gh-global-rank">
                        <customfieldname>Rank (Obsolete)</customfieldname>
                        <customfieldvalues>
                            <customfieldvalue>177301</customfieldvalue>
                        </customfieldvalues>
                    </customfield>
                                                                                                                                                                                                                                                                                                                                                                                                                                                                                                                                                                                                                                                                                                                                                                                            </customfields>
    </item>


</channel>
</rss>