<rss version="0.92">
    <channel>
        <title>ASF JIRA</title>
        <link>https://issues.apache.org/jira/issues/?jql=project+%3D+CONFIGURATION+and+type+%3D+bug+and+%28status+%3D+RESOLVED+or+status+%3D+closed%29+and+resolution+%3D+Fixed+and+fixVersion+%21%3D+None++and+affectedVersion+%21%3D+None++and+affectedVersion+%21%3D+%22Nightly+Build%22</link>
        <description>An XML representation of a search request</description>
                <language>en-uk</language>
                        <issue start="0" end="213" total="213" />
                <build-info>
            <version>8.20.1</version>
            <build-number>820001</build-number>
            <build-date>28-10-2021</build-date>
        </build-info>

<item>
            <title>[CONFIGURATION-347] Iterating over the keys of a file-based configuration can cause a ConcurrentModificationException</title>
                <link>https://issues.apache.org/jira/browse/CONFIGURATION-347</link>
                <project id="12310467" key="CONFIGURATION">Commons Configuration</project>
                    <description>&lt;p&gt;Some implementations of FileConfiguration return an iterator in their &lt;tt&gt;getKeys()&lt;/tt&gt; method that is directly connected to the underlying data store. When now a reload is performed (which can happen at any time) the data store is modified, and the iterator becomes invalid.&lt;/p&gt;

&lt;p&gt;This behavior is very confusing because ConcurrentModificationExceptions are typically related to multi-threading access. But even if the code performing the iteration is the only instance that accesses the configuration, the exception can be thrown.&lt;/p&gt;</description>
                <environment />
        <key id="12407892">CONFIGURATION-347</key>
            <summary>Iterating over the keys of a file-based configuration can cause a ConcurrentModificationException</summary>
                <type id="1" iconUrl="https://issues.apache.org/jira/secure/viewavatar?size=xsmall&amp;avatarId=21133&amp;avatarType=issuetype">Bug</type>
                                            <priority id="3" iconUrl="https://issues.apache.org/jira/images/icons/priorities/major.svg">Major</priority>
                        <status id="6" iconUrl="https://issues.apache.org/jira/images/icons/statuses/closed.png" description="The issue is considered finished, the resolution is correct. Issues which are not closed can be reopened.">Closed</status>
                    <statusCategory id="3" key="done" colorName="green" />
                                    <resolution id="1">Fixed</resolution>
                                        <assignee username="-1">Unassigned</assignee>
                                    <reporter username="oheger">Oliver Heger</reporter>
                        <labels>
                    </labels>
                <created>Wed, 5 Nov 2008 21:06:22 +0000</created>
                <updated>Sat, 22 Aug 2009 19:36:54 +0000</updated>
                            <resolved>Thu, 6 Nov 2008 07:29:11 +0000</resolved>
                                    <version>1.5</version>
                                    <fixVersion>1.6</fixVersion>
                                    <component>File reloading</component>
                        <due />
                            <votes>0</votes>
                                    <watches>0</watches>
                                                                <comments>
                            <comment id="12645416" author="oliver.heger@t-online.de" created="Thu, 6 Nov 2008 07:29:11 +0000">&lt;p&gt;AbstractFileConfiguration.getKeys() now creates a snapshot of the keys contained in the configuration when the method is called. Then an iterator of this snapshot is returned. This avoids ConcurrentModificationExceptions.&lt;/p&gt;

&lt;p&gt;Clients should be aware that changes made at the configuration (including those caused by reload operations) are not reflected by the iterator. The Javadocs of AbstractFileConfiguration.getKeys() has been updated correspondingly.&lt;/p&gt;</comment>
                    </comments>
                    <attachments>
                    </attachments>
                <subtasks>
                    </subtasks>
                <customfields>
                                                                                                                                                                                                                                                                                                                                                                                                                                                                                                                                                                                                                                                                                                                    <customfield id="customfield_12314020" key="com.atlassian.jira.plugins.jira-development-integration-plugin:devsummary">
                        <customfieldname>Development</customfieldname>
                        <customfieldvalues>
                            
                        </customfieldvalues>
                    </customfield>
                                                                                                                        <customfield id="customfield_12313422" key="com.atlassian.jirafisheyeplugin:jobcheckbox">
                        <customfieldname>Enable Automatic Patch Review</customfieldname>
                        <customfieldvalues>
                            <customfieldvalue>false</customfieldvalue>

                        </customfieldvalues>
                    </customfield>
                                                                                                                                                                                                                                                                                                                                                                                                                                                                                                                                                                                                                                                <customfield id="customfield_12310420" key="com.pyxis.greenhopper.jira:gh-global-rank">
                        <customfieldname>Global Rank</customfieldname>
                        <customfieldvalues>
                            <customfieldvalue>33867</customfieldvalue>
                        </customfieldvalues>
                    </customfield>
                                                                                                                                                                                                                                                                                                                                                                                                                                                                        <customfield id="customfield_12311820" key="com.pyxis.greenhopper.jira:gh-lexo-rank">
                        <customfieldname>Rank</customfieldname>
                        <customfieldvalues>
                            <customfieldvalue>0|i0uprb:</customfieldvalue>

                        </customfieldvalues>
                    </customfield>
                                                                <customfield id="customfield_12310920" key="com.pyxis.greenhopper.jira:gh-global-rank">
                        <customfieldname>Rank (Obsolete)</customfieldname>
                        <customfieldvalues>
                            <customfieldvalue>177314</customfieldvalue>
                        </customfieldvalues>
                    </customfield>
                                                                                                                                                                                                                                                                                                                                                                                                                                                                                                                                                                                                                                                                                                                                                                                            </customfields>
    </item>


</channel>
</rss>