<rss version="0.92">
    <channel>
        <title>ASF JIRA</title>
        <link>https://issues.apache.org/jira/issues/?jql=project+%3D+CONFIGURATION+and+type+%3D+bug+and+%28status+%3D+RESOLVED+or+status+%3D+closed%29+and+resolution+%3D+Fixed+and+fixVersion+%21%3D+None++and+affectedVersion+%21%3D+None++and+affectedVersion+%21%3D+%22Nightly+Build%22</link>
        <description>An XML representation of a search request</description>
                <language>en-uk</language>
                        <issue start="0" end="213" total="213" />
                <build-info>
            <version>8.20.1</version>
            <build-number>820001</build-number>
            <build-date>28-10-2021</build-date>
        </build-info>

<item>
            <title>[CONFIGURATION-794] Unclosed file handle when reading config from JAR file URL</title>
                <link>https://issues.apache.org/jira/browse/CONFIGURATION-794</link>
                <project id="12310467" key="CONFIGURATION">Commons Configuration</project>
                    <description>&lt;p&gt;We read a properties file which is included in a JAR file. Unfortunately we cannot find any method to close the opened file handle after reading the properties.&lt;br/&gt;
This currently means that the JAR file can only be deleted after the JVM shuts down. I'll open a PR which shows the behavior.&lt;/p&gt;

&lt;p&gt;We currently run our code mostly on Windows systems and Oracle JDK8.&lt;/p&gt;

&lt;p&gt;PR: &lt;a href="https://github.com/apache/commons-configuration/pull/76" class="external-link" target="_blank" rel="nofollow noopener"&gt;https://github.com/apache/commons-configuration/pull/76&lt;/a&gt;&lt;/p&gt;</description>
                <environment />
        <key id="13334365">CONFIGURATION-794</key>
            <summary>Unclosed file handle when reading config from JAR file URL</summary>
                <type id="1" iconUrl="https://issues.apache.org/jira/secure/viewavatar?size=xsmall&amp;avatarId=21133&amp;avatarType=issuetype">Bug</type>
                                            <priority id="3" iconUrl="https://issues.apache.org/jira/images/icons/priorities/major.svg">Major</priority>
                        <status id="5" iconUrl="https://issues.apache.org/jira/images/icons/statuses/resolved.png" description="A resolution has been taken, and it is awaiting verification by reporter. From here issues are either reopened, or are closed.">Resolved</status>
                    <statusCategory id="3" key="done" colorName="green" />
                                    <resolution id="1">Fixed</resolution>
                                        <assignee username="-1">Unassigned</assignee>
                                    <reporter username="jansohn">Robin Jansohn</reporter>
                        <labels>
                    </labels>
                <created>Thu, 8 Oct 2020 07:19:46 +0000</created>
                <updated>Sat, 30 Jan 2021 19:49:00 +0000</updated>
                            <resolved>Tue, 13 Oct 2020 00:37:31 +0000</resolved>
                                    <version>2.7</version>
                                    <fixVersion>2.8.0</fixVersion>
                                        <due />
                            <votes>0</votes>
                                    <watches>3</watches>
                                                                <comments>
                            <comment id="17210100" author="jansohn" created="Thu, 8 Oct 2020 09:27:22 +0000">&lt;p&gt;Seems to be Windows specific as we cannot reproduce the behavior when running on Linux...&lt;/p&gt;</comment>
                            <comment id="17211801" author="garydgregory" created="Sat, 10 Oct 2020 23:39:28 +0000">&lt;p&gt;Added test testGetConfigurationLoadFromJarFile().&lt;/p&gt;</comment>
                            <comment id="17211870" author="sebb@apache.org" created="Sun, 11 Oct 2020 10:19:04 +0000">&lt;p&gt;Windows locks JAR files when it opens them; this prevents deletion.&lt;/p&gt;

&lt;p&gt;Linux does not prevent deletion of open files.&lt;/p&gt;</comment>
                            <comment id="17211884" author="spoor" created="Sun, 11 Oct 2020 11:47:51 +0000">&lt;p&gt;I've done some investigation, and the problem lies here, in &lt;tt&gt;FileHandler.load&lt;/tt&gt;:&lt;/p&gt;
&lt;div class="code panel" style="border-width: 1px;"&gt;&lt;div class="codeContent panelContent"&gt;
&lt;pre class="code-java"&gt;        InputStream in = &lt;span class="code-keyword"&gt;null&lt;/span&gt;;

        &lt;span class="code-keyword"&gt;try&lt;/span&gt;
        {
            in = FileLocatorUtils.obtainFileSystem(locator).getInputStream(url);
            loadFromStream(in, locator.getEncoding(), url);
        }
        ...
        &lt;span class="code-keyword"&gt;finally&lt;/span&gt;
        {
            closeSilent(in);
        }
    }&lt;/pre&gt;
&lt;/div&gt;&lt;/div&gt;
&lt;p&gt;&lt;tt&gt;closeSilent&lt;/tt&gt; calls the following &lt;tt&gt;close&lt;/tt&gt; method:&lt;/p&gt;
&lt;div class="code panel" style="border-width: 1px;"&gt;&lt;div class="codeContent panelContent"&gt;
&lt;pre class="code-java"&gt;    &lt;span class="code-keyword"&gt;class &lt;/span&gt;JarURLInputStream &lt;span class="code-keyword"&gt;extends&lt;/span&gt; java.io.FilterInputStream {
        JarURLInputStream (InputStream src) {
            &lt;span class="code-keyword"&gt;super&lt;/span&gt; (src);
        }
        &lt;span class="code-keyword"&gt;public&lt;/span&gt; void close () &lt;span class="code-keyword"&gt;throws&lt;/span&gt; IOException {
            &lt;span class="code-keyword"&gt;try&lt;/span&gt; {
                &lt;span class="code-keyword"&gt;super&lt;/span&gt;.close();
            } &lt;span class="code-keyword"&gt;finally&lt;/span&gt; {
                &lt;span class="code-keyword"&gt;if&lt;/span&gt; (!getUseCaches()) {
                    jarFile.close();
                }
            }
        }
    }&lt;/pre&gt;
&lt;/div&gt;&lt;/div&gt;
&lt;p&gt;Here, &lt;tt&gt;getUseCaches()&lt;/tt&gt; returns &lt;tt&gt;true&lt;/tt&gt;, so the JAR file is not closed.&lt;/p&gt;

&lt;p&gt;A quick fix, in &lt;tt&gt;DefaultFileSystem.getInputStream&lt;/tt&gt;:&lt;/p&gt;
&lt;div class="code panel" style="border-width: 1px;"&gt;&lt;div class="codeContent panelContent"&gt;
&lt;pre class="code-java"&gt;&lt;span class="code-comment"&gt;//            &lt;span class="code-keyword"&gt;return&lt;/span&gt; url.openStream();
&lt;/span&gt;            URLConnection connection = url.openConnection();
            connection.setUseCaches(&lt;span class="code-keyword"&gt;false&lt;/span&gt;);
            &lt;span class="code-keyword"&gt;return&lt;/span&gt; connection.getInputStream();&lt;/pre&gt;
&lt;/div&gt;&lt;/div&gt;
&lt;p&gt;However, this definitely requires more consideration, as it disables caching and therefore will open the JAR file every time.&lt;/p&gt;</comment>
                            <comment id="17211911" author="garydgregory" created="Sun, 11 Oct 2020 13:20:12 +0000">&lt;p&gt;We should surface this option IMO so that we can disable caching in tests at least. We can keep the default behavior as is if this ends up working.  &lt;/p&gt;

&lt;p&gt;WDYT?&lt;/p&gt;</comment>
                            <comment id="17211957" author="spoor" created="Sun, 11 Oct 2020 16:05:10 +0000">&lt;p&gt;Do you mean adding a flag somewhere to disable the caching, with caching enabled by default? Because I ran the failing test, and it succeeded with the quick fix applied. I didn't try any of the other tests so it's possible there could be failures, although I think it isn't likely.&lt;/p&gt;

&lt;p&gt;I think a flag would make sense. In most cases, there is no need to replace JAR files while the JVM is active. I've never had this problem when using Commons Configuration inside JEE applications on Windows; EARs could be redeployed without any issues. If people need the option to have JAR files hot-swappable, then they could just set the flag, accepting the (possible) performance hit.&lt;/p&gt;</comment>
                            <comment id="17212750" author="garydgregory" created="Tue, 13 Oct 2020 00:37:31 +0000">&lt;p&gt;This fix requires you to disable caching, you will need to update code (from the test), from, for example:&lt;/p&gt;
&lt;div class="code panel" style="border-width: 1px;"&gt;&lt;div class="codeContent panelContent"&gt;
&lt;pre class="code-java"&gt;
        &lt;span class="code-keyword"&gt;final&lt;/span&gt; FileBasedConfigurationBuilder&amp;lt;PropertiesConfiguration&amp;gt; builder = 
            &lt;span class="code-keyword"&gt;new&lt;/span&gt; FileBasedConfigurationBuilder&amp;lt;&amp;gt;(PropertiesConfiguration.class)
                .configure(&lt;span class="code-keyword"&gt;new&lt;/span&gt; FileBasedBuilderParametersImpl()
                .setURL(url));
&lt;/pre&gt;
&lt;/div&gt;&lt;/div&gt;
&lt;p&gt;to:&lt;/p&gt;
&lt;div class="code panel" style="border-width: 1px;"&gt;&lt;div class="codeContent panelContent"&gt;
&lt;pre class="code-java"&gt;
        &lt;span class="code-keyword"&gt;final&lt;/span&gt; FileBasedConfigurationBuilder&amp;lt;PropertiesConfiguration&amp;gt; builder = 
            &lt;span class="code-keyword"&gt;new&lt;/span&gt; FileBasedConfigurationBuilder&amp;lt;&amp;gt;(PropertiesConfiguration.class)
                .configure(&lt;span class="code-keyword"&gt;new&lt;/span&gt; FileBasedBuilderParametersImpl()
                .setURL(url, &lt;span class="code-keyword"&gt;new&lt;/span&gt; URLConnectionOptions().setUseCaches(&lt;span class="code-keyword"&gt;false&lt;/span&gt;)));
&lt;/pre&gt;
&lt;/div&gt;&lt;/div&gt;
&lt;p&gt;Note the use of &lt;tt&gt;FileBasedBuilderProperties&lt;/tt&gt;'s&lt;br/&gt;
 &lt;tt&gt;setURL(URL, URLConnectionOptions)&lt;/tt&gt; &lt;br/&gt;
 instead of &lt;br/&gt;
 &lt;tt&gt;setURL(URL)&lt;/tt&gt;&lt;/p&gt;</comment>
                            <comment id="17213080" author="jansohn" created="Tue, 13 Oct 2020 12:04:57 +0000">&lt;p&gt;Thanks for investigating and fixing!&lt;/p&gt;</comment>
                    </comments>
                    <attachments>
                    </attachments>
                <subtasks>
                    </subtasks>
                <customfields>
                                                                                                                                                                                                                                                                                                                                                                                                                                                                                                                                                                                                                                                                                                                    <customfield id="customfield_12314020" key="com.atlassian.jira.plugins.jira-development-integration-plugin:devsummary">
                        <customfieldname>Development</customfieldname>
                        <customfieldvalues>
                            
                        </customfieldvalues>
                    </customfield>
                                                                                                                        <customfield id="customfield_12313422" key="com.atlassian.jirafisheyeplugin:jobcheckbox">
                        <customfieldname>Enable Automatic Patch Review</customfieldname>
                        <customfieldvalues>
                            <customfieldvalue>false</customfieldvalue>

                        </customfieldvalues>
                    </customfield>
                                                                                                                                                                                                                                                                                                                                                                                                                                                                                                                                                                                                                                                <customfield id="customfield_12310420" key="com.pyxis.greenhopper.jira:gh-global-rank">
                        <customfieldname>Global Rank</customfieldname>
                        <customfieldvalues>
                            <customfieldvalue>9223372036854775807</customfieldvalue>
                        </customfieldvalues>
                    </customfield>
                                                                                                                                                                                                                                                                                                                                                                                                                                                                        <customfield id="customfield_12311820" key="com.pyxis.greenhopper.jira:gh-lexo-rank">
                        <customfieldname>Rank</customfieldname>
                        <customfieldvalues>
                            <customfieldvalue>0|z0jiow:</customfieldvalue>

                        </customfieldvalues>
                    </customfield>
                                                                <customfield id="customfield_12310920" key="com.pyxis.greenhopper.jira:gh-global-rank">
                        <customfieldname>Rank (Obsolete)</customfieldname>
                        <customfieldvalues>
                            <customfieldvalue>9223372036854775807</customfieldvalue>
                        </customfieldvalues>
                    </customfield>
                                                                                                                                                                                                                                                                                                                                                                                                                                                                                                                                                                                                                                                                                                                                                                                            </customfields>
    </item>


</channel>
</rss>