<rss version="0.92">
    <channel>
        <title>ASF JIRA</title>
        <link>https://issues.apache.org/jira/issues/?jql=project+%3D+CONFIGURATION+and+type+%3D+bug+and+%28status+%3D+RESOLVED+or+status+%3D+closed%29+and+resolution+%3D+Fixed+and+fixVersion+%21%3D+None++and+affectedVersion+%21%3D+None++and+affectedVersion+%21%3D+%22Nightly+Build%22</link>
        <description>An XML representation of a search request</description>
                <language>en-uk</language>
                        <issue start="0" end="213" total="213" />
                <build-info>
            <version>8.20.1</version>
            <build-number>820001</build-number>
            <build-date>28-10-2021</build-date>
        </build-info>

<item>
            <title>[CONFIGURATION-392] OSGI import requires ant.taskdef and javax.mail</title>
                <link>https://issues.apache.org/jira/browse/CONFIGURATION-392</link>
                <project id="12310467" key="CONFIGURATION">Commons Configuration</project>
                    <description>&lt;p&gt;In the Manifest the OSGI Import-Package states, that commons configuration depends on org.apache.tools.ant.taskdefs and on javax.mail: &lt;/p&gt;

&lt;p&gt;Import-Package: javax.mail.internet,javax.naming,javax.servlet,javax.s&lt;br/&gt;
 ql,javax.xml.parsers,javax.xml.transform,javax.xml.transform.dom,java&lt;br/&gt;
 x.xml.transform.stream,org.apache.commons.beanutils,org.apache.common&lt;br/&gt;
 s.codec.binary,org.apache.commons.collections,org.apache.commons.coll&lt;br/&gt;
 ections.iterators,org.apache.commons.collections.map,org.apache.commo&lt;br/&gt;
 ns.collections.set,org.apache.commons.configuration;version="1.6",org&lt;br/&gt;
 .apache.commons.configuration.beanutils;version="1.6",org.apache.comm&lt;br/&gt;
 ons.configuration.event;version="1.6",org.apache.commons.configuratio&lt;br/&gt;
 n.interpol;version="1.6",org.apache.commons.configuration.plist;versi&lt;br/&gt;
 on="1.6",org.apache.commons.configuration.reloading;version="1.6",org&lt;br/&gt;
 .apache.commons.configuration.tree;version="1.6",org.apache.commons.c&lt;br/&gt;
 onfiguration.tree.xpath;version="1.6",org.apache.commons.configuratio&lt;br/&gt;
 n.web;version="1.6",org.apache.commons.digester,org.apache.commons.di&lt;br/&gt;
 gester.substitution,org.apache.commons.digester.xmlrules,org.apache.c&lt;br/&gt;
 ommons.jxpath,org.apache.commons.jxpath.ri,org.apache.commons.jxpath.&lt;br/&gt;
 ri.compiler,org.apache.commons.jxpath.ri.model,org.apache.commons.lan&lt;br/&gt;
 g,org.apache.commons.lang.exception,org.apache.commons.lang.text,org.&lt;br/&gt;
 apache.commons.logging,org.apache.commons.logging.impl,org.apache.too&lt;br/&gt;
 ls.ant.taskdefs,org.w3c.dom,org.xml.sax,org.xml.sax.helpers&lt;/p&gt;

&lt;p&gt;As result of this, when developing RCP application and using commons configuration as OSGI bundle, the built client needs the ant bundle (and a bundle providing javax.mail) in the execution runtime!&lt;/p&gt;

&lt;p&gt;The worst thing is, that it looks like that ant is not even used within commons configuration itself - except for a javadoc comment which actually does not need an import (EnvironmentConfiguration).&lt;/p&gt;

&lt;p&gt;javax.mail cannot be found at all in the sources.&lt;/p&gt;

&lt;p&gt;In addition to that, also the imports to jxpath, SAX and javax.naming should be optional as those are only needed for specific configurations.&lt;/p&gt;</description>
                <environment>&lt;p&gt;OSGI&lt;/p&gt;</environment>
        <key id="12432980">CONFIGURATION-392</key>
            <summary>OSGI import requires ant.taskdef and javax.mail</summary>
                <type id="1" iconUrl="https://issues.apache.org/jira/secure/viewavatar?size=xsmall&amp;avatarId=21133&amp;avatarType=issuetype">Bug</type>
                                            <priority id="3" iconUrl="https://issues.apache.org/jira/images/icons/priorities/major.svg">Major</priority>
                        <status id="6" iconUrl="https://issues.apache.org/jira/images/icons/statuses/closed.png" description="The issue is considered finished, the resolution is correct. Issues which are not closed can be reopened.">Closed</status>
                    <statusCategory id="3" key="done" colorName="green" />
                                    <resolution id="1">Fixed</resolution>
                                        <assignee username="-1">Unassigned</assignee>
                                    <reporter username="mattin">Martin Heitz</reporter>
                        <labels>
                    </labels>
                <created>Thu, 13 Aug 2009 12:02:18 +0000</created>
                <updated>Mon, 30 Jul 2012 20:12:43 +0000</updated>
                            <resolved>Mon, 30 Jul 2012 20:12:26 +0000</resolved>
                                    <version>1.6</version>
                                    <fixVersion>1.8</fixVersion>
                                    <component>Build</component>
                        <due />
                            <votes>2</votes>
                                    <watches>2</watches>
                                    <timeoriginalestimate seconds="2700">0.75h</timeoriginalestimate>
                            <timeestimate seconds="2700">0.75h</timeestimate>
                                        <comments>
                            <comment id="12743367" author="oliver.heger@t-online.de" created="Fri, 14 Aug 2009 19:10:09 +0000">&lt;p&gt;Ant is used by &lt;tt&gt;EnvironmentConfiguration&lt;/tt&gt; to access environment variables on Java versions before 1.5. The mail API is used by unit tests for &lt;tt&gt;DataConfiguration&lt;/tt&gt;, therefore it is declared with test scope in the pom.&lt;/p&gt;

&lt;p&gt;The OSGi directives are created by the maven build. The configuration for this is inherited from the commons-parent pom. I wonder why packages that have been included with scope=test are added to the imports header. I guess, it is possible to override the configuration of the maven bundle plug-in, but what would be the best strategy for handling optional dependencies?&lt;/p&gt;

&lt;p&gt;Hopefully one of our OSGi experts can comment on this?&lt;/p&gt;</comment>
                            <comment id="12743394" author="joehni" created="Fri, 14 Aug 2009 19:52:49 +0000">&lt;p&gt;We may upgrade the bundle plugin to version 2.0.0. That one definitely does not export test scope dependencies.&lt;/p&gt;</comment>
                            <comment id="12994871" author="epabst" created="Tue, 15 Feb 2011 16:37:54 +0000">&lt;p&gt;This is causing pain.  Please resolve this.  It is not difficult.&lt;/p&gt;</comment>
                            <comment id="13425181" author="oliver.heger@t-online.de" created="Mon, 30 Jul 2012 20:12:26 +0000">&lt;p&gt;The OSGi manifest in version 1.8 does no longer list these dependencies.&lt;/p&gt;</comment>
                    </comments>
                    <attachments>
                    </attachments>
                <subtasks>
                    </subtasks>
                <customfields>
                                                                                                                                                                                                                                                                                                                                                                                                                                                                                                                                                                                                                                                                                                                    <customfield id="customfield_12314020" key="com.atlassian.jira.plugins.jira-development-integration-plugin:devsummary">
                        <customfieldname>Development</customfieldname>
                        <customfieldvalues>
                            
                        </customfieldvalues>
                    </customfield>
                                                                                                                        <customfield id="customfield_12313422" key="com.atlassian.jirafisheyeplugin:jobcheckbox">
                        <customfieldname>Enable Automatic Patch Review</customfieldname>
                        <customfieldvalues>
                            <customfieldvalue>false</customfieldvalue>

                        </customfieldvalues>
                    </customfield>
                                                                                                                                                                                                                                                                                                                                                                                                                                                                                                                                                                                                                                                <customfield id="customfield_12310420" key="com.pyxis.greenhopper.jira:gh-global-rank">
                        <customfieldname>Global Rank</customfieldname>
                        <customfieldvalues>
                            <customfieldvalue>110855</customfieldvalue>
                        </customfieldvalues>
                    </customfield>
                                                                                                                                                                                                                                                                                                                                                                                                                                                                        <customfield id="customfield_12311820" key="com.pyxis.greenhopper.jira:gh-lexo-rank">
                        <customfieldname>Rank</customfieldname>
                        <customfieldvalues>
                            <customfieldvalue>0|i0up5z:</customfieldvalue>

                        </customfieldvalues>
                    </customfield>
                                                                <customfield id="customfield_12310920" key="com.pyxis.greenhopper.jira:gh-global-rank">
                        <customfieldname>Rank (Obsolete)</customfieldname>
                        <customfieldvalues>
                            <customfieldvalue>177218</customfieldvalue>
                        </customfieldvalues>
                    </customfield>
                                                                                                                                                                                                                                                                                                                                                                                                                                                                                                                                                                                                                                                                                                                                                                                            </customfields>
    </item>


</channel>
</rss>