<rss version="0.92">
    <channel>
        <title>ASF JIRA</title>
        <link>https://issues.apache.org/jira/issues/?jql=project+%3D+CONFIGURATION+and+type+%3D+bug+and+%28status+%3D+RESOLVED+or+status+%3D+closed%29+and+resolution+%3D+Fixed+and+fixVersion+%21%3D+None++and+affectedVersion+%21%3D+None++and+affectedVersion+%21%3D+%22Nightly+Build%22</link>
        <description>An XML representation of a search request</description>
                <language>en-uk</language>
                        <issue start="0" end="213" total="213" />
                <build-info>
            <version>8.20.1</version>
            <build-number>820001</build-number>
            <build-date>28-10-2021</build-date>
        </build-info>

<item>
            <title>[CONFIGURATION-362] XMLPropertyListConfiguration doesn't handle empty dictionary correctly</title>
                <link>https://issues.apache.org/jira/browse/CONFIGURATION-362</link>
                <project id="12310467" key="CONFIGURATION">Commons Configuration</project>
                    <description>&lt;p&gt;Empty "dict" elements are not handled properly.   During printing of a configuration, configuration nodes that have no children and no value are assumed to be "strings" (see XMLPropertyListConfiguration.java:printValue()'s last "else" clause).   &amp;lt;dict/&amp;gt; is parsed in such a way (see startElement() and endElement() of that same file) that it ends up creating a configuration node with no children and no value.  Thus printing out a parsed property list will print &amp;lt;string&amp;gt;null&amp;lt;/string&amp;gt; everywhere an empty dictionary was in the input.&lt;/p&gt;</description>
                <environment>&lt;p&gt;Mac OS X 10.5.6  JDK 1.5&lt;/p&gt;</environment>
        <key id="12413825">CONFIGURATION-362</key>
            <summary>XMLPropertyListConfiguration doesn't handle empty dictionary correctly</summary>
                <type id="1" iconUrl="https://issues.apache.org/jira/secure/viewavatar?size=xsmall&amp;avatarId=21133&amp;avatarType=issuetype">Bug</type>
                                            <priority id="3" iconUrl="https://issues.apache.org/jira/images/icons/priorities/major.svg">Major</priority>
                        <status id="6" iconUrl="https://issues.apache.org/jira/images/icons/statuses/closed.png" description="The issue is considered finished, the resolution is correct. Issues which are not closed can be reopened.">Closed</status>
                    <statusCategory id="3" key="done" colorName="green" />
                                    <resolution id="1">Fixed</resolution>
                                        <assignee username="ebourg">Emmanuel Bourg</assignee>
                                    <reporter username="travellingman">Kent McPhee</reporter>
                        <labels>
                    </labels>
                <created>Mon, 2 Feb 2009 23:25:52 +0000</created>
                <updated>Thu, 8 Sep 2011 09:20:14 +0000</updated>
                            <resolved>Sun, 21 Jun 2009 17:38:14 +0000</resolved>
                                    <version>1.6</version>
                                    <fixVersion>1.7</fixVersion>
                                        <due />
                            <votes>0</votes>
                                    <watches>0</watches>
                                                                <comments>
                            <comment id="12669799" author="travellingman" created="Mon, 2 Feb 2009 23:32:02 +0000">&lt;p&gt;Suggestion for a quick fix is to change the assumption that no value and no children means empty dict, not a string.&lt;/p&gt;

&lt;p&gt;Longer term it would probably be best to make a PListNode subclass for &amp;lt;dict&amp;gt; elements similar to the ArrayNode for &amp;lt;array&amp;gt; elements.  Or perhaps use a Map in some clever way as I see that there is support for Map objects in printValue() already.&lt;/p&gt;

&lt;p&gt;Anyone with more familiarity with the code and the types of input it has to deal with care to comment?&lt;/p&gt;</comment>
                            <comment id="12671489" author="oliver.heger@t-online.de" created="Sat, 7 Feb 2009 16:51:05 +0000">&lt;p&gt;The author of XMLPropertyListConfiguration is currently not active on the mailing list, but hopefully he will join again. So I would recommend giving him some time to comment.&lt;/p&gt;

&lt;p&gt;Unfortunately I do not use this class and have no knowledge of the plist format, so I won't be of great help in solving this problem.&lt;/p&gt;</comment>
                            <comment id="12721767" author="ebourg" created="Fri, 19 Jun 2009 12:35:17 +0000">&lt;p&gt;I got a look at the issue, it doesn't seem specific to the dict element. I observed the same behavior with &amp;lt;date/&amp;gt;. The &amp;lt;data/&amp;gt; and &amp;lt;array/&amp;gt; elements are ok, but &amp;lt;real/&amp;gt; and &amp;lt;integer/&amp;gt; cause an exception.&lt;/p&gt;

&lt;p&gt;I think the solution is to save the type of the data in the PListNode when the configuration is parsed, and use this type to determine how to format the value when it's null.&lt;/p&gt;</comment>
                            <comment id="12721771" author="ebourg" created="Fri, 19 Jun 2009 12:50:37 +0000">&lt;p&gt;Also, &amp;lt;string/&amp;gt; is turned into &amp;lt;string&amp;gt;&amp;lt;/string&amp;gt;, which is incorrect.&lt;/p&gt;</comment>
                            <comment id="12721779" author="ebourg" created="Fri, 19 Jun 2009 13:21:20 +0000">&lt;p&gt;Actually the issue with the string element can't be fixed. The XML parser can't make the difference between &amp;lt;string/&amp;gt; and &amp;lt;string&amp;gt;&amp;lt;/string&amp;gt; unless we play with the xsi:nil attribute. We have to assume it's either a null string or an empty string. I'll stick to the later.&lt;/p&gt;</comment>
                            <comment id="12722389" author="ebourg" created="Sun, 21 Jun 2009 17:38:03 +0000">&lt;p&gt;I fixed the issue for the dictionary, there was also a similar issue with the non XML plist configuration. I haven't found an elegant solution to solve the issue with the empty date, the best I could do was to turn it into &amp;lt;string/&amp;gt; instead of &amp;lt;string&amp;gt;null&amp;lt;/string&amp;gt;. Empty real and integer are just errors, so I'll not change the exception.&lt;/p&gt;</comment>
                    </comments>
                    <attachments>
                    </attachments>
                <subtasks>
                    </subtasks>
                <customfields>
                                                                                                                                                                                                                                                                                                                                                                                                                                                                                                                                                                                                                                                                                                                    <customfield id="customfield_12314020" key="com.atlassian.jira.plugins.jira-development-integration-plugin:devsummary">
                        <customfieldname>Development</customfieldname>
                        <customfieldvalues>
                            
                        </customfieldvalues>
                    </customfield>
                                                                                                                        <customfield id="customfield_12313422" key="com.atlassian.jirafisheyeplugin:jobcheckbox">
                        <customfieldname>Enable Automatic Patch Review</customfieldname>
                        <customfieldvalues>
                            <customfieldvalue>false</customfieldvalue>

                        </customfieldvalues>
                    </customfield>
                                                                                                                                                                                                                                                                                                                                                                                                                                                                                                                                                                                                                                                <customfield id="customfield_12310420" key="com.pyxis.greenhopper.jira:gh-global-rank">
                        <customfieldname>Global Rank</customfieldname>
                        <customfieldvalues>
                            <customfieldvalue>33866</customfieldvalue>
                        </customfieldvalues>
                    </customfield>
                                                                                                                                                                                                                                                                                                                                                                                                                                                                        <customfield id="customfield_12311820" key="com.pyxis.greenhopper.jira:gh-lexo-rank">
                        <customfieldname>Rank</customfieldname>
                        <customfieldvalues>
                            <customfieldvalue>0|i0uopr:</customfieldvalue>

                        </customfieldvalues>
                    </customfield>
                                                                <customfield id="customfield_12310920" key="com.pyxis.greenhopper.jira:gh-global-rank">
                        <customfieldname>Rank (Obsolete)</customfieldname>
                        <customfieldvalues>
                            <customfieldvalue>177145</customfieldvalue>
                        </customfieldvalues>
                    </customfield>
                                                                                                                                                                                                                                                                                                                                                                                                                                                                                                                                                                                                                                                                                                                                                                                            </customfields>
    </item>


</channel>
</rss>