<rss version="0.92">
    <channel>
        <title>ASF JIRA</title>
        <link>https://issues.apache.org/jira/issues/?jql=project+%3D+CONFIGURATION+and+type+%3D+bug+and+%28status+%3D+RESOLVED+or+status+%3D+closed%29+and+resolution+%3D+Fixed+and+fixVersion+%21%3D+None++and+affectedVersion+%21%3D+None++and+affectedVersion+%21%3D+%22Nightly+Build%22</link>
        <description>An XML representation of a search request</description>
                <language>en-uk</language>
                        <issue start="0" end="213" total="213" />
                <build-info>
            <version>8.20.1</version>
            <build-number>820001</build-number>
            <build-date>28-10-2021</build-date>
        </build-info>

<item>
            <title>[CONFIGURATION-233] Incomplete interpolation in CompositeConfiguration.getList()</title>
                <link>https://issues.apache.org/jira/browse/CONFIGURATION-233</link>
                <project id="12310467" key="CONFIGURATION">Commons Configuration</project>
                    <description>&lt;p&gt;Interpolsation is mostly done by AbstractConfiguration. All classes that override get methods of AbstractConfiguration need to be careful not to break interpolsation.&lt;/p&gt;

&lt;p&gt;The class CompositeConfiguration overrides getList() to easily chain the results of getList for its subconfigurations. The calls to getList() in the subconfigurations does interpolsation but only inside the subconfiguration. The combined lists never get interpolated in the whole CompositeConfiguration. So whenever a reference in the value refers to a property in another subconfiguration, interpolation breaks.&lt;/p&gt;

&lt;p&gt;Since all the scalar get methods correctly interpolate between different sub configurations, I assume, that this special behavior in getList() is not intended.&lt;/p&gt;

&lt;p&gt;A simple test case would be using the ConfigurationFactory with a config.xml, that uses two property files x.properties:&lt;/p&gt;

&lt;p&gt;x.1=a&lt;br/&gt;
x.2=b&lt;/p&gt;

&lt;p&gt;and y.properties:&lt;/p&gt;

&lt;p&gt;y=${x.1}, ${x.2}&lt;/p&gt;

&lt;p&gt;and then calling getList for the key "y".&lt;/p&gt;

&lt;p&gt;The attached patch fixes the problem locally in CompositeConfiguration. It's not very elegant, but tries to keep the fix local.&lt;br/&gt;
The patch should work for 1.2, 1.3 and trunk, since getList() in CompositeConfiguration ist the same in these versions.&lt;/p&gt;</description>
                <environment>&lt;p&gt;Any.&lt;/p&gt;</environment>
        <key id="12353756">CONFIGURATION-233</key>
            <summary>Incomplete interpolation in CompositeConfiguration.getList()</summary>
                <type id="1" iconUrl="https://issues.apache.org/jira/secure/viewavatar?size=xsmall&amp;avatarId=21133&amp;avatarType=issuetype">Bug</type>
                                            <priority id="3" iconUrl="https://issues.apache.org/jira/images/icons/priorities/major.svg">Major</priority>
                        <status id="6" iconUrl="https://issues.apache.org/jira/images/icons/statuses/closed.png" description="The issue is considered finished, the resolution is correct. Issues which are not closed can be reopened.">Closed</status>
                    <statusCategory id="3" key="done" colorName="green" />
                                    <resolution id="1">Fixed</resolution>
                                        <assignee username="-1">Unassigned</assignee>
                                    <reporter username="rjung">Rainer Jung</reporter>
                        <labels>
                    </labels>
                <created>Sat, 21 Oct 2006 18:16:07 +0000</created>
                <updated>Sat, 22 Aug 2009 19:36:44 +0000</updated>
                            <resolved>Sat, 28 Oct 2006 15:11:24 +0000</resolved>
                                    <version>1.3</version>
                                    <fixVersion>1.4</fixVersion>
                                        <due />
                            <votes>0</votes>
                                    <watches>0</watches>
                                                                <comments>
                            <comment id="12444473" author="oliver.heger@t-online.de" created="Tue, 24 Oct 2006 19:49:20 +0000">&lt;p&gt;You are right, this is a bug.&lt;/p&gt;

&lt;p&gt;Your patch looks good. I hope I find some time soon to write a unit test and to apply it.&lt;/p&gt;

&lt;p&gt;Thanks for spotting this!&lt;/p&gt;</comment>
                            <comment id="12445384" author="oliver.heger@t-online.de" created="Sat, 28 Oct 2006 15:11:24 +0000">&lt;p&gt;Patch applied. Thanks!&lt;/p&gt;</comment>
                    </comments>
                    <attachments>
                            <attachment id="12343431" name="commons-configuration_1_3_patch.txt" size="956" author="rjung" created="Sat, 21 Oct 2006 18:29:46 +0000" />
                    </attachments>
                <subtasks>
                    </subtasks>
                <customfields>
                                                                                                                                                                                                                                                                                                                                                                                                                                                                                                                                                                                                                                                                                                                    <customfield id="customfield_12314020" key="com.atlassian.jira.plugins.jira-development-integration-plugin:devsummary">
                        <customfieldname>Development</customfieldname>
                        <customfieldvalues>
                            
                        </customfieldvalues>
                    </customfield>
                                                                                                                        <customfield id="customfield_12313422" key="com.atlassian.jirafisheyeplugin:jobcheckbox">
                        <customfieldname>Enable Automatic Patch Review</customfieldname>
                        <customfieldvalues>
                            <customfieldvalue>false</customfieldvalue>

                        </customfieldvalues>
                    </customfield>
                                                                                                                                                                                                                                                                                                                                                                                                                                                                                                                                                                                                                                                <customfield id="customfield_12310420" key="com.pyxis.greenhopper.jira:gh-global-rank">
                        <customfieldname>Global Rank</customfieldname>
                        <customfieldvalues>
                            <customfieldvalue>33957</customfieldvalue>
                        </customfieldvalues>
                    </customfield>
                                                                                                                                                                                                                                                                                                                                                                                                                                                                        <customfield id="customfield_12311820" key="com.pyxis.greenhopper.jira:gh-lexo-rank">
                        <customfieldname>Rank</customfieldname>
                        <customfieldvalues>
                            <customfieldvalue>0|i0l78n:</customfieldvalue>

                        </customfieldvalues>
                    </customfield>
                                                                <customfield id="customfield_12310920" key="com.pyxis.greenhopper.jira:gh-global-rank">
                        <customfieldname>Rank (Obsolete)</customfieldname>
                        <customfieldvalues>
                            <customfieldvalue>121823</customfieldvalue>
                        </customfieldvalues>
                    </customfield>
                                                                                                                                                                                                                                                                                                                                                                                                                                                                                                                                                                                                                                                                                                                                                                                            </customfields>
    </item>


</channel>
</rss>