<rss version="0.92">
    <channel>
        <title>ASF JIRA</title>
        <link>https://issues.apache.org/jira/issues/?jql=project+%3D+CONFIGURATION+and+type+%3D+bug+and+%28status+%3D+RESOLVED+or+status+%3D+closed%29+and+resolution+%3D+Fixed+and+fixVersion+%21%3D+None++and+affectedVersion+%21%3D+None++and+affectedVersion+%21%3D+%22Nightly+Build%22</link>
        <description>An XML representation of a search request</description>
                <language>en-uk</language>
                        <issue start="0" end="213" total="213" />
                <build-info>
            <version>8.20.1</version>
            <build-number>820001</build-number>
            <build-date>28-10-2021</build-date>
        </build-info>

<item>
            <title>[CONFIGURATION-265] XMLConfiguration with setAutoSave(true) doesn't save if SubnodeConfiguration is changed</title>
                <link>https://issues.apache.org/jira/browse/CONFIGURATION-265</link>
                <project id="12310467" key="CONFIGURATION">Commons Configuration</project>
                    <description>&lt;p&gt;config.xml file&lt;br/&gt;
&amp;lt;conf&amp;gt;&lt;br/&gt;
    &amp;lt;parent-item&amp;gt;&lt;br/&gt;
        &amp;lt;sub-item&amp;gt;old_value&amp;lt;/sub-item&amp;gt;&lt;br/&gt;
    &amp;lt;/parent-item&amp;gt;&lt;br/&gt;
&amp;lt;/conf&amp;gt;&lt;/p&gt;

&lt;p&gt;The problem can be reproduced as follows: &lt;/p&gt;

&lt;p&gt; 1 XMLConfiguration config = new XMLConfiguration("c:&lt;br class="atl-forced-newline" /&gt;conf.xml"); &lt;br/&gt;
 2 config.setAutoSave(true) ;&lt;br/&gt;
 3 SubnodeConfiguration parentItemConfig = config.configurationAt("parent-item"); &lt;br/&gt;
 4 parentItemConfig.setProperty("sub-item","new_value");&lt;br/&gt;
 5. System.out.println(config.getString("parent-item.sub-item");  // will print new_value&lt;br/&gt;
 // if you look at the config.xml sub-item still has old_value&lt;/p&gt;

&lt;p&gt; // also if you try to do &lt;br/&gt;
 5 XMLConfiguration config2 = new XMLConfiguration("c:&lt;br class="atl-forced-newline" /&gt;conf.xml");&lt;br/&gt;
 6. System.out.println(config2.getString("parent-item.sub-item");  // will print old_value&lt;/p&gt;</description>
                <environment />
        <key id="12367337">CONFIGURATION-265</key>
            <summary>XMLConfiguration with setAutoSave(true) doesn't save if SubnodeConfiguration is changed</summary>
                <type id="1" iconUrl="https://issues.apache.org/jira/secure/viewavatar?size=xsmall&amp;avatarId=21133&amp;avatarType=issuetype">Bug</type>
                                            <priority id="3" iconUrl="https://issues.apache.org/jira/images/icons/priorities/major.svg">Major</priority>
                        <status id="6" iconUrl="https://issues.apache.org/jira/images/icons/statuses/closed.png" description="The issue is considered finished, the resolution is correct. Issues which are not closed can be reopened.">Closed</status>
                    <statusCategory id="3" key="done" colorName="green" />
                                    <resolution id="1">Fixed</resolution>
                                        <assignee username="oheger">Oliver Heger</assignee>
                                    <reporter username="irina">Irina Fridkina</reporter>
                        <labels>
                    </labels>
                <created>Tue, 17 Apr 2007 00:06:51 +0000</created>
                <updated>Sat, 22 Aug 2009 19:36:48 +0000</updated>
                            <resolved>Sun, 22 Apr 2007 18:59:05 +0000</resolved>
                                    <version>1.4</version>
                                    <fixVersion>1.5</fixVersion>
                                        <due />
                            <votes>0</votes>
                                    <watches>0</watches>
                                                                <comments>
                            <comment id="12490649" author="oliver.heger@t-online.de" created="Sat, 21 Apr 2007 19:28:35 +0000">&lt;p&gt;This is indeed a bug, updates in the subnode configuration do not trigger the parent's auto-save mechanism.&lt;/p&gt;

&lt;p&gt;To be consequent, these updates should then also generate change events for the parent configuration. However this will be problematic because we cannot simply transform the configuration key used by the subnode configuration into the namespace of the parent (the expression engines do not provide this functionality at the moment).  So the only chance I see is to introduce a new event type EVENT_SUBNODE_CHANGED. The properties of this event type can contain all available information about the change.&lt;/p&gt;

&lt;p&gt;In the next major release we can extend the interface for the expression engines to work around this limitation.&lt;/p&gt;</comment>
                            <comment id="12490748" author="oliver.heger@t-online.de" created="Sun, 22 Apr 2007 18:59:05 +0000">&lt;p&gt;A fix was applied for triggering the auto-save mechanism for changes at a subnode configuration. There is now also the new event type EVENT_SUBNODE_CHANGED that is fired in such a case.&lt;/p&gt;</comment>
                    </comments>
                    <attachments>
                    </attachments>
                <subtasks>
                    </subtasks>
                <customfields>
                                                                                                                                                                                                                                                                                                                                                                                                                                                                                                                                                                                                                                                                                                                    <customfield id="customfield_12314020" key="com.atlassian.jira.plugins.jira-development-integration-plugin:devsummary">
                        <customfieldname>Development</customfieldname>
                        <customfieldvalues>
                            
                        </customfieldvalues>
                    </customfield>
                                                                                                                        <customfield id="customfield_12313422" key="com.atlassian.jirafisheyeplugin:jobcheckbox">
                        <customfieldname>Enable Automatic Patch Review</customfieldname>
                        <customfieldvalues>
                            <customfieldvalue>false</customfieldvalue>

                        </customfieldvalues>
                    </customfield>
                                                                                                                                                                                                                                                                                                                                                                                                                                                                                                                                                                                                                                                <customfield id="customfield_12310420" key="com.pyxis.greenhopper.jira:gh-global-rank">
                        <customfieldname>Global Rank</customfieldname>
                        <customfieldvalues>
                            <customfieldvalue>33969</customfieldvalue>
                        </customfieldvalues>
                    </customfield>
                                                                                                                                                                                                                                                                                                                                                                                                                                                                        <customfield id="customfield_12311820" key="com.pyxis.greenhopper.jira:gh-lexo-rank">
                        <customfieldname>Rank</customfieldname>
                        <customfieldvalues>
                            <customfieldvalue>0|i0upmn:</customfieldvalue>

                        </customfieldvalues>
                    </customfield>
                                                                <customfield id="customfield_12310920" key="com.pyxis.greenhopper.jira:gh-global-rank">
                        <customfieldname>Rank (Obsolete)</customfieldname>
                        <customfieldvalues>
                            <customfieldvalue>177293</customfieldvalue>
                        </customfieldvalues>
                    </customfield>
                                                                                                                                                                                                                                                                                                                                                                                                                                                                                                                                                                                                                                                                                                                                                                                            </customfields>
    </item>


</channel>
</rss>