<rss version="0.92">
    <channel>
        <title>ASF JIRA</title>
        <link>https://issues.apache.org/jira/issues/?jql=project+%3D+CONFIGURATION+and+type+%3D+bug+and+%28status+%3D+RESOLVED+or+status+%3D+closed%29+and+resolution+%3D+Fixed+and+fixVersion+%21%3D+None++and+affectedVersion+%21%3D+None++and+affectedVersion+%21%3D+%22Nightly+Build%22</link>
        <description>An XML representation of a search request</description>
                <language>en-uk</language>
                        <issue start="0" end="213" total="213" />
                <build-info>
            <version>8.20.1</version>
            <build-number>820001</build-number>
            <build-date>28-10-2021</build-date>
        </build-info>

<item>
            <title>[CONFIGURATION-432] ConfugrationConverter treats properties different by type</title>
                <link>https://issues.apache.org/jira/browse/CONFIGURATION-432</link>
                <project id="12310467" key="CONFIGURATION">Commons Configuration</project>
                    <description>&lt;p&gt;The ConfigurationConverter is behaving differently depending on if I added an int or a string to a configuration object.&lt;/p&gt;

&lt;p&gt;Consider the following code:&lt;/p&gt;

&lt;p&gt;01       Configuration confInt = new BaseConfiguration();&lt;br/&gt;
02       Configuration confString = new BaseConfiguration();&lt;br/&gt;
03       confInt.setProperty("port", 80);&lt;br/&gt;
04       confString.setProperty("port", "80");&lt;br/&gt;
05       assertEquals(80, confInt.getInt("port"));&lt;br/&gt;
06       assertEquals(80, confString.getInt("port"));&lt;br/&gt;
07&lt;br/&gt;
08       Properties propString = ConfigurationConverter.getProperties(confString);&lt;br/&gt;
09       assertEquals("80", propString.getProperty("port"));&lt;br/&gt;
10&lt;br/&gt;
11       Properties propInt = ConfigurationConverter.getProperties(confInt);&lt;br/&gt;
12&lt;br/&gt;
13       assertEquals("80", propInt.getProperty("port"));&lt;/p&gt;

&lt;p&gt;As you can see the code is basically duplicated one set uses an int the other set uses a String.  However an exception blows out of line 11.&lt;/p&gt;

&lt;p&gt;'port' doesn't map to a List object: 80, a java.lang.Integer&lt;br/&gt;
org.apache.commons.configuration.ConversionException: 'port' doesn't map to a List object: 80, a java.lang.Integer&lt;br/&gt;
        at org.apache.commons.configuration.AbstractConfiguration.getList(AbstractConfiguration.java:1144)&lt;br/&gt;
        at org.apache.commons.configuration.AbstractConfiguration.getList(AbstractConfiguration.java:1109)&lt;br/&gt;
        at org.apache.commons.configuration.ConfigurationConverter.getProperties(ConfigurationConverter.java:116) &lt;/p&gt;

&lt;p&gt;I interpreted the interface to mean that everything up to and include line 13 would pass.&lt;/p&gt;</description>
                <environment>&lt;p&gt;Linux Ubuntu&lt;/p&gt;</environment>
        <key id="12497402">CONFIGURATION-432</key>
            <summary>ConfugrationConverter treats properties different by type</summary>
                <type id="1" iconUrl="https://issues.apache.org/jira/secure/viewavatar?size=xsmall&amp;avatarId=21133&amp;avatarType=issuetype">Bug</type>
                                            <priority id="3" iconUrl="https://issues.apache.org/jira/images/icons/priorities/major.svg">Major</priority>
                        <status id="6" iconUrl="https://issues.apache.org/jira/images/icons/statuses/closed.png" description="The issue is considered finished, the resolution is correct. Issues which are not closed can be reopened.">Closed</status>
                    <statusCategory id="3" key="done" colorName="green" />
                                    <resolution id="1">Fixed</resolution>
                                        <assignee username="oheger">Oliver Heger</assignee>
                                    <reporter username="mpower@alumni.calpoly.edu">Mike Power</reporter>
                        <labels>
                    </labels>
                <created>Wed, 2 Feb 2011 00:24:09 +0000</created>
                <updated>Thu, 8 Sep 2011 09:20:15 +0000</updated>
                            <resolved>Mon, 7 Feb 2011 21:07:12 +0000</resolved>
                                    <version>1.6</version>
                                    <fixVersion>1.7</fixVersion>
                                    <component>Type conversion</component>
                        <due />
                            <votes>0</votes>
                                    <watches>0</watches>
                                                                <comments>
                            <comment id="12991045" author="oliver.heger@t-online.de" created="Sat, 5 Feb 2011 19:59:26 +0000">&lt;p&gt;The problem actually lies in the &lt;tt&gt;AbstractConfiguration.getList()&lt;/tt&gt; method which is called by &lt;tt&gt;ConfigurationConverter&lt;/tt&gt;. Here Strings are treated in a special way while other data types cause the exception menationend in this report. The method &lt;tt&gt;getStringArray()&lt;/tt&gt; behaves analogously.&lt;/p&gt;</comment>
                            <comment id="12991608" author="oliver.heger@t-online.de" created="Mon, 7 Feb 2011 21:07:12 +0000">&lt;p&gt;A fix was applied in subversion, revision 1068130.&lt;/p&gt;

&lt;p&gt;AbstractConfiguration now has a protected method &lt;tt&gt;isScalarValue()&lt;/tt&gt; which is called by &lt;tt&gt;getList()&lt;/tt&gt; and &lt;tt&gt;getStringArray()&lt;/tt&gt;. If this method returns &lt;b&gt;true&lt;/b&gt;, a list (or an array) with a single element is created with the value transformed to a string. &lt;tt&gt;isScalarValue()&lt;/tt&gt; currently accepts the wrapper types for the primitive data types (e.g. Integer, Double, etc.). If other objects should be treated in the same way, the method can be overridden in a subclass.&lt;/p&gt;

&lt;p&gt;A test case was added for &lt;tt&gt;ConfigurationConverter&lt;/tt&gt; to verify that the changes on &lt;tt&gt;getList()&lt;/tt&gt; solve the problem reported in this issue.&lt;/p&gt;</comment>
                    </comments>
                    <attachments>
                    </attachments>
                <subtasks>
                    </subtasks>
                <customfields>
                                                                                                                                                                                                                                                                                                                                                                                                                                                                                                                                                                                                                                                                                                                    <customfield id="customfield_12314020" key="com.atlassian.jira.plugins.jira-development-integration-plugin:devsummary">
                        <customfieldname>Development</customfieldname>
                        <customfieldvalues>
                            
                        </customfieldvalues>
                    </customfield>
                                                                                                                        <customfield id="customfield_12313422" key="com.atlassian.jirafisheyeplugin:jobcheckbox">
                        <customfieldname>Enable Automatic Patch Review</customfieldname>
                        <customfieldvalues>
                            <customfieldvalue>false</customfieldvalue>

                        </customfieldvalues>
                    </customfield>
                                                                                                                                                                                                                                                                                                                                                                                                                                                                                                                                                                                                                                                <customfield id="customfield_12310420" key="com.pyxis.greenhopper.jira:gh-global-rank">
                        <customfieldname>Global Rank</customfieldname>
                        <customfieldvalues>
                            <customfieldvalue>33874</customfieldvalue>
                        </customfieldvalues>
                    </customfield>
                                                                                                                                                                                                                                                                                                                                                                                                                                                                        <customfield id="customfield_12311820" key="com.pyxis.greenhopper.jira:gh-lexo-rank">
                        <customfieldname>Rank</customfieldname>
                        <customfieldvalues>
                            <customfieldvalue>0|i0uoqn:</customfieldvalue>

                        </customfieldvalues>
                    </customfield>
                                                                <customfield id="customfield_12310920" key="com.pyxis.greenhopper.jira:gh-global-rank">
                        <customfieldname>Rank (Obsolete)</customfieldname>
                        <customfieldvalues>
                            <customfieldvalue>177149</customfieldvalue>
                        </customfieldvalues>
                    </customfield>
                                                                                                                                                                                                                                                                                                                                                                                                                                                                                                                                                                                                                                                                                                                                                                                            </customfields>
    </item>


</channel>
</rss>