<rss version="0.92">
    <channel>
        <title>ASF JIRA</title>
        <link>https://issues.apache.org/jira/issues/?jql=project+%3D+CONFIGURATION+and+type+%3D+bug+and+%28status+%3D+RESOLVED+or+status+%3D+closed%29+and+resolution+%3D+Fixed+and+fixVersion+%21%3D+None++and+affectedVersion+%21%3D+None++and+affectedVersion+%21%3D+%22Nightly+Build%22</link>
        <description>An XML representation of a search request</description>
                <language>en-uk</language>
                        <issue start="0" end="213" total="213" />
                <build-info>
            <version>8.20.1</version>
            <build-number>820001</build-number>
            <build-date>28-10-2021</build-date>
        </build-info>

<item>
            <title>[CONFIGURATION-477] PropertyListConfiguration cannot deal with comments</title>
                <link>https://issues.apache.org/jira/browse/CONFIGURATION-477</link>
                <project id="12310467" key="CONFIGURATION">Commons Configuration</project>
                    <description>&lt;p&gt;According to &lt;a href="http://code.google.com/p/networkpx/wiki/PlistSpec" class="external-link" target="_blank" rel="nofollow noopener"&gt;http://code.google.com/p/networkpx/wiki/PlistSpec&lt;/a&gt; a plist file can contain C-style comments. These are currently not recognized by &lt;tt&gt;PropertyListConfiguration&lt;/tt&gt;.&lt;/p&gt;</description>
                <environment />
        <key id="12540610">CONFIGURATION-477</key>
            <summary>PropertyListConfiguration cannot deal with comments</summary>
                <type id="1" iconUrl="https://issues.apache.org/jira/secure/viewavatar?size=xsmall&amp;avatarId=21133&amp;avatarType=issuetype">Bug</type>
                                            <priority id="3" iconUrl="https://issues.apache.org/jira/images/icons/priorities/major.svg">Major</priority>
                        <status id="6" iconUrl="https://issues.apache.org/jira/images/icons/statuses/closed.png" description="The issue is considered finished, the resolution is correct. Issues which are not closed can be reopened.">Closed</status>
                    <statusCategory id="3" key="done" colorName="green" />
                                    <resolution id="1">Fixed</resolution>
                                        <assignee username="oheger">Oliver Heger</assignee>
                                    <reporter username="oheger">Oliver Heger</reporter>
                        <labels>
                    </labels>
                <created>Tue, 31 Jan 2012 20:56:42 +0000</created>
                <updated>Wed, 22 Aug 2012 18:07:22 +0000</updated>
                            <resolved>Fri, 16 Mar 2012 19:56:42 +0000</resolved>
                                    <version>1.7</version>
                                    <fixVersion>1.9</fixVersion>
                                    <component>Format</component>
                        <due />
                            <votes>0</votes>
                                    <watches>0</watches>
                                                                <comments>
                            <comment id="13212534" author="ebourg" created="Tue, 21 Feb 2012 12:18:15 +0000">&lt;p&gt;The specification I used to implement it didn't mention that comments were allowed.&lt;/p&gt;

&lt;p&gt;&lt;a href="http://www.gnustep.org/resources/documentation/Developer/Base/Reference/NSPropertyList.html" class="external-link" target="_blank" rel="nofollow noopener"&gt;http://www.gnustep.org/resources/documentation/Developer/Base/Reference/NSPropertyList.html&lt;/a&gt;&lt;/p&gt;

&lt;p&gt;I checked the plist parser in the OpenStep code and it does indeed skip C-style comments (both block comments and line comments):&lt;/p&gt;

&lt;div class="code panel" style="border-width: 1px;"&gt;&lt;div class="codeContent panelContent"&gt;
&lt;pre class="code-java"&gt;/*
 *	Property list parsing - skip whitespace keeping count of lines and
 *	regarding objective-c style comments as whitespace.
 *	Returns YES &lt;span class="code-keyword"&gt;if&lt;/span&gt; there is any non-whitespace text remaining.
 */
&lt;span class="code-keyword"&gt;static&lt;/span&gt; BOOL skipSpace(pldata *pld)
{
  unsigned &lt;span class="code-object"&gt;char&lt;/span&gt;	c;

  &lt;span class="code-keyword"&gt;while&lt;/span&gt; (pld-&amp;gt;pos &amp;lt; pld-&amp;gt;end)
    {
      c = pld-&amp;gt;ptr[pld-&amp;gt;pos];

      &lt;span class="code-keyword"&gt;if&lt;/span&gt; (GS_IS_WHITESPACE(c) == NO)
	{
	  &lt;span class="code-keyword"&gt;if&lt;/span&gt; (c == &lt;span class="code-quote"&gt;'/'&lt;/span&gt; &amp;amp;&amp;amp; pld-&amp;gt;pos &amp;lt; pld-&amp;gt;end - 1)
	    {
	      /*
	       * Check &lt;span class="code-keyword"&gt;for&lt;/span&gt; comments beginning &lt;span class="code-quote"&gt;'/'&lt;/span&gt; followed by &lt;span class="code-quote"&gt;'/'&lt;/span&gt; or &lt;span class="code-quote"&gt;'*'&lt;/span&gt;
	       */
	      &lt;span class="code-keyword"&gt;if&lt;/span&gt; (pld-&amp;gt;ptr[pld-&amp;gt;pos + 1] == &lt;span class="code-quote"&gt;'/'&lt;/span&gt;)
		{
		  pld-&amp;gt;pos += 2;
		  &lt;span class="code-keyword"&gt;while&lt;/span&gt; (pld-&amp;gt;pos &amp;lt; pld-&amp;gt;end)
&lt;/pre&gt;
&lt;/div&gt;&lt;/div&gt;</comment>
                            <comment id="13231563" author="oliver.heger@t-online.de" created="Fri, 16 Mar 2012 19:56:42 +0000">&lt;p&gt;Fixed in subversion in revision 1301722.&lt;/p&gt;</comment>
                    </comments>
                    <attachments>
                    </attachments>
                <subtasks>
                    </subtasks>
                <customfields>
                                                                                                                                                                                                                                                                                                                                                                                                                                                                                                                                                                                                                                                                                                                    <customfield id="customfield_12314020" key="com.atlassian.jira.plugins.jira-development-integration-plugin:devsummary">
                        <customfieldname>Development</customfieldname>
                        <customfieldvalues>
                            
                        </customfieldvalues>
                    </customfield>
                                                                                                                        <customfield id="customfield_12313422" key="com.atlassian.jirafisheyeplugin:jobcheckbox">
                        <customfieldname>Enable Automatic Patch Review</customfieldname>
                        <customfieldvalues>
                            <customfieldvalue>false</customfieldvalue>

                        </customfieldvalues>
                    </customfield>
                                                                                                                                                                                                                                                                                                                                                                                                                                                                                                                                                                                                                                                <customfield id="customfield_12310420" key="com.pyxis.greenhopper.jira:gh-global-rank">
                        <customfieldname>Global Rank</customfieldname>
                        <customfieldvalues>
                            <customfieldvalue>226023</customfieldvalue>
                        </customfieldvalues>
                    </customfield>
                                                                                                                                                                                                                                                                                                                                                                                                                                                                        <customfield id="customfield_12311820" key="com.pyxis.greenhopper.jira:gh-lexo-rank">
                        <customfieldname>Rank</customfieldname>
                        <customfieldvalues>
                            <customfieldvalue>0|i0l6lb:</customfieldvalue>

                        </customfieldvalues>
                    </customfield>
                                                                <customfield id="customfield_12310920" key="com.pyxis.greenhopper.jira:gh-global-rank">
                        <customfieldname>Rank (Obsolete)</customfieldname>
                        <customfieldvalues>
                            <customfieldvalue>121718</customfieldvalue>
                        </customfieldvalues>
                    </customfield>
                                                                                                                                                                                                                                                                                                                                                                                                                                                                                                                                                                                                                                                                                                                                                                                            </customfields>
    </item>


</channel>
</rss>