<rss version="0.92">
    <channel>
        <title>ASF JIRA</title>
        <link>https://issues.apache.org/jira/issues/?jql=project+%3D+CONFIGURATION+and+type+%3D+bug+and+%28status+%3D+RESOLVED+or+status+%3D+closed%29+and+resolution+%3D+Fixed+and+fixVersion+%21%3D+None++and+affectedVersion+%21%3D+None++and+affectedVersion+%21%3D+%22Nightly+Build%22</link>
        <description>An XML representation of a search request</description>
                <language>en-uk</language>
                        <issue start="0" end="213" total="213" />
                <build-info>
            <version>8.20.1</version>
            <build-number>820001</build-number>
            <build-date>28-10-2021</build-date>
        </build-info>

<item>
            <title>[CONFIGURATION-523] DefaultConfigurationBuilder is not reloading its base file</title>
                <link>https://issues.apache.org/jira/browse/CONFIGURATION-523</link>
                <project id="12310467" key="CONFIGURATION">Commons Configuration</project>
                    <description>&lt;p&gt;Create a DefaultConfigurationBuilder with this example file master-config.xml :&lt;br/&gt;
&amp;lt;?xml version="1.0" encoding="UTF-8" ?&amp;gt;&lt;/p&gt;

&lt;p&gt;&amp;lt;configuration&amp;gt;&lt;br/&gt;
	&amp;lt;header&amp;gt;&lt;br/&gt;
		&amp;lt;result forceReloadCheck="true"/&amp;gt;&lt;br/&gt;
	&amp;lt;/header&amp;gt;&lt;br/&gt;
	&amp;lt;system/&amp;gt;&lt;br/&gt;
	&amp;lt;override&amp;gt;&lt;br/&gt;
		&amp;lt;properties fileName="webapp-commons.properties"  throwExceptionOnMissing="true"&amp;gt;&lt;br/&gt;
			&amp;lt;reloadingStrategy refreshDelay="1000" config-class="org.apache.commons.configuration.reloading.FileChangedReloadingStrategy"/&amp;gt;		&lt;br/&gt;
		&amp;lt;/properties&amp;gt;&lt;br/&gt;
	&amp;lt;/override&amp;gt;&lt;br/&gt;
&amp;lt;/configuration&amp;gt;&lt;/p&gt;

&lt;p&gt;A modification to "webapp-commons.properties" is well detected and the file is reloaded.&lt;br/&gt;
But if you modify the master-config.xml itself, nothing is reloaded, no event are thrown.&lt;/p&gt;
</description>
                <environment>&lt;p&gt;Windows / Eclipse&lt;/p&gt;</environment>
        <key id="12628454">CONFIGURATION-523</key>
            <summary>DefaultConfigurationBuilder is not reloading its base file</summary>
                <type id="1" iconUrl="https://issues.apache.org/jira/secure/viewavatar?size=xsmall&amp;avatarId=21133&amp;avatarType=issuetype">Bug</type>
                                            <priority id="2" iconUrl="https://issues.apache.org/jira/images/icons/priorities/critical.svg">Critical</priority>
                        <status id="6" iconUrl="https://issues.apache.org/jira/images/icons/statuses/closed.png" description="The issue is considered finished, the resolution is correct. Issues which are not closed can be reopened.">Closed</status>
                    <statusCategory id="3" key="done" colorName="green" />
                                    <resolution id="1">Fixed</resolution>
                                        <assignee username="-1">Unassigned</assignee>
                                    <reporter username="jmcollin92">Jean-Marc</reporter>
                        <labels>
                            <label>DefaultConfigurationBuilder</label>
                            <label>reloading</label>
                    </labels>
                <created>Sun, 20 Jan 2013 09:45:37 +0000</created>
                <updated>Thu, 24 Mar 2016 20:20:56 +0000</updated>
                            <resolved>Thu, 11 Apr 2013 20:17:39 +0000</resolved>
                                    <version>1.9</version>
                                    <fixVersion>2.0</fixVersion>
                                    <component>File reloading</component>
                        <due />
                            <votes>0</votes>
                                    <watches>2</watches>
                                    <timeoriginalestimate seconds="7200">2h</timeoriginalestimate>
                            <timeestimate seconds="7200">2h</timeestimate>
                                        <comments>
                            <comment id="13558293" author="oliver.heger@t-online.de" created="Sun, 20 Jan 2013 16:12:00 +0000">&lt;p&gt;The reloading strategy declared in &lt;tt&gt;master-config.xml&lt;/tt&gt; is associated with the specific child configuration only.&lt;/p&gt;

&lt;p&gt;In order to enable reloading for &lt;tt&gt;DefaultConfigurationBuilder&lt;/tt&gt; itself, you have to set a reloading strategy at the builder object, e.g.:&lt;/p&gt;

&lt;div class="code panel" style="border-width: 1px;"&gt;&lt;div class="codeContent panelContent"&gt;
&lt;pre class="code-java"&gt;DefaultConfigurationBuilder builder = &lt;span class="code-keyword"&gt;new&lt;/span&gt; DefaultConfigurationBuilder();
builder.setFile(masterConfigFile);
builder.setReloadingStrategy(&lt;span class="code-keyword"&gt;new&lt;/span&gt; FileChangedReloadingStrategy());
&lt;/pre&gt;
&lt;/div&gt;&lt;/div&gt;</comment>
                            <comment id="13558457" author="jmcollin92" created="Mon, 21 Jan 2013 00:23:22 +0000">&lt;p&gt;Thank's for your answer. I still try your solution but without success. This don't work (and I can't figure why).&lt;/p&gt;</comment>
                            <comment id="13559105" author="oliver.heger@t-online.de" created="Mon, 21 Jan 2013 21:13:38 +0000">&lt;p&gt;Hm, it seems that the support for reloading the definition file of a &lt;tt&gt;DefaultConfigurationBuilder&lt;/tt&gt; is quite limited. The problem is that a reload check is only performed when a property of a configuration is accessed. But this is typically not the case for a &lt;tt&gt;DefaultConfigurationBuilder&lt;/tt&gt; after it has created its result configuration.&lt;/p&gt;

&lt;p&gt;A workaround may be to query a synthetic property on the builder to manually trigger a reload check. But then you also have to find out whether a reload actually happened and - if so - query the builder for a new configuration.&lt;/p&gt;

&lt;p&gt;That said, there is currently work going on for a version 2.0 of Configuration, and one area which is to be improved is reloading support (see also &lt;a href="https://issues.apache.org/jira/browse/CONFIGURATION-520" title="Rework reloading mechanisms" class="issue-link" data-issue-key="CONFIGURATION-520"&gt;&lt;del&gt;CONFIGURATION-520&lt;/del&gt;&lt;/a&gt;). There is already some code in SVN which allows for periodic, timer-based reload checks. It will also work for a &lt;tt&gt;CombinedConfigurationBuilder&lt;/tt&gt; (which is the replacement for &lt;tt&gt;DefaultConfigurationBuilder&lt;/tt&gt; in 2.0). However, unfortunately, this is all work in progress and still in an early stage.&lt;/p&gt;</comment>
                            <comment id="13559438" author="jmcollin92" created="Tue, 22 Jan 2013 06:58:29 +0000">&lt;p&gt;OK. Thank's for your answer. I will wait the 2.0 and "manually" reload periodically.&lt;/p&gt;</comment>
                            <comment id="13629305" author="oliver.heger@t-online.de" created="Thu, 11 Apr 2013 20:17:39 +0000">&lt;p&gt;In version 2.0, builders for creating configurations have been significantly reworked. The replacement of &lt;tt&gt;DefaultConfigurationBuilder&lt;/tt&gt; - in this case &lt;tt&gt;ReloadingCombinedConfigurationBuilder&lt;/tt&gt; - is capable of detecting changes on its definition file and can trigger reloads automatically. The test suite contains corresponding tests.&lt;/p&gt;</comment>
                    </comments>
                <issuelinks>
                            <issuelinktype id="10030">
                    <name>Reference</name>
                                            <outwardlinks description="relates to">
                                        <issuelink>
            <issuekey id="12625614">CONFIGURATION-520</issuekey>
        </issuelink>
                            </outwardlinks>
                                                        </issuelinktype>
                    </issuelinks>
                <attachments>
                    </attachments>
                <subtasks>
                    </subtasks>
                <customfields>
                                                                                                                                                                                                                                                                                                                                                                                                                                                                                                                                                                                                                                                                                                                    <customfield id="customfield_12314020" key="com.atlassian.jira.plugins.jira-development-integration-plugin:devsummary">
                        <customfieldname>Development</customfieldname>
                        <customfieldvalues>
                            
                        </customfieldvalues>
                    </customfield>
                                                                                                                        <customfield id="customfield_12313422" key="com.atlassian.jirafisheyeplugin:jobcheckbox">
                        <customfieldname>Enable Automatic Patch Review</customfieldname>
                        <customfieldvalues>
                            <customfieldvalue>false</customfieldvalue>

                        </customfieldvalues>
                    </customfield>
                                                                                                                                                                                                                                                                                                                                                                                                                                                                                                                                                                                                                                                <customfield id="customfield_12310420" key="com.pyxis.greenhopper.jira:gh-global-rank">
                        <customfieldname>Global Rank</customfieldname>
                        <customfieldvalues>
                            <customfieldvalue>305608</customfieldvalue>
                        </customfieldvalues>
                    </customfield>
                                                                                                                                                                                                                                                                                                                                                                                                                                                                        <customfield id="customfield_12311820" key="com.pyxis.greenhopper.jira:gh-lexo-rank">
                        <customfieldname>Rank</customfieldname>
                        <customfieldvalues>
                            <customfieldvalue>0|i18fmn:</customfieldvalue>

                        </customfieldvalues>
                    </customfield>
                                                                <customfield id="customfield_12310920" key="com.pyxis.greenhopper.jira:gh-global-rank">
                        <customfieldname>Rank (Obsolete)</customfieldname>
                        <customfieldvalues>
                            <customfieldvalue>257334</customfieldvalue>
                        </customfieldvalues>
                    </customfield>
                                                                                                                                                                                                                                                                                                                                                                                                                                                                                                                                                                                                                                                                                                                                                                                            </customfields>
    </item>


</channel>
</rss>