<rss version="0.92">
    <channel>
        <title>ASF JIRA</title>
        <link>https://issues.apache.org/jira/issues/?jql=project+%3D+CONFIGURATION+and+type+%3D+bug+and+%28status+%3D+RESOLVED+or+status+%3D+closed%29+and+resolution+%3D+Fixed+and+fixVersion+%21%3D+None++and+affectedVersion+%21%3D+None++and+affectedVersion+%21%3D+%22Nightly+Build%22</link>
        <description>An XML representation of a search request</description>
                <language>en-uk</language>
                        <issue start="0" end="213" total="213" />
                <build-info>
            <version>8.20.1</version>
            <build-number>820001</build-number>
            <build-date>28-10-2021</build-date>
        </build-info>

<item>
            <title>[CONFIGURATION-606] Version 2.0-beta1 not published to maven repository as documented</title>
                <link>https://issues.apache.org/jira/browse/CONFIGURATION-606</link>
                <project id="12310467" key="CONFIGURATION">Commons Configuration</project>
                    <description>&lt;p&gt;The webpage at&lt;/p&gt;

&lt;p&gt;&lt;a href="https://commons.apache.org/proper/commons-configuration/dependency-info.html" class="external-link" target="_blank" rel="nofollow noopener"&gt;https://commons.apache.org/proper/commons-configuration/dependency-info.html&lt;/a&gt;&lt;/p&gt;

&lt;p&gt;documents the following maven dependency snippet for version 2.0-beta1, but it does not work since this version has not actually been published to the maven repos:&lt;/p&gt;

&lt;p&gt;&amp;lt;dependency&amp;gt;&lt;br/&gt;
  &amp;lt;groupId&amp;gt;org.apache.commons&amp;lt;/groupId&amp;gt;&lt;br/&gt;
  &amp;lt;artifactId&amp;gt;commons-configuration2&amp;lt;/artifactId&amp;gt;&lt;br/&gt;
  &amp;lt;version&amp;gt;2.0-beta1&amp;lt;/version&amp;gt;&lt;br/&gt;
&amp;lt;/dependency&amp;gt;&lt;/p&gt;

&lt;p&gt;Please consider either correctly publish the jars as documented, or remove this documentation from the website, as it is misleading to users.&lt;/p&gt;</description>
                <environment />
        <key id="12855372">CONFIGURATION-606</key>
            <summary>Version 2.0-beta1 not published to maven repository as documented</summary>
                <type id="1" iconUrl="https://issues.apache.org/jira/secure/viewavatar?size=xsmall&amp;avatarId=21133&amp;avatarType=issuetype">Bug</type>
                                            <priority id="3" iconUrl="https://issues.apache.org/jira/images/icons/priorities/major.svg">Major</priority>
                        <status id="6" iconUrl="https://issues.apache.org/jira/images/icons/statuses/closed.png" description="The issue is considered finished, the resolution is correct. Issues which are not closed can be reopened.">Closed</status>
                    <statusCategory id="3" key="done" colorName="green" />
                                    <resolution id="1">Fixed</resolution>
                                        <assignee username="-1">Unassigned</assignee>
                                    <reporter username="norrisjeremy">Jeremy Norris</reporter>
                        <labels>
                    </labels>
                <created>Tue, 11 Aug 2015 22:19:32 +0000</created>
                <updated>Thu, 24 Mar 2016 20:23:41 +0000</updated>
                            <resolved>Thu, 24 Mar 2016 20:23:41 +0000</resolved>
                                    <version>2.0</version>
                                    <fixVersion>2.0</fixVersion>
                                    <component>Documentation</component>
                        <due />
                            <votes>0</votes>
                                    <watches>2</watches>
                                                                <comments>
                            <comment id="14700105" author="oliver.heger@t-online.de" created="Mon, 17 Aug 2015 19:42:20 +0000">&lt;p&gt;Okay, I understand that the current situation can be confusing.&lt;/p&gt;

&lt;p&gt;The release has deliberately not be published to Maven central because breaking changes cannot be excluded until the final release. Having multiple binary incompatible versions in central with the same group and artifact IDs is very problematic.&lt;/p&gt;

&lt;p&gt;OTOH, the &lt;em&gt;Dependency Information&lt;/em&gt; page you are referring to is automatically generated. I guess, it is possible to override it temporarily, but do you think a corresponding note on the main page would be sufficient?&lt;/p&gt;</comment>
                            <comment id="15210894" author="oliver.heger@t-online.de" created="Thu, 24 Mar 2016 20:23:41 +0000">&lt;p&gt;This issue should be fixed now with the availability of Commons Configuration 2.0 final.&lt;/p&gt;</comment>
                    </comments>
                    <attachments>
                    </attachments>
                <subtasks>
                    </subtasks>
                <customfields>
                                                                                                                                                                                                                                                                                                                                                                                                                                                                                                                                                                                                                                                                                                                    <customfield id="customfield_12314020" key="com.atlassian.jira.plugins.jira-development-integration-plugin:devsummary">
                        <customfieldname>Development</customfieldname>
                        <customfieldvalues>
                            
                        </customfieldvalues>
                    </customfield>
                                                                                                                        <customfield id="customfield_12313422" key="com.atlassian.jirafisheyeplugin:jobcheckbox">
                        <customfieldname>Enable Automatic Patch Review</customfieldname>
                        <customfieldvalues>
                            <customfieldvalue>false</customfieldvalue>

                        </customfieldvalues>
                    </customfield>
                                                                                                                                                                                                                                                                                                                                                                                                                                                                                                                                                                                                                                                <customfield id="customfield_12310420" key="com.pyxis.greenhopper.jira:gh-global-rank">
                        <customfieldname>Global Rank</customfieldname>
                        <customfieldvalues>
                            <customfieldvalue>9223372036854775807</customfieldvalue>
                        </customfieldvalues>
                    </customfield>
                                                                                                                                                                                                                                                                                                                                                                                                                                                                        <customfield id="customfield_12311820" key="com.pyxis.greenhopper.jira:gh-lexo-rank">
                        <customfieldname>Rank</customfieldname>
                        <customfieldvalues>
                            <customfieldvalue>0|i2islj:</customfieldvalue>

                        </customfieldvalues>
                    </customfield>
                                                                <customfield id="customfield_12310920" key="com.pyxis.greenhopper.jira:gh-global-rank">
                        <customfieldname>Rank (Obsolete)</customfieldname>
                        <customfieldvalues>
                            <customfieldvalue>9223372036854775807</customfieldvalue>
                        </customfieldvalues>
                    </customfield>
                                                                                                                                                                                                                                                                                                                                                                                                                                                                                                                                                                                                                                                                                                                                                                                            </customfields>
    </item>


</channel>
</rss>