<rss version="0.92">
    <channel>
        <title>ASF JIRA</title>
        <link>https://issues.apache.org/jira/issues/?jql=project+%3D+CONFIGURATION+and+type+%3D+bug+and+%28status+%3D+RESOLVED+or+status+%3D+closed%29+and+resolution+%3D+Fixed+and+fixVersion+%21%3D+None++and+affectedVersion+%21%3D+None++and+affectedVersion+%21%3D+%22Nightly+Build%22</link>
        <description>An XML representation of a search request</description>
                <language>en-uk</language>
                        <issue start="0" end="213" total="213" />
                <build-info>
            <version>8.20.1</version>
            <build-number>820001</build-number>
            <build-date>28-10-2021</build-date>
        </build-info>

<item>
            <title>[CONFIGURATION-37] [configuration] DOMConfiguration can't replace DOM4JConfiguration</title>
                <link>https://issues.apache.org/jira/browse/CONFIGURATION-37</link>
                <project id="12310467" key="CONFIGURATION">Commons Configuration</project>
                    <description>&lt;p&gt;I tried to replace DOM4JConfiguration in the ConfigurationFactory with&lt;br/&gt;
DOMConfiguration:&lt;/p&gt;

&lt;p&gt;@@ -281,7 +281,7 @@&lt;br/&gt;
         setupDigesterInstance(&lt;br/&gt;
             digester,&lt;br/&gt;
             matchString + "dom4j",&lt;/p&gt;
&lt;ul class="alternate" type="square"&gt;
	&lt;li&gt;new BasePathConfigurationFactory(DOM4JConfiguration.class),&lt;br/&gt;
+            new BasePathConfigurationFactory(DOMConfiguration.class),&lt;br/&gt;
             METH_LOAD,&lt;br/&gt;
             additional);&lt;br/&gt;
         setupDigesterInstance(&lt;/li&gt;
&lt;/ul&gt;


&lt;p&gt;But one test breaks in TestConfigurationFactory:&lt;/p&gt;

&lt;p&gt;Testcase:&lt;br/&gt;
testAllConfiguration(org.apache.commons.configuration.TestConfigurationFactory):	Caused&lt;br/&gt;
an ERROR&lt;br/&gt;
SAX Exception caught&lt;br/&gt;
org.apache.commons.configuration.ConfigurationException: SAX Exception caught&lt;br/&gt;
	at&lt;br/&gt;
org.apache.commons.configuration.ConfigurationFactory.getConfiguration(ConfigurationFactory.java:164)&lt;br/&gt;
	at&lt;br/&gt;
org.apache.commons.configuration.TestConfigurationFactory.testAllConfiguration(TestConfigurationFactory.java:229)&lt;br/&gt;
	at sun.reflect.NativeMethodAccessorImpl.invoke0(Native Method)&lt;br/&gt;
	at sun.reflect.NativeMethodAccessorImpl.invoke(NativeMethodAccessorImpl.java:39)&lt;br/&gt;
	at&lt;br/&gt;
sun.reflect.DelegatingMethodAccessorImpl.invoke(DelegatingMethodAccessorImpl.java:25)&lt;br/&gt;
Caused by: org.apache.commons.configuration.ConfigurationException: Could not&lt;br/&gt;
load from&lt;br/&gt;
D:\dev\apache\jakarta-commons\configuration\&lt;a href="file:D:devapachejakarta-commonsconfigurationconftestDigesterConfiguration3.xmltest.xml" class="external-link" target="_blank" rel="nofollow noopener"&gt;file:\D:\dev\apache\jakarta-commons\configuration\conf\testDigesterConfiguration3.xml\test.xml&lt;/a&gt;&lt;br/&gt;
	at org.apache.commons.digester.Digester.createSAXException(Digester.java:2540)&lt;br/&gt;
	at org.apache.commons.digester.Digester.createSAXException(Digester.java:2566)&lt;br/&gt;
	at org.apache.commons.digester.Digester.endElement(Digester.java:1061)&lt;br/&gt;
	at org.apache.xerces.parsers.AbstractSAXParser.endElement(Unknown Source)&lt;br/&gt;
	at org.apache.xerces.parsers.AbstractXMLDocumentParser.emptyElement(Unknown Source)&lt;br/&gt;
	at&lt;br/&gt;
org.apache.xerces.impl.XMLDocumentFragmentScannerImpl.scanStartElement(Unknown&lt;br/&gt;
Source)&lt;br/&gt;
	at&lt;br/&gt;
org.apache.xerces.impl.XMLDocumentFragmentScannerImpl$FragmentContentDispatcher.dispatch(Unknown&lt;br/&gt;
Source)&lt;br/&gt;
	at org.apache.xerces.impl.XMLDocumentFragmentScannerImpl.scanDocument(Unknown&lt;br/&gt;
Source)&lt;br/&gt;
	at org.apache.xerces.parsers.DTDConfiguration.parse(Unknown Source)&lt;br/&gt;
	at org.apache.xerces.parsers.DTDConfiguration.parse(Unknown Source)&lt;br/&gt;
	at org.apache.xerces.parsers.XMLParser.parse(Unknown Source)&lt;br/&gt;
	at org.apache.xerces.parsers.AbstractSAXParser.parse(Unknown Source)&lt;br/&gt;
	at org.apache.commons.digester.Digester.parse(Digester.java:1567)&lt;br/&gt;
	at&lt;br/&gt;
org.apache.commons.configuration.ConfigurationFactory.getConfiguration(ConfigurationFactory.java:158)&lt;br/&gt;
	... 15 more&lt;/p&gt;</description>
                <environment>&lt;p&gt;Operating System: All&lt;br/&gt;
Platform: All&lt;/p&gt;</environment>
        <key id="12341557">CONFIGURATION-37</key>
            <summary>[configuration] DOMConfiguration can't replace DOM4JConfiguration</summary>
                <type id="1" iconUrl="https://issues.apache.org/jira/secure/viewavatar?size=xsmall&amp;avatarId=21133&amp;avatarType=issuetype">Bug</type>
                                            <priority id="3" iconUrl="https://issues.apache.org/jira/images/icons/priorities/major.svg">Major</priority>
                        <status id="6" iconUrl="https://issues.apache.org/jira/images/icons/statuses/closed.png" description="The issue is considered finished, the resolution is correct. Issues which are not closed can be reopened.">Closed</status>
                    <statusCategory id="3" key="done" colorName="green" />
                                    <resolution id="1">Fixed</resolution>
                                        <assignee username="-1">Unassigned</assignee>
                                    <reporter username="ebourg">Emmanuel Bourg</reporter>
                        <labels>
                    </labels>
                <created>Tue, 6 Jul 2004 19:09:14 +0000</created>
                <updated>Sat, 22 Aug 2009 19:36:39 +0000</updated>
                            <resolved>Sat, 22 Aug 2009 19:36:39 +0000</resolved>
                                    <version>Nightly Builds</version>
                                    <fixVersion>1.0</fixVersion>
                                        <due />
                            <votes>0</votes>
                                    <watches>0</watches>
                                                                <comments>
                            <comment id="12406972" author="ebourg" created="Thu, 8 Jul 2004 16:55:18 +0000">&lt;p&gt;Bug fixed, DOMConfiguration wasn't using ConfigurationUtils.getURL to build the&lt;br/&gt;
file path.&lt;/p&gt;</comment>
                    </comments>
                    <attachments>
                    </attachments>
                <subtasks>
                    </subtasks>
                <customfields>
                                                                                                                                                                                                                                                                                                                                                                                                                                                                                                                                                                                                    <customfield id="customfield_10010" key="com.atlassian.jira.plugin.system.customfieldtypes:importid">
                        <customfieldname>Bugzilla Id</customfieldname>
                        <customfieldvalues>
                            <customfieldvalue>29932</customfieldvalue>
                        </customfieldvalues>
                    </customfield>
                                                                                                                                                    <customfield id="customfield_12314020" key="com.atlassian.jira.plugins.jira-development-integration-plugin:devsummary">
                        <customfieldname>Development</customfieldname>
                        <customfieldvalues>
                            
                        </customfieldvalues>
                    </customfield>
                                                                                                                        <customfield id="customfield_12313422" key="com.atlassian.jirafisheyeplugin:jobcheckbox">
                        <customfieldname>Enable Automatic Patch Review</customfieldname>
                        <customfieldvalues>
                            <customfieldvalue>false</customfieldvalue>

                        </customfieldvalues>
                    </customfield>
                                                                                                                                                                                                                                                                                                                                                                                                                                                                                                                                                                                                                                                <customfield id="customfield_12310420" key="com.pyxis.greenhopper.jira:gh-global-rank">
                        <customfieldname>Global Rank</customfieldname>
                        <customfieldvalues>
                            <customfieldvalue>110646</customfieldvalue>
                        </customfieldvalues>
                    </customfield>
                                                                                                                                                                                                                                                                                                                                                                                                                                                                        <customfield id="customfield_12311820" key="com.pyxis.greenhopper.jira:gh-lexo-rank">
                        <customfieldname>Rank</customfieldname>
                        <customfieldvalues>
                            <customfieldvalue>0|i0uphb:</customfieldvalue>

                        </customfieldvalues>
                    </customfield>
                                                                <customfield id="customfield_12310920" key="com.pyxis.greenhopper.jira:gh-global-rank">
                        <customfieldname>Rank (Obsolete)</customfieldname>
                        <customfieldvalues>
                            <customfieldvalue>177269</customfieldvalue>
                        </customfieldvalues>
                    </customfield>
                                                                                                                                                                                                                                                                                                                                                                                                                                                                                                                                                                                                                                                                                                                                                                                            </customfields>
    </item>


</channel>
</rss>